{"textures":{"0":"modelengine:entity/redancientsamurai"},"elements":[{"from":[12.270974,8.116447,5.05],"to":[13.670974,9.416447,10.95],"faces":{"east":{"uv":[4.625,0.0,4.99375,0.08125],"tintindex":0,"rotation":0,"texture":"#0"},"south":{"uv":[4.625,0.0,4.99375,0.08125],"tintindex":0,"rotation":0,"texture":"#0"},"north":{"uv":[4.625,0.0,4.99375,0.08125],"tintindex":0,"rotation":0,"texture":"#0"},"west":{"uv":[4.625,0.0,4.99375,0.08125],"tintindex":0,"rotation":0,"texture":"#0"},"up":{"uv":[4.625,0.0,4.99375,0.08125],"tintindex":0,"rotation":0,"texture":"#0"},"down":{"uv":[4.625,0.0,4.99375,0.08125],"tintindex":0,"rotation":0,"texture":"#0"}},"rotation":{"origin":[12.970974,9.966446,8.0],"angle":22.5,"axis":"z"}},{"from":[7.1256537,1.8251495,5.55],"to":[12.925653,3.7251472,10.45],"faces":{"east":{"uv":[4.625,0.0,4.9875,0.13125],"tintindex":0,"rotation":0,"texture":"#0"},"south":{"uv":[4.625,0.0,4.9875,0.13125],"tintindex":0,"rotation":0,"texture":"#0"},"north":{"uv":[4.625,0.0,4.9875,0.13125],"tintindex":0,"rotation":0,"texture":"#0"},"west":{"uv":[4.625,0.0,4.9875,0.13125],"tintindex":0,"rotation":0,"texture":"#0"},"up":{"uv":[4.625,0.0,4.9875,0.13125],"tintindex":0,"rotation":0,"texture":"#0"},"down":{"uv":[4.625,0.0,4.9875,0.13125],"tintindex":0,"rotation":0,"texture":"#0"}}},{"from":[12.925654,4.8251495,5.05],"to":[14.325654,8.52515,10.95],"faces":{"east":{"uv":[4.625,0.0,4.99375,0.23125],"tintindex":0,"rotation":0,"texture":"#0"},"south":{"uv":[4.625,0.0,4.99375,0.23125],"tintindex":0,"rotation":0,"texture":"#0"},"north":{"uv":[4.625,0.0,4.99375,0.23125],"tintindex":0,"rotation":0,"texture":"#0"},"west":{"uv":[4.625,0.0,4.99375,0.23125],"tintindex":0,"rotation":0,"texture":"#0"},"up":{"uv":[4.625,0.0,4.99375,0.23125],"tintindex":0,"rotation":0,"texture":"#0"},"down":{"uv":[4.625,0.0,4.99375,0.23125],"tintindex":0,"rotation":0,"texture":"#0"}}},{"from":[9.171059,9.402538,5.15],"to":[11.471059,10.702538,10.85],"faces":{"east":{"uv":[4.6875,0.125,5.04375,0.26875],"tintindex":0,"rotation":90,"texture":"#0"},"south":{"uv":[4.6875,0.125,4.76875,0.26875],"tintindex":0,"rotation":90,"texture":"#0"},"north":{"uv":[4.6875,0.125,4.76875,0.26875],"tintindex":0,"rotation":90,"texture":"#0"},"west":{"uv":[4.6875,0.125,5.04375,0.26875],"tintindex":0,"rotation":90,"texture":"#0"},"up":{"uv":[4.6875,0.125,5.04375,0.26875],"tintindex":0,"rotation":90,"texture":"#0"},"down":{"uv":[4.6875,0.125,5.04375,0.26875],"tintindex":0,"rotation":90,"texture":"#0"}},"rotation":{"origin":[9.821059,10.052536,8.0],"angle":-45.0,"axis":"z"}},{"from":[12.036341,-2.7183914,6.05],"to":[14.436341,1.3816109,9.95],"faces":{"east":{"uv":[5.0,5.125,5.24375,5.38125],"tintindex":0,"rotation":0,"texture":"#0"},"south":{"uv":[5.0,5.125,5.24375,5.38125],"tintindex":0,"rotation":0,"texture":"#0"},"north":{"uv":[5.0,5.125,5.15,5.38125],"tintindex":0,"rotation":0,"texture":"#0"},"west":{"uv":[5.0,5.125,5.24375,5.38125],"tintindex":0,"rotation":0,"texture":"#0"},"up":{"uv":[5.0,5.125,5.24375,5.38125],"tintindex":0,"rotation":0,"texture":"#0"},"down":{"uv":[5.0,5.125,5.24375,5.38125],"tintindex":0,"rotation":0,"texture":"#0"}},"rotation":{"origin":[13.7363405,1.5316086,8.0],"angle":-22.5,"axis":"z"}},{"from":[11.327557,1.1251488,9.008147],"to":[12.727557,4.8251495,10.308147],"faces":{"east":{"uv":[4.75,0.0625,4.825,0.29375],"tintindex":0,"rotation":0,"texture":"#0"},"south":{"uv":[4.75,0.0625,4.825,0.29375],"tintindex":0,"rotation":0,"texture":"#0"},"north":{"uv":[4.75,0.0625,4.825,0.29375],"tintindex":0,"rotation":0,"texture":"#0"},"west":{"uv":[4.75,0.0625,4.825,0.29375],"tintindex":0,"rotation":0,"texture":"#0"},"up":{"uv":[4.75,0.0625,4.825,0.29375],"tintindex":0,"rotation":0,"texture":"#0"},"down":{"uv":[4.75,0.0625,4.825,0.29375],"tintindex":0,"rotation":0,"texture":"#0"}},"rotation":{"origin":[12.027557,2.9751472,11.558147],"angle":-45.0,"axis":"y"}},{"from":[12.925654,1.1251488,5.75],"to":[14.325654,4.8251495,10.25],"faces":{"east":{"uv":[5.0,5.125,5.40625,5.46875],"tintindex":0,"rotation":0,"texture":"#0"},"south":{"uv":[9.5,8.4375,9.59375,8.65625],"tintindex":0,"rotation":0,"texture":"#0"},"north":{"uv":[9.5,7.25,9.59375,7.46875],"tintindex":0,"rotation":0,"texture":"#0"},"west":{"uv":[7.4375,8.6875,7.71875,8.90625],"tintindex":0,"rotation":0,"texture":"#0"},"up":{"uv":[3.78125,9.59375,3.6875,9.3125],"tintindex":0,"rotation":0,"texture":"#0"},"down":{"uv":[2.84375,9.375,2.75,9.65625],"tintindex":0,"rotation":0,"texture":"#0"}}},{"from":[8.225654,-2.9748497,5.55],"to":[12.525654,1.7251472,10.45],"faces":{"east":{"uv":[9.3125,12.5,9.58125,12.79375],"tintindex":0,"rotation":0,"texture":"#0"},"south":{"uv":[9.3125,12.5,9.58125,12.79375],"tintindex":0,"rotation":0,"texture":"#0"},"north":{"uv":[9.3125,12.5,9.58125,12.79375],"tintindex":0,"rotation":0,"texture":"#0"},"west":{"uv":[9.3125,12.5,9.58125,12.79375],"tintindex":0,"rotation":0,"texture":"#0"},"up":{"uv":[9.3125,12.5,9.58125,12.79375],"tintindex":0,"rotation":0,"texture":"#0"},"down":{"uv":[9.3125,12.5,9.58125,12.79375],"tintindex":0,"rotation":0,"texture":"#0"}}},{"from":[7.1256537,4.0251503,5.55],"to":[12.925653,5.925148,10.45],"faces":{"east":{"uv":[4.625,0.0,4.9875,0.11875],"tintindex":0,"rotation":0,"texture":"#0"},"south":{"uv":[4.625,0.0,4.9875,0.11875],"tintindex":0,"rotation":0,"texture":"#0"},"north":{"uv":[4.625,0.0,4.9875,0.11875],"tintindex":0,"rotation":0,"texture":"#0"},"west":{"uv":[4.625,0.0,4.9875,0.11875],"tintindex":0,"rotation":0,"texture":"#0"},"up":{"uv":[4.625,0.0,4.9875,0.11875],"tintindex":0,"rotation":0,"texture":"#0"},"down":{"uv":[4.625,0.0,4.9875,0.11875],"tintindex":0,"rotation":0,"texture":"#0"}}},{"from":[8.325654,-2.8748512,5.85],"to":[12.425653,1.6251488,10.15],"faces":{"east":{"uv":[8.375,7.75,8.625,8.03125],"tintindex":0,"rotation":0,"texture":"#0"},"south":{"uv":[8.375,7.75,8.625,8.03125],"tintindex":0,"rotation":0,"texture":"#0"},"north":{"uv":[8.375,7.75,8.625,8.03125],"tintindex":0,"rotation":0,"texture":"#0"},"west":{"uv":[8.375,7.75,8.625,8.03125],"tintindex":0,"rotation":0,"texture":"#0"},"up":{"uv":[8.375,7.75,8.625,8.03125],"tintindex":0,"rotation":0,"texture":"#0"},"down":{"uv":[8.375,7.75,8.625,8.03125],"tintindex":0,"rotation":0,"texture":"#0"}}},{"from":[8.225654,-2.9748497,5.55],"to":[12.525654,1.7251472,10.45],"faces":{"east":{"uv":[9.3125,12.5,9.58125,12.79375],"tintindex":0,"rotation":0,"texture":"#0"},"south":{"uv":[9.3125,12.5,9.58125,12.79375],"tintindex":0,"rotation":0,"texture":"#0"},"north":{"uv":[9.3125,12.5,9.58125,12.79375],"tintindex":0,"rotation":0,"texture":"#0"},"west":{"uv":[9.3125,12.5,9.58125,12.79375],"tintindex":0,"rotation":0,"texture":"#0"},"up":{"uv":[9.3125,12.5,9.58125,12.79375],"tintindex":0,"rotation":0,"texture":"#0"},"down":{"uv":[9.3125,12.5,9.58125,12.79375],"tintindex":0,"rotation":0,"texture":"#0"}}},{"from":[10.528166,8.426193,5.15],"to":[13.828166,9.726192,10.85],"faces":{"east":{"uv":[4.6875,0.125,5.04375,0.33125],"tintindex":0,"rotation":90,"texture":"#0"},"south":{"uv":[4.6875,0.125,4.76875,0.33125],"tintindex":0,"rotation":90,"texture":"#0"},"north":{"uv":[4.6875,0.125,4.76875,0.33125],"tintindex":0,"rotation":90,"texture":"#0"},"west":{"uv":[4.6875,0.125,5.04375,0.33125],"tintindex":0,"rotation":90,"texture":"#0"},"up":{"uv":[4.6875,0.125,5.04375,0.33125],"tintindex":0,"rotation":90,"texture":"#0"},"down":{"uv":[4.6875,0.125,5.04375,0.33125],"tintindex":0,"rotation":90,"texture":"#0"}}},{"from":[7.425654,1.6251488,5.85],"to":[12.625654,6.8251495,10.15],"faces":{"east":{"uv":[8.375,7.75,8.625,8.028125],"tintindex":0,"rotation":0,"texture":"#0"},"south":{"uv":[8.375,7.75,8.625,8.028125],"tintindex":0,"rotation":0,"texture":"#0"},"north":{"uv":[8.375,7.75,8.625,8.028125],"tintindex":0,"rotation":0,"texture":"#0"},"west":{"uv":[8.375,7.75,8.625,8.028125],"tintindex":0,"rotation":0,"texture":"#0"},"up":{"uv":[8.375,7.75,8.625,8.028125],"tintindex":0,"rotation":0,"texture":"#0"},"down":{"uv":[8.375,7.75,8.625,8.028125],"tintindex":0,"rotation":0,