{"textures":{"0":"modelengine:entity/redancientsamurai"},"elements":[{"from":[3.3949118,1.5560684,5.9369974],"to":[8.594912,6.7560654,10.236998],"faces":{"east":{"uv":[8.375,7.75,8.625,8.028125],"tintindex":0,"rotation":0,"texture":"#0"},"south":{"uv":[8.375,7.75,8.625,8.028125],"tintindex":0,"rotation":0,"texture":"#0"},"north":{"uv":[8.375,7.75,8.625,8.028125],"tintindex":0,"rotation":0,"texture":"#0"},"west":{"uv":[8.375,7.75,8.625,8.028125],"tintindex":0,"rotation":0,"texture":"#0"},"up":{"uv":[8.375,7.75,8.625,8.028125],"tintindex":0,"rotation":0,"texture":"#0"},"down":{"uv":[8.375,7.75,8.625,8.028125],"tintindex":0,"rotation":0,"texture":"#0"}}},{"from":[-0.66678905,1.1560669,4.138648],"to":[0.7332115,4.8560677,5.438648],"faces":{"east":{"uv":[4.75,0.0625,4.83125,0.29375],"tintindex":0,"rotation":0,"texture":"#0"},"south":{"uv":[4.75,0.0625,4.83125,0.29375],"tintindex":0,"rotation":0,"texture":"#0"},"north":{"uv":[4.75,0.0625,4.83125,0.29375],"tintindex":0,"rotation":0,"texture":"#0"},"west":{"uv":[4.75,0.0625,4.83125,0.29375],"tintindex":0,"rotation":0,"texture":"#0"},"up":{"uv":[4.75,0.0625,4.83125,0.29375],"tintindex":0,"rotation":0,"texture":"#0"},"down":{"uv":[4.75,0.0625,4.83125,0.29375],"tintindex":0,"rotation":0,"texture":"#0"}},"rotation":{"origin":[0.033210754,3.0060654,8.488647],"angle":-45.0,"axis":"y"}},{"from":[2.1187334,9.386761,5.136997],"to":[3.518733,10.68676,11.036997],"faces":{"east":{"uv":[9.25,3.625,9.625,3.71875],"tintindex":0,"rotation":0,"texture":"#0"},"south":{"uv":[4.625,0.0,4.99375,0.08125],"tintindex":0,"rotation":0,"texture":"#0"},"north":{"uv":[10.5,4.5625,10.59375,4.65625],"tintindex":0,"rotation":0,"texture":"#0"},"west":{"uv":[4.625,0.0,4.99375,0.08125],"tintindex":0,"rotation":0,"texture":"#0"},"up":{"uv":[4.09375,9.5,4.0,9.125],"tintindex":0,"rotation":0,"texture":"#0"},"down":{"uv":[3.34375,9.1875,3.25,9.5625],"tintindex":0,"rotation":0,"texture":"#0"}},"rotation":{"origin":[-0.18126678,10.036758,8.086998],"angle":-22.5,"axis":"z"}},{"from":[2.1924,8.457111,5.136997],"to":[5.4924,9.757111,10.836997],"faces":{"east":{"uv":[9.3125,0.1875,9.65625,0.28125],"tintindex":0,"rotation":0,"texture":"#0"},"south":{"uv":[4.6875,0.125,4.76875,0.33125],"tintindex":0,"rotation":90,"texture":"#0"},"north":{"uv":[4.6875,0.125,4.76875,0.33125],"tintindex":0,"rotation":90,"texture":"#0"},"west":{"uv":[9.3125,0.375,9.65625,0.46875],"tintindex":0,"rotation":0,"texture":"#0"},"up":{"uv":[4.6875,0.125,5.04375,0.26875],"tintindex":0,"rotation":90,"texture":"#0"},"down":{"uv":[3.40625,8.1875,3.1875,8.53125],"tintindex":0,"rotation":0,"texture":"#0"}}},{"from":[3.0949116,3.9560661,5.636997],"to":[8.894912,5.8560677,10.536997],"faces":{"east":{"uv":[4.625,0.0,4.9875,0.11875],"tintindex":0,"rotation":0,"texture":"#0"},"south":{"uv":[4.625,0.0,4.9875,0.11875],"tintindex":0,"rotation":0,"texture":"#0"},"north":{"uv":[4.625,0.0,4.9875,0.11875],"tintindex":0,"rotation":0,"texture":"#0"},"west":{"uv":[4.625,0.0,4.9875,0.11875],"tintindex":0,"rotation":0,"texture":"#0"},"up":{"uv":[4.625,0.0,4.9875,0.11875],"tintindex":0,"rotation":0,"texture":"#0"},"down":{"uv":[4.625,0.0,4.9875,0.11875],"tintindex":0,"rotation":0,"texture":"#0"}}},{"from":[3.194912,-3.0439339,5.636997],"to":[7.494912,1.6560669,10.536997],"faces":{"east":{"uv":[9.3125,12.5,9.58125,12.79375],"tintindex":0,"rotation":0,"texture":"#0"},"south":{"uv":[9.3125,12.5,9.58125,12.79375],"tintindex":0,"rotation":0,"texture":"#0"},"north":{"uv":[9.3125,12.5,9.58125,12.79375],"tintindex":0,"rotation":0,"texture":"#0"},"west":{"uv":[9.3125,12.5,9.58125,12.79375],"tintindex":0,"rotation":0,"texture":"#0"},"up":{"uv":[9.3125,12.5,9.58125,12.79375],"tintindex":0,"rotation":0,"texture":"#0"},"down":{"uv":[9.3125,12.5,9.58125,12.79375],"tintindex":0,"rotation":0,"texture":"#0"}}},{"from":[3.0949116,1.7560654,5.636997],"to":[8.894912,3.656067,10.536997],"faces":{"east":{"uv":[4.625,0.0,4.9875,0.13125],"tintindex":0,"rotation":0,"texture":"#0"},"south":{"uv":[4.625,0.0,4.9875,0.13125],"tintindex":0,"rotation":0,"texture":"#0"},"north":{"uv":[4.625,0.0,4.9875,0.13125],"tintindex":0,"rotation":0,"texture":"#0"},"west":{"uv":[4.625,0.0,4.9875,0.13125],"tintindex":0,"rotation":0,"texture":"#0"},"up":{"uv":[4.625,0.0,4.9875,0.13125],"tintindex":0,"rotation":0,"texture":"#0"},"down":{"uv":[4.625,0.0,4.9875,0.13125],"tintindex":0,"rotation":0,"texture":"#0"}}},{"from":[1.9141512,4.8560677,4.4662867],"to":[3.3141508,8.556068,5.666287],"faces":{"east":{"uv":[4.75,0.0625,4.825,0.29375],"tintindex":0,"rotation":0,"texture":"#0"},"south":{"uv":[4.75,0.0625,4.825,0.29375],"tintindex":0,"rotation":0,"texture":"#0"},"north":{"uv":[4.75,0.0625,4.825,0.29375],"tintindex":0,"rotation":0,"texture":"#0"},"west":{"uv":[4.75,0.0625,4.825,0.29375],"tintindex":0,"rotation":0,"texture":"#0"},"up":{"uv":[4.75,0.0625,4.825,0.29375],"tintindex":0,"rotation":0,"texture":"#0"},"down":{"uv":[4.75,0.0625,4.825,0.29375],"tintindex":0,"rotation":0,"texture":"#0"}},"rotation":{"origin":[2.614151,6.706066,5.066287],"angle":45.0,"axis":"y"}},{"from":[1.694912,4.8560677,5.136997],"to":[3.0949125,8.556068,11.036997],"faces":{"east":{"uv":[0.4375,7.8125,0.8125,8.03125],"tintindex":0,"rotation":0,"texture":"#0"},"south":{"uv":[7.75,9.625,7.84375,9.84375],"tintindex":0,"rotation":0,"texture":"#0"},"north":{"uv":[7.125,9.625,7.21875,9.84375],"tintindex":0,"rotation":0,"texture":"#0"},"west":{"uv":[4.625,0.0,4.99375,0.23125],"tintindex":0,"rotation":0,"texture":"#0"},"up":{"uv":[8.46875,9.5625,8.375,9.1875],"tintindex":0,"rotation":0,"texture":"#0"},"down":{"uv":[4.28125,9.25,4.1875,9.625],"tintindex":0,"rotation":0,"texture":"#0"}}},{"from":[3.0949116,6.3560677,5.636997],"to":[8.894912,8.456066,10.536997],"faces":{"east":{"uv":[1.0,9.125,1.3125,9.25],"tintindex":0,"rotation":0,"texture":"#0"},"south":{"uv":[9.125,4.625,9.4375,4.75],"tintindex":0,"rotation":0,"texture":"#0"},"north":{"uv":[9.125,0.875,9.4375,1.0],"tintindex":0,"rotation":0,"texture":"#0"},"west":{"uv":[9.125,4.4375,9.4375,4.5625],"tintindex":0,"rotation":0,"texture":"#0"},"up":{"uv":[1.5625,0.0,1.925,0.30625],"tintindex":0,"rotation":0,"texture":"#0"},"down":{"uv":[7.3125,6.125,7.0,6.4375],"tintindex":0,"rotation":0,"texture":"#0"}}},{"from":[1.9495058,1.1560669,9.651642],"to":[3.3495064,4.8560677,10.951642],"faces":{"east":{"uv":[4.75,0.0625,4.83125,0.29375],"tintindex":0,"rotation":0,"texture":"#0"},"south":{"uv":[4.75,0.0625,4.83125,0.29375],"tintindex":0,"rotation":0,"texture":"#0"},"north":{"uv":[4.75,0.0625,4.83125,0.29375],"tintindex":0,"rotation":0,"texture":"#0"},"west":{"uv":[4.75,0.0625,4.83125,0.29375],"tintindex":0,"rotation":0,"texture":"#0"},"up":{"uv":[4.75,0.0625,4.83125,0.29375],"tintindex":0,"rotation":0,"texture":"#0"},"down":{"uv":[4.75,0.0625,4.83125,0.29375],"tintindex":0,"rotation":0,"texture":"#0"}},"rotation":{"origin":[2.6495066,3.0060654,10.301641],"angle":45.0,"axis":"y"}},{"from":[1.694912,1.1560669,5.8369975],"to":[3.0949125,4.8560677,10.336998],"faces":{"east":{"uv":[8.6875,7.75,8.96875,7.96875],"tintindex":0,"rotation":0,"texture":"#0"},"south":{"uv":[6.125,9.625,6.21875,9.84375],"tintindex":0,"rotation":0,"texture":"#0"},"north":{"uv":[3.125,9.625,3.21875,9.84375],"tintindex":0,"rotation":0,"texture":"#0"},"west":{"uv":[5.0,5.125,5.40625,5.46875],"tintindex":0,"rotation":0,"texture":"#0"},"up":{"uv":[3.03125,9.65625,2.9375,9.375],"tintindex":0,"rotation":0,"texture":"#0"},"down":{"uv":[4.65625,9.375,4.5625,9.65625],"tintindex":0,"rotation":0,"texture":"#0"}}},{"from":[1.9141512,4.8560677,10.366287],"to":[3.3141508,8.556068,11.566286],"faces":{"east":{"uv":[4.75,0.0625,4.825,0.29375],"tintindex":0,"rotation":0,"texture":"#0"},"south":{"uv":[4.75,0.0625,4.825,0.29375],"tintindex":0,"rotation":0,"texture":"#0"},"north":{"uv":[4.75,0.0625,4.825,0.29375],"tintindex":0,"rotation":0,"texture":"#0"},"west":{"uv":[4.75,0.0625,4.825,0.29375],"tintindex":0,"rotation":0,"texture":"#0"},"up":{"uv":[4.75,0.0625,4.825,0.29375],"tintindex":0,