{"textures":{"0":"modelengine:entity/redancientsamurai"},"elements":[{"from":[0.1404767,9.192921,5.45],"to":[5.040477,11.192921,10.55],"faces":{"east":{"uv":[9.0625,4.9375,9.375,5.0625],"tintindex":0,"rotation":0,"texture":"#0"},"south":{"uv":[9.0625,4.9375,9.375,5.0625],"tintindex":0,"rotation":0,"texture":"#0"},"north":{"uv":[9.0625,4.9375,9.375,5.0625],"tintindex":0,"rotation":0,"texture":"#0"},"west":{"uv":[9.0625,4.9375,9.375,5.0625],"tintindex":0,"rotation":0,"texture":"#0"},"up":{"uv":[9.0625,4.9375,9.375,5.0625],"tintindex":0,"rotation":0,"texture":"#0"},"down":{"uv":[9.0625,4.9375,9.375,5.0625],"tintindex":0,"rotation":0,"texture":"#0"}}}],"display":{"gui":{"rotation":[30,225,0]}}}