{"textures":{"0":"modelengine:entity/redancientsamurai"},"elements":[{"from":[7.6852355,-3.7232656,8.726511],"to":[12.288435,1.0719337,9.17051],"faces":{"east":{"uv":[6.3125,3.625,6.6002,3.9247],"tintindex":0,"rotation":0,"texture":"#0"},"south":{"uv":[6.3125,3.625,6.6002,3.9247],"tintindex":0,"rotation":0,"texture":"#0"},"north":{"uv":[6.3125,3.625,6.6002,3.9247],"tintindex":0,"rotation":180,"texture":"#0"},"west":{"uv":[6.3125,3.625,6.6002,3.9247],"tintindex":0,"rotation":0,"texture":"#0"},"up":{"uv":[6.3125,3.625,6.6002,3.9247],"tintindex":0,"rotation":0,"texture":"#0"},"down":{"uv":[6.3125,3.625,6.6002,3.9247],"tintindex":0,"rotation":0,"texture":"#0"}},"rotation":{"origin":[10.704435,-1.3256664,8.948511],"angle":-22.5,"axis":"y"}},{"from":[7.6852355,0.71673393,7.9273105],"to":[11.508436,5.5119343,8.37131],"faces":{"east":{"uv":[6.3125,3.625,6.55145,3.9247],"tintindex":0,"rotation":0,"texture":"#0"},"south":{"uv":[6.3125,3.625,6.55145,3.9247],"tintindex":0,"rotation":0,"texture":"#0"},"north":{"uv":[6.3125,3.625,6.55145,3.9247],"tintindex":0,"rotation":180,"texture":"#0"},"west":{"uv":[6.3125,3.625,6.55145,3.9247],"tintindex":0,"rotation":0,"texture":"#0"},"up":{"uv":[6.3125,3.625,6.55145,3.9247],"tintindex":0,"rotation":0,"texture":"#0"},"down":{"uv":[6.3125,3.625,6.55145,3.9247],"tintindex":0,"rotation":0,"texture":"#0"}},"rotation":{"origin":[10.704435,3.114334,8.14931],"angle":-22.5,"axis":"y"}},{"from":[7.6852355,3.2031345,7.3945103],"to":[11.556435,7.998335,7.8385105],"faces":{"east":{"uv":[6.3125,3.625,6.55445,3.9247],"tintindex":0,"rotation":0,"texture":"#0"},"south":{"uv":[6.3125,3.625,6.55445,3.9247],"tintindex":0,"rotation":0,"texture":"#0"},"north":{"uv":[6.3125,3.625,6.55445,3.9247],"tintindex":0,"rotation":180,"texture":"#0"},"west":{"uv":[6.3125,3.625,6.55445,3.9247],"tintindex":0,"rotation":0,"texture":"#0"},"up":{"uv":[6.3125,3.625,6.55445,3.9247],"tintindex":0,"rotation":0,"texture":"#0"},"down":{"uv":[6.3125,3.625,6.55445,3.9247],"tintindex":0,"rotation":0,"texture":"#0"}},"rotation":{"origin":[10.704435,5.6007347,7.6165104],"angle":-22.5,"axis":"y"}},{"from":[3.8244357,3.2031345,7.3945103],"to":[8.306835,7.998335,7.8385105],"faces":{"east":{"uv":[6.3125,3.625,6.59265,3.9247],"tintindex":0,"rotation":0,"texture":"#0"},"south":{"uv":[6.3125,3.625,6.59265,3.9247],"tintindex":0,"rotation":0,"texture":"#0"},"north":{"uv":[6.3125,3.625,6.59265,3.9247],"tintindex":0,"rotation":180,"texture":"#0"},"west":{"uv":[6.3125,3.625,6.59265,3.9247],"tintindex":0,"rotation":0,"texture":"#0"},"up":{"uv":[6.3125,3.625,6.59265,3.9247],"tintindex":0,"rotation":0,"texture":"#0"},"down":{"uv":[6.3125,3.625,6.59265,3.9247],"tintindex":0,"rotation":0,"texture":"#0"}},"rotation":{"origin":[5.3764353,5.6007347,7.6165104],"angle":22.5,"axis":"y"}},{"from":[7.6852355,-1.414465,8.37131],"to":[12.350836,3.3807335,8.8153105],"faces":{"east":{"uv":[6.3125,3.625,6.6041,3.9247],"tintindex":0,"rotation":0,"texture":"#0"},"south":{"uv":[6.3125,3.625,6.6041,3.9247],"tintindex":0,"rotation":0,"texture":"#0"},"north":{"uv":[6.3125,3.625,6.6041,3.9247],"tintindex":0,"rotation":180,"texture":"#0"},"west":{"uv":[6.3125,3.625,6.6041,3.9247],"tintindex":0,"rotation":0,"texture":"#0"},"up":{"uv":[6.3125,3.625,6.6041,3.9247],"tintindex":0,"rotation":0,"texture":"#0"},"down":{"uv":[6.3125,3.625,6.6041,3.9247],"tintindex":0,"rotation":0,"texture":"#0"}},"rotation":{"origin":[10.704435,0.9831333,8.59331],"angle":-22.5,"axis":"y"}},{"from":[4.0500355,-1.414465,8.37131],"to":[8.306835,3.3807335,8.8153105],"faces":{"east":{"uv":[6.3125,3.625,6.57855,3.9247],"tintindex":0,"rotation":0,"texture":"#0"},"south":{"uv":[6.3125,3.625,6.57855,3.9247],"tintindex":0,"rotation":0,"texture":"#0"},"north":{"uv":[6.3125,3.625,6.57855,3.9247],"tintindex":0,"rotation":180,"texture":"#0"},"west":{"uv":[6.3125,3.625,6.57855,3.9247],"tintindex":0,"rotation":0,"texture":"#0"},"up":{"uv":[6.3125,3.625,6.57855,3.9247],"tintindex":0,"rotation":0,"texture":"#0"},"down":{"uv":[6.3125,3.625,6.57855,3.9247],"tintindex":0,"rotation":0,"texture":"#0"}},"rotation":{"origin":[5.3764353,0.9831333,8.59331],"angle":22.5,"axis":"y"}},{"from":[4.232435,-3.7232656,8.726511],"to":[8.306835,1.0719337,9.17051],"faces":{"east":{"uv":[6.3125,3.625,6.56715,3.9247],"tintindex":0,"rotation":0,"texture":"#0"},"south":{"uv":[6.3125,3.625,6.56715,3.9247],"tintindex":0,"rotation":0,"texture":"#0"},"north":{"uv":[6.3125,3.625,6.56715,3.9247],"tintindex":0,"rotation":180,"texture":"#0"},"west":{"uv":[6.3125,3.625,6.56715,3.9247],"tintindex":0,"rotation":0,"texture":"#0"},"up":{"uv":[6.3125,3.625,6.56715,3.9247],"tintindex":0,"rotation":0,"texture":"#0"},"down":{"uv":[6.3125,3.625,6.56715,3.9247],"tintindex":0,"rotation":0,"texture":"#0"}},"rotation":{"origin":[5.3764353,-1.3256664,8.948511],"angle":22.5,"axis":"y"}},{"from":[3.9924355,0.71673393,7.9273105],"to":[8.306835,5.5119343,8.37131],"faces":{"east":{"uv":[6.3125,3.625,6.58215,3.9247],"tintindex":0,"rotation":0,"texture":"#0"},"south":{"uv":[6.3125,3.625,6.58215,3.9247],"tintindex":0,"rotation":0,"texture":"#0"},"north":{"uv":[6.3125,3.625,6.58215,3.9247],"tintindex":0,"rotation":180,"texture":"#0"},"west":{"uv":[6.3125,3.625,6.58215,3.9247],"tintindex":0,"rotation":0,"texture":"#0"},"up":{"uv":[6.3125,3.625,6.58215,3.9247],"tintindex":0,"rotation":0,"texture":"#0"},"down":{"uv":[6.3125,3.625,6.58215,3.9247],"tintindex":0,"rotation":0,"texture":"#0"}},"rotation":{"origin":[5.3764353,3.114334,8.14931],"angle":22.5,"axis":"y"}}],"display":{"gui":{"rotation":[30,225,0]}}}