{"textures":{"0":"modelengine:entity/redancientsamurai"},"elements":[{"from":[2.8200002,5.6681385,6.5810995],"to":[8.222,9.664139,6.9510994],"faces":{"east":{"uv":[2.0625,10.4375,2.09375,10.6875],"tintindex":0,"rotation":0,"texture":"#0"},"south":{"uv":[7.4375,4.375,7.78125,4.625],"tintindex":0,"rotation":0,"texture":"#0"},"north":{"uv":[4.875,4.25,5.28125,4.59375],"tintindex":0,"rotation":0,"texture":"#0"},"west":{"uv":[3.4375,10.5,3.46875,10.75],"tintindex":0,"rotation":0,"texture":"#0"},"up":{"uv":[10.28125,8.40625,9.9375,8.375],"tintindex":0,"rotation":0,"texture":"#0"},"down":{"uv":[7.59375,10.0,7.25,10.03125],"tintindex":0,"rotation":0,"texture":"#0"}},"rotation":{"origin":[5.7799997,7.6661396,6.7660995],"angle":22.5,"axis":"y"}},{"from":[3.1599998,-0.103860855,7.691099],"to":[8.222,3.8921394,8.0611],"faces":{"east":{"uv":[10.5,8.625,10.53125,8.875],"tintindex":0,"rotation":0,"texture":"#0"},"south":{"uv":[8.0625,2.0,8.375,2.25],"tintindex":0,"rotation":0,"texture":"#0"},"north":{"uv":[5.0,3.5625,5.40625,3.90625],"tintindex":0,"rotation":0,"texture":"#0"},"west":{"uv":[10.5,9.75,10.53125,10.0],"tintindex":0,"rotation":0,"texture":"#0"},"up":{"uv":[0.3125,10.34375,0.0,10.3125],"tintindex":0,"rotation":0,"texture":"#0"},"down":{"uv":[0.6875,10.3125,0.375,10.34375],"tintindex":0,"rotation":0,"texture":"#0"}},"rotation":{"origin":[5.7799997,1.8941383,7.8760996],"angle":22.5,"axis":"y"}},{"from":[7.704,1.8201389,7.3950996],"to":[13.092,5.816139,7.7650995],"faces":{"east":{"uv":[1.6875,10.5625,1.71875,10.8125],"tintindex":0,"rotation":0,"texture":"#0"},"south":{"uv":[7.625,2.0,7.96875,2.25],"tintindex":0,"rotation":0,"texture":"#0"},"north":{"uv":[5.8125,2.8125,6.1875,3.15625],"tintindex":0,"rotation":0,"texture":"#0"},"west":{"uv":[1.8125,10.5625,1.84375,10.8125],"tintindex":0,"rotation":0,"texture":"#0"},"up":{"uv":[10.46875,1.09375,10.125,1.0625],"tintindex":0,"rotation":0,"texture":"#0"},"down":{"uv":[10.46875,1.1875,10.125,1.21875],"tintindex":0,"rotation":0,"texture":"#0"}},"rotation":{"origin":[10.22,3.8181381,7.5800996],"angle":-22.5,"axis":"y"}},{"from":[7.704,-0.103860855,7.691099],"to":[13.04,3.8921394,8.0611],"faces":{"east":{"uv":[1.9375,10.5625,1.96875,10.8125],"tintindex":0,"rotation":0,"texture":"#0"},"south":{"uv":[7.625,7.4375,7.96875,7.6875],"tintindex":0,"rotation":0,"texture":"#0"},"north":{"uv":[1.5,5.0625,1.90625,5.40625],"tintindex":0,"rotation":0,"texture":"#0"},"west":{"uv":[2.5,10.5625,2.53125,10.8125],"tintindex":0,"rotation":0,"texture":"#0"},"up":{"uv":[10.46875,1.34375,10.125,1.3125],"tintindex":0,"rotation":0,"texture":"#0"},"down":{"uv":[10.46875,1.4375,10.125,1.46875],"tintindex":0,"rotation":0,"texture":"#0"}},"rotation":{"origin":[10.22,1.8941383,7.8760996],"angle":-22.5,"axis":"y"}},{"from":[7.704,5.6681385,6.5810995],"to":[13.18,9.664139,6.9510994],"faces":{"east":{"uv":[10.4375,10.5,10.46875,10.75],"tintindex":0,"rotation":0,"texture":"#0"},"south":{"uv":[7.5625,0.375,7.90625,0.625],"tintindex":0,"rotation":0,"texture":"#0"},"north":{"uv":[5.0,5.125,5.40625,5.46875],"tintindex":0,"rotation":0,"texture":"#0"},"west":{"uv":[10.5625,1.0,10.59375,1.25],"tintindex":0,"rotation":0,"texture":"#0"},"up":{"uv":[9.40625,10.09375,9.0625,10.0625],"tintindex":0,"rotation":0,"texture":"#0"},"down":{"uv":[10.40625,9.75,10.0625,9.78125],"tintindex":0,"rotation":0,"texture":"#0"}},"rotation":{"origin":[10.22,7.6661396,6.7660995],"angle":-22.5,"axis":"y"}},{"from":[7.704,3.596138,7.0250998],"to":[13.139999,7.5921383,7.3950996],"faces":{"east":{"uv":[10.5625,1.3125,10.59375,1.5625],"tintindex":0,"rotation":0,"texture":"#0"},"south":{"uv":[7.5625,5.0,7.90625,5.25],"tintindex":0,"rotation":0,"texture":"#0"},"north":{"uv":[5.8125,2.8125,6.1875,3.15625],"tintindex":0,"rotation":0,"texture":"#0"},"west":{"uv":[10.5625,1.625,10.59375,1.875],"tintindex":0,"rotation":0,"texture":"#0"},"up":{"uv":[10.40625,9.90625,10.0625,9.875],"tintindex":0,"rotation":0,"texture":"#0"},"down":{"uv":[10.40625,10.0,10.0625,10.03125],"tintindex":0,"rotation":0,"texture":"#0"}},"rotation":{"origin":[10.22,5.594139,7.210099],"angle":-22.5,"axis":"y"}},{"from":[3.008,1.8201389,7.3950996],"to":[8.222,5.816139,7.7650995],"faces":{"east":{"uv":[10.5,7.6875,10.53125,7.9375],"tintindex":0,"rotation":0,"texture":"#0"},"south":{"uv":[7.8125,6.1875,8.125,6.4375],"tintindex":0,"rotation":0,"texture":"#0"},"north":{"uv":[5.6875,0.0,6.0625,0.34375],"tintindex":0,"rotation":0,"texture":"#0"},"west":{"uv":[10.5,8.0,10.53125,8.25],"tintindex":0,"rotation":0,"texture":"#0"},"up":{"uv":[10.0,10.28125,9.6875,10.25],"tintindex":0,"rotation":0,"texture":"#0"},"down":{"uv":[10.375,10.25,10.0625,10.28125],"tintindex":0,"rotation":0,"texture":"#0"}},"rotation":{"origin":[5.7799997,3.8181381,7.5800996],"angle":22.5,"axis":"y"}},{"from":[2.96,3.596138,7.0250998],"to":[8.222,7.5921383,7.3950996],"faces":{"east":{"uv":[4.0,10.5,4.03125,10.75],"tintindex":0,"rotation":0,"texture":"#0"},"south":{"uv":[4.5,7.5,4.84375,7.75],"tintindex":0,"rotation":0,"texture":"#0"},"north":{"uv":[5.6875,0.0,6.0625,0.34375],"tintindex":0,"rotation":0,"texture":"#0"},"west":{"uv":[4.4375,10.5,4.46875,10.75],"tintindex":0,"rotation":0,"texture":"#0"},"up":{"uv":[8.53125,10.03125,8.1875,10.0],"tintindex":0,"rotation":0,"texture":"#0"},"down":{"uv":[8.96875,10.0,8.625,10.03125],"tintindex":0,"rotation":0,"texture":"#0"}},"rotation":{"origin":[5.7799997,5.594139,7.210099],"angle":22.5,"axis":"y"}}],"display":{"gui":{"rotation":[30,225,0]}}}