{"textures":{"0":"modelengine:entity/redancientsamurai"},"elements":[{"from":[5.424999,-0.8766155,7.0023317],"to":[10.724999,7.523385,12.302332],"faces":{"east":{"uv":[11.9375,6.375,12.21875,6.90625],"tintindex":0,"rotation":0,"texture":"#0"},"south":{"uv":[11.9375,6.375,12.21875,6.90625],"tintindex":0,"rotation":0,"texture":"#0"},"north":{"uv":[11.9375,6.375,12.21875,6.90625],"tintindex":0,"rotation":0,"texture":"#0"},"west":{"uv":[11.9375,6.375,12.21875,6.90625],"tintindex":0,"rotation":0,"texture":"#0"},"up":{"uv":[11.9375,6.375,12.21875,6.90625],"tintindex":0,"rotation":0,"texture":"#0"},"down":{"uv":[11.9375,6.375,12.21875,6.90625],"tintindex":0,"rotation":0,"texture":"#0"}}},{"from":[5.7250004,-5.5766153,1.8023314],"to":[10.225,-2.5766153,5.602332],"faces":{"east":{"uv":[0.375,3.75,0.65625,3.9375],"tintindex":0,"rotation":0,"texture":"#0"},"south":{"uv":[0.375,3.75,0.65625,3.9375],"tintindex":0,"rotation":0,"texture":"#0"},"north":{"uv":[0.375,3.75,0.65625,3.9375],"tintindex":0,"rotation":0,"texture":"#0"},"west":{"uv":[0.375,3.75,0.65625,3.9375],"tintindex":0,"rotation":0,"texture":"#0"},"up":{"uv":[0.375,3.75,0.65625,3.9375],"tintindex":0,"rotation":0,"texture":"#0"},"down":{"uv":[0.375,3.75,0.65625,3.9375],"tintindex":0,"rotation":0,"texture":"#0"}}},{"from":[5.925,-4.9636965,4.8836775],"to":[10.025,-1.9636965,8.683678],"faces":{"east":{"uv":[0.375,3.75,0.63125,3.9375],"tintindex":0,"rotation":0,"texture":"#0"},"south":{"uv":[0.375,3.75,0.63125,3.9375],"tintindex":0,"rotation":0,"texture":"#0"},"north":{"uv":[0.375,3.75,0.63125,3.9375],"tintindex":0,"rotation":0,"texture":"#0"},"west":{"uv":[0.375,3.75,0.63125,3.9375],"tintindex":0,"rotation":0,"texture":"#0"},"up":{"uv":[0.375,3.75,0.63125,3.9375],"tintindex":0,"rotation":0,"texture":"#0"},"down":{"uv":[0.375,3.75,0.63125,3.9375],"tintindex":0,"rotation":0,"texture":"#0"}},"rotation":{"origin":[11.125,-3.4636965,6.783678],"angle":-22.5,"axis":"x"}},{"from":[5.925,-0.97661495,7.7023315],"to":[10.025,0.12338495,11.602332],"faces":{"east":{"uv":[0.0,9.6875,0.25,9.75],"tintindex":0,"rotation":0,"texture":"#0"},"south":{"uv":[0.3125,9.6875,0.5625,9.75],"tintindex":0,"rotation":0,"texture":"#0"},"north":{"uv":[9.625,1.3125,9.875,1.375],"tintindex":0,"rotation":0,"texture":"#0"},"west":{"uv":[9.6875,1.4375,9.9375,1.5],"tintindex":0,"rotation":0,"texture":"#0"},"up":{"uv":[8.9375,6.875,8.6875,6.625],"tintindex":0,"rotation":0,"texture":"#0"},"down":{"uv":[7.0,8.6875,6.75,8.9375],"tintindex":0,"rotation":0,"texture":"#0"}}},{"from":[5.7250004,-5.6766148,7.402332],"to":[10.225,-0.8766155,11.902332],"faces":{"east":{"uv":[0.375,3.75,0.65625,4.04375],"tintindex":0,"rotation":0,"texture":"#0"},"south":{"uv":[0.375,3.75,0.65625,4.04375],"tintindex":0,"rotation":0,"texture":"#0"},"north":{"uv":[0.375,3.75,0.65625,4.04375],"tintindex":0,"rotation":0,"texture":"#0"},"west":{"uv":[0.375,3.75,0.65625,4.04375],"tintindex":0,"rotation":0,"texture":"#0"},"up":{"uv":[0.375,3.75,0.65625,4.04375],"tintindex":0,"rotation":0,"texture":"#0"},"down":{"uv":[0.375,3.75,0.65625,4.04375],"tintindex":0,"rotation":0,"texture":"#0"}}},{"from":[5.625,-0.8766155,7.302332],"to":[10.525,7.523385,12.002332],"faces":{"east":{"uv":[5.625,5.3125,5.90625,5.84375],"tintindex":0,"rotation":0,"texture":"#0"},"south":{"uv":[5.625,5.3125,5.90625,5.84375],"tintindex":0,"rotation":0,"texture":"#0"},"north":{"uv":[5.625,5.3125,5.90625,5.84375],"tintindex":0,"rotation":0,"texture":"#0"},"west":{"uv":[5.625,5.3125,5.90625,5.84375],"tintindex":0,"rotation":0,"texture":"#0"},"up":{"uv":[5.625,5.3125,5.90625,5.84375],"tintindex":0,"rotation":0,"texture":"#0"},"down":{"uv":[5.625,5.3125,5.90625,5.84375],"tintindex":0,"rotation":0,"texture":"#0"}}},{"from":[5.7250004,0.12338495,7.402332],"to":[10.225,7.523385,11.902332],"faces":{"east":{"uv":[12.6875,9.71875,12.96875,10.1875],"tintindex":0,"rotation":0,"texture":"#0"},"south":{"uv":[12.6875,9.71875,12.96875,10.1875],"tintindex":0,"rotation":0,"texture":"#0"},"north":{"uv":[12.6875,9.71875,12.96875,10.1875],"tintindex":0,"rotation":0,"texture":"#0"},"west":{"uv":[12.6875,9.71875,12.96875,10.1875],"tintindex":0,"rotation":0,"texture":"#0"},"up":{"uv":[12.6875,9.71875,12.96875,10.1875],"tintindex":0,"rotation":0,"texture":"#0"},"down":{"uv":[12.6875,9.71875,12.96875,10.1875],"tintindex":0,"rotation":0,"texture":"#0"}}},{"from":[5.5249996,-5.5766153,5.602332],"to":[10.425,-2.5766153,11.302332],"faces":{"east":{"uv":[0.375,3.75,0.68125,3.9375],"tintindex":0,"rotation":0,"texture":"#0"},"south":{"uv":[8.75,4.4375,9.0625,4.625],"tintindex":0,"rotation":0,"texture":"#0"},"north":{"uv":[1.125,6.0625,1.4375,6.25],"tintindex":0,"rotation":0,"texture":"#0"},"west":{"uv":[0.375,3.75,0.68125,3.9375],"tintindex":0,"rotation":0,"texture":"#0"},"up":{"uv":[6.9375,6.53125,6.625,6.1875],"tintindex":0,"rotation":0,"texture":"#0"},"down":{"uv":[0.375,3.75,0.68125,3.9375],"tintindex":0,"rotation":0,"texture":"#0"}}}],"display":{"gui":{"rotation":[30,225,0]}}}