{"textures":{"0":"modelengine:entity/redancientsamurai"},"elements":[{"from":[7.704,5.6681385,6.5810995],"to":[11.38,9.664139,6.9510994],"faces":{"east":{"uv":[4.875,4.25,4.92125,4.7495],"tintindex":0,"rotation":0,"texture":"#0"},"south":{"uv":[4.625,0.0,5.09375,0.34375],"tintindex":0,"rotation":0,"texture":"#0"},"north":{"uv":[5.0,5.125,5.22975,5.37475],"tintindex":0,"rotation":0,"texture":"#0"},"west":{"uv":[5.0,5.125,5.22975,5.37475],"tintindex":0,"rotation":0,"texture":"#0"},"up":{"uv":[5.0,5.125,5.22975,5.37475],"tintindex":0,"rotation":0,"texture":"#0"},"down":{"uv":[5.0,5.125,5.22975,5.37475],"tintindex":0,"rotation":0,"texture":"#0"}},"rotation":{"origin":[10.22,7.6661396,6.7660995],"angle":-22.5,"axis":"y"}},{"from":[2.8200002,5.6681385,6.5810995],"to":[8.222,9.664139,6.9510994],"faces":{"east":{"uv":[4.875,4.25,5.28125,4.59375],"tintindex":0,"rotation":0,"texture":"#0"},"south":{"uv":[4.625,0.0,5.09375,0.34375],"tintindex":0,"rotation":0,"texture":"#0"},"north":{"uv":[4.875,4.25,5.28125,4.59375],"tintindex":0,"rotation":0,"texture":"#0"},"west":{"uv":[4.875,4.25,4.92125,4.7495],"tintindex":0,"rotation":0,"texture":"#0"},"up":{"uv":[4.875,4.25,5.28125,4.59375],"tintindex":0,"rotation":0,"texture":"#0"},"down":{"uv":[4.875,4.25,5.28125,4.59375],"tintindex":0,"rotation":0,"texture":"#0"}},"rotation":{"origin":[5.78,7.6661396,6.7660995],"angle":22.5,"axis":"y"}},{"from":[3.008,1.8201389,7.3950996],"to":[8.222,5.816139,7.7650995],"faces":{"east":{"uv":[5.6875,0.0,6.0625,0.34375],"tintindex":0,"rotation":0,"texture":"#0"},"south":{"uv":[4.625,0.0,5.09375,0.34375],"tintindex":0,"rotation":0,"texture":"#0"},"north":{"uv":[5.6875,0.0,6.0625,0.34375],"tintindex":0,"rotation":0,"texture":"#0"},"west":{"uv":[4.875,4.25,4.92125,4.7495],"tintindex":0,"rotation":0,"texture":"#0"},"up":{"uv":[5.6875,0.0,6.0625,0.34375],"tintindex":0,"rotation":0,"texture":"#0"},"down":{"uv":[5.6875,0.0,6.0625,0.34375],"tintindex":0,"rotation":0,"texture":"#0"}},"rotation":{"origin":[5.78,3.8181381,7.5800996],"angle":22.5,"axis":"y"}},{"from":[7.704,-0.103860855,7.6910996],"to":[11.24,3.8921394,8.0611],"faces":{"east":{"uv":[4.875,4.25,4.92125,4.7495],"tintindex":0,"rotation":0,"texture":"#0"},"south":{"uv":[4.625,0.0,5.09375,0.34375],"tintindex":0,"rotation":0,"texture":"#0"},"north":{"uv":[1.5,5.0625,1.90625,5.40625],"tintindex":0,"rotation":0,"texture":"#0"},"west":{"uv":[1.5,5.0625,1.90625,5.40625],"tintindex":0,"rotation":0,"texture":"#0"},"up":{"uv":[1.5,5.0625,1.90625,5.40625],"tintindex":0,"rotation":0,"texture":"#0"},"down":{"uv":[1.5,5.0625,1.90625,5.40625],"tintindex":0,"rotation":0,"texture":"#0"}},"rotation":{"origin":[10.22,1.8941383,7.8760996],"angle":-22.5,"axis":"y"}},{"from":[3.1599998,-0.103860855,7.6910996],"to":[8.222,3.8921394,8.0611],"faces":{"east":{"uv":[1.5,5.0625,1.90625,5.40625],"tintindex":0,"rotation":0,"texture":"#0"},"south":{"uv":[4.625,0.0,5.09375,0.34375],"tintindex":0,"rotation":0,"texture":"#0"},"north":{"uv":[1.5,5.0625,1.90625,5.40625],"tintindex":0,"rotation":0,"texture":"#0"},"west":{"uv":[1.5,5.0625,1.54625,5.562],"tintindex":0,"rotation":0,"texture":"#0"},"up":{"uv":[1.5,5.0625,1.90625,5.40625],"tintindex":0,"rotation":0,"texture":"#0"},"down":{"uv":[1.5,5.0625,1.90625,5.40625],"tintindex":0,"rotation":0,"texture":"#0"}},"rotation":{"origin":[5.78,1.8941383,7.8760996],"angle":22.5,"axis":"y"}},{"from":[2.96,3.596138,7.0250998],"to":[8.222,7.5921383,7.3950996],"faces":{"east":{"uv":[5.6875,0.0,6.0625,0.34375],"tintindex":0,"rotation":0,"texture":"#0"},"south":{"uv":[4.625,0.0,5.09375,0.34375],"tintindex":0,"rotation":0,"texture":"#0"},"north":{"uv":[5.6875,0.0,6.0625,0.34375],"tintindex":0,"rotation":0,"texture":"#0"},"west":{"uv":[4.875,4.25,4.92125,4.7495],"tintindex":0,"rotation":0,"texture":"#0"},"up":{"uv":[5.6875,0.0,6.0625,0.34375],"tintindex":0,"rotation":0,"texture":"#0"},"down":{"uv":[5.6875,0.0,6.0625,0.34375],"tintindex":0,"rotation":0,"texture":"#0"}},"rotation":{"origin":[5.78,5.594139,7.210099],"angle":22.5,"axis":"y"}},{"from":[7.704,3.596138,7.0250998],"to":[11.34,7.5921383,7.3950996],"faces":{"east":{"uv":[4.875,4.25,4.92125,4.7495],"tintindex":0,"rotation":0,"texture":"#0"},"south":{"uv":[4.625,0.0,5.09375,0.34375],"tintindex":0,"rotation":0,"texture":"#0"},"north":{"uv":[5.8125,2.8125,6.1875,3.15625],"tintindex":0,"rotation":0,"texture":"#0"},"west":{"uv":[5.8125,2.8125,6.1875,3.15625],"tintindex":0,"rotation":0,"texture":"#0"},"up":{"uv":[5.8125,2.8125,6.1875,3.15625],"tintindex":0,"rotation":0,"texture":"#0"},"down":{"uv":[5.8125,2.8125,6.1875,3.15625],"tintindex":0,"rotation":0,"texture":"#0"}},"rotation":{"origin":[10.22,5.594139,7.210099],"angle":-22.5,"axis":"y"}},{"from":[7.704,1.8201389,7.3950996],"to":[11.292,5.816139,7.7650995],"faces":{"east":{"uv":[4.875,4.25,4.92125,4.7495],"tintindex":0,"rotation":0,"texture":"#0"},"south":{"uv":[4.625,0.0,5.09375,0.34375],"tintindex":0,"rotation":0,"texture":"#0"},"north":{"uv":[5.8125,2.8125,6.1875,3.15625],"tintindex":0,"rotation":0,"texture":"#0"},"west":{"uv":[5.8125,2.8125,6.1875,3.15625],"tintindex":0,"rotation":0,"texture":"#0"},"up":{"uv":[5.8125,2.8125,6.1875,3.15625],"tintindex":0,"rotation":0,"texture":"#0"},"down":{"uv":[5.8125,2.8125,6.1875,3.15625],"tintindex":0,"rotation":0,"texture":"#0"}},"rotation":{"origin":[10.22,3.8181381,7.5800996],"angle":-22.5,"axis":"y"}}],"display":{"gui":{"rotation":[30,225,0]}}}