{"textures":{"0":"modelengine:entity/redancientsamurai"},"elements":[{"from":[2.96,2.1867752,7.975727],"to":[8.222,6.1827755,8.345727],"faces":{"east":{"uv":[5.8125,2.8125,6.1875,3.15625],"tintindex":0,"rotation":0,"texture":"#0"},"south":{"uv":[0.0,4.5625,0.46875,4.90625],"tintindex":0,"rotation":0,"texture":"#0"},"north":{"uv":[5.8125,2.8125,6.1875,3.15625],"tintindex":0,"rotation":0,"texture":"#0"},"west":{"uv":[5.8125,2.8125,6.1875,3.15625],"tintindex":0,"rotation":0,"texture":"#0"},"up":{"uv":[5.8125,2.8125,6.1875,3.15625],"tintindex":0,"rotation":0,"texture":"#0"},"down":{"uv":[5.8125,2.8125,6.1875,3.15625],"tintindex":0,"rotation":0,"texture":"#0"}},"rotation":{"origin":[5.7799997,4.1847744,8.160727],"angle":22.5,"axis":"y"}},{"from":[7.704,4.2587757,7.5317273],"to":[14.18,8.254776,7.901727],"faces":{"east":{"uv":[0.0,4.5625,0.46875,4.90625],"tintindex":0,"rotation":0,"texture":"#0"},"south":{"uv":[0.0,4.5625,0.46875,4.90625],"tintindex":0,"rotation":0,"texture":"#0"},"north":{"uv":[0.0,4.5625,0.46875,4.90625],"tintindex":0,"rotation":0,"texture":"#0"},"west":{"uv":[0.0,4.5625,0.46875,4.90625],"tintindex":0,"rotation":0,"texture":"#0"},"up":{"uv":[0.0,4.5625,0.46875,4.90625],"tintindex":0,"rotation":0,"texture":"#0"},"down":{"uv":[0.0,4.5625,0.46875,4.90625],"tintindex":0,"rotation":0,"texture":"#0"}},"rotation":{"origin":[10.22,6.256775,7.7167273],"angle":-22.5,"axis":"y"}},{"from":[7.704,-1.5132256,8.641727],"to":[13.04,2.4827747,9.011727],"faces":{"east":{"uv":[1.5,5.0625,1.90625,5.40625],"tintindex":0,"rotation":0,"texture":"#0"},"south":{"uv":[0.0,4.5625,0.46875,4.90625],"tintindex":0,"rotation":0,"texture":"#0"},"north":{"uv":[1.5,5.0625,1.90625,5.40625],"tintindex":0,"rotation":0,"texture":"#0"},"west":{"uv":[1.5,5.0625,1.90625,5.40625],"tintindex":0,"rotation":0,"texture":"#0"},"up":{"uv":[1.5,5.0625,1.90625,5.40625],"tintindex":0,"rotation":0,"texture":"#0"},"down":{"uv":[1.5,5.0625,1.90625,5.40625],"tintindex":0,"rotation":0,"texture":"#0"}},"rotation":{"origin":[10.22,0.48477554,8.826727],"angle":-22.5,"axis":"y"}},{"from":[3.1599998,-1.5132256,8.641727],"to":[8.222,2.4827747,9.011727],"faces":{"east":{"uv":[5.0,3.5625,5.40625,3.90625],"tintindex":0,"rotation":0,"texture":"#0"},"south":{"uv":[0.0,4.5625,0.46875,4.90625],"tintindex":0,"rotation":0,"texture":"#0"},"north":{"uv":[5.0,3.5625,5.40625,3.90625],"tintindex":0,"rotation":0,"texture":"#0"},"west":{"uv":[5.0,3.5625,5.40625,3.90625],"tintindex":0,"rotation":0,"texture":"#0"},"up":{"uv":[5.0,3.5625,5.40625,3.90625],"tintindex":0,"rotation":0,"texture":"#0"},"down":{"uv":[5.0,3.5625,5.40625,3.90625],"tintindex":0,"rotation":0,"texture":"#0"}},"rotation":{"origin":[5.7799997,0.48477554,8.826727],"angle":22.5,"axis":"y"}},{"from":[7.704,0.41077614,8.345727],"to":[13.092,4.4067745,8.715727],"faces":{"east":{"uv":[5.8125,2.8125,6.1875,3.15625],"tintindex":0,"rotation":0,"texture":"#0"},"south":{"uv":[0.0,4.5625,0.46875,4.90625],"tintindex":0,"rotation":0,"texture":"#0"},"north":{"uv":[5.8125,2.8125,6.1875,3.15625],"tintindex":0,"rotation":0,"texture":"#0"},"west":{"uv":[5.8125,2.8125,6.1875,3.15625],"tintindex":0,"rotation":0,"texture":"#0"},"up":{"uv":[5.8125,2.8125,6.1875,3.15625],"tintindex":0,"rotation":0,"texture":"#0"},"down":{"uv":[5.8125,2.8125,6.1875,3.15625],"tintindex":0,"rotation":0,"texture":"#0"}},"rotation":{"origin":[10.22,2.4087753,8.530727],"angle":-22.5,"axis":"y"}},{"from":[1.8200002,4.2587757,7.5317273],"to":[8.222,8.254776,7.901727],"faces":{"east":{"uv":[4.625,0.0,5.09375,0.34375],"tintindex":0,"rotation":0,"texture":"#0"},"south":{"uv":[0.0,4.5625,0.46875,4.90625],"tintindex":0,"rotation":0,"texture":"#0"},"north":{"uv":[4.625,0.0,5.09375,0.34375],"tintindex":0,"rotation":0,"texture":"#0"},"west":{"uv":[4.625,0.0,5.09375,0.34375],"tintindex":0,"rotation":0,"texture":"#0"},"up":{"uv":[4.625,0.0,5.09375,0.34375],"tintindex":0,"rotation":0,"texture":"#0"},"down":{"uv":[4.625,0.0,5.09375,0.34375],"tintindex":0,"rotation":0,"texture":"#0"}},"rotation":{"origin":[5.7799997,6.256775,7.7167273],"angle":22.5,"axis":"y"}},{"from":[7.704,2.1867752,7.975727],"to":[13.139999,6.1827755,8.345727],"faces":{"east":{"uv":[5.8125,2.8125,6.1875,3.15625],"tintindex":0,"rotation":0,"texture":"#0"},"south":{"uv":[0.0,4.5625,0.46875,4.90625],"tintindex":0,"rotation":0,"texture":"#0"},"north":{"uv":[5.8125,2.8125,6.1875,3.15625],"tintindex":0,"rotation":0,"texture":"#0"},"west":{"uv":[5.8125,2.8125,6.1875,3.15625],"tintindex":0,"rotation":0,"texture":"#0"},"up":{"uv":[5.8125,2.8125,6.1875,3.15625],"tintindex":0,"rotation":0,"texture":"#0"},"down":{"uv":[5.8125,2.8125,6.1875,3.15625],"tintindex":0,"rotation":0,"texture":"#0"}},"rotation":{"origin":[10.22,4.1847744,8.160727],"angle":-22.5,"axis":"y"}},{"from":[3.008,0.41077614,8.345727],"to":[8.222,4.4067745,8.715727],"faces":{"east":{"uv":[5.8125,2.8125,6.1875,3.15625],"tintindex":0,"rotation":0,"texture":"#0"},"south":{"uv":[0.0,4.5625,0.46875,4.90625],"tintindex":0,"rotation":0,"texture":"#0"},"north":{"uv":[5.8125,2.8125,6.1875,3.15625],"tintindex":0,"rotation":0,"texture":"#0"},"west":{"uv":[5.8125,2.8125,6.1875,3.15625],"tintindex":0,"rotation":0,"texture":"#0"},"up":{"uv":[5.8125,2.8125,6.1875,3.15625],"tintindex":0,"rotation":0,"texture":"#0"},"down":{"uv":[5.8125,2.8125,6.1875,3.15625],"tintindex":0,"rotation":0,"texture":"#0"}},"rotation":{"origin":[5.7799997,2.4087753,8.530727],"angle":22.5,"axis":"y"}}],"display":{"gui":{"rotation":[30,225,0]}}}