{"textures":{"0":"modelengine:entity/redancientsamurai"},"elements":[{"from":[1.7839999,5.201767,6.2973194],"to":[8.2664,9.996967,6.7413197],"faces":{"east":{"uv":[6.3125,3.625,6.71875,3.9375],"tintindex":0,"rotation":0,"texture":"#0"},"south":{"uv":[6.3125,3.625,6.71875,3.9375],"tintindex":0,"rotation":0,"texture":"#0"},"north":{"uv":[6.3125,3.625,6.71875,3.9375],"tintindex":0,"rotation":180,"texture":"#0"},"west":{"uv":[6.3125,3.625,6.34025,3.9247],"tintindex":0,"rotation":0,"texture":"#0"},"up":{"uv":[6.3125,3.625,6.34025,3.9247],"tintindex":0,"rotation":0,"texture":"#0"},"down":{"uv":[6.3125,3.625,6.71875,3.9375],"tintindex":0,"rotation":0,"texture":"#0"}},"rotation":{"origin":[5.336,7.599367,6.5193195],"angle":22.5,"axis":"y"}},{"from":[2.192,-1.7246332,7.629319],"to":[8.2664,3.0705662,8.073319],"faces":{"east":{"uv":[6.3125,3.625,6.71875,3.9375],"tintindex":0,"rotation":0,"texture":"#0"},"south":{"uv":[6.3125,3.625,6.71875,3.9375],"tintindex":0,"rotation":0,"texture":"#0"},"north":{"uv":[6.3125,3.625,6.71875,3.9375],"tintindex":0,"rotation":180,"texture":"#0"},"west":{"uv":[6.3125,3.625,6.34025,3.9247],"tintindex":0,"rotation":0,"texture":"#0"},"up":{"uv":[6.3125,3.625,6.71875,3.9375],"tintindex":0,"rotation":0,"texture":"#0"},"down":{"uv":[6.3125,3.625,6.71875,3.9375],"tintindex":0,"rotation":0,"texture":"#0"}},"rotation":{"origin":[5.336,0.672966,7.8513193],"angle":22.5,"axis":"y"}},{"from":[7.6448,5.201767,6.2973194],"to":[14.216,9.996967,6.7413197],"faces":{"east":{"uv":[6.3125,3.625,6.34025,3.9247],"tintindex":0,"rotation":0,"texture":"#0"},"south":{"uv":[6.3125,3.625,6.71875,3.9375],"tintindex":0,"rotation":0,"texture":"#0"},"north":{"uv":[6.3125,3.625,6.71875,3.9375],"tintindex":0,"rotation":180,"texture":"#0"},"west":{"uv":[6.3125,3.625,6.71875,3.9375],"tintindex":0,"rotation":0,"texture":"#0"},"up":{"uv":[6.3125,3.625,6.34025,3.9247],"tintindex":0,"rotation":0,"texture":"#0"},"down":{"uv":[6.3125,3.625,6.71875,3.9375],"tintindex":0,"rotation":0,"texture":"#0"}},"rotation":{"origin":[10.664,7.599367,6.5193195],"angle":-22.5,"axis":"y"}},{"from":[2.0096002,0.5841675,7.2741194],"to":[8.2664,5.379366,7.7181196],"faces":{"east":{"uv":[6.3125,3.625,6.71875,3.9375],"tintindex":0,"rotation":0,"texture":"#0"},"south":{"uv":[6.3125,3.625,6.71875,3.9375],"tintindex":0,"rotation":0,"texture":"#0"},"north":{"uv":[6.3125,3.625,6.71875,3.9375],"tintindex":0,"rotation":180,"texture":"#0"},"west":{"uv":[6.3125,3.625,6.34025,3.9247],"tintindex":0,"rotation":0,"texture":"#0"},"up":{"uv":[6.3125,3.625,6.71875,3.9375],"tintindex":0,"rotation":0,"texture":"#0"},"down":{"uv":[6.3125,3.625,6.71875,3.9375],"tintindex":0,"rotation":0,"texture":"#0"}},"rotation":{"origin":[5.336,2.9817657,7.4961195],"angle":22.5,"axis":"y"}},{"from":[7.6448,-1.7246332,7.629319],"to":[14.048,3.0705662,8.073319],"faces":{"east":{"uv":[6.3125,3.625,6.34025,3.9247],"tintindex":0,"rotation":0,"texture":"#0"},"south":{"uv":[6.3125,3.625,6.71875,3.9375],"tintindex":0,"rotation":0,"texture":"#0"},"north":{"uv":[6.3125,3.625,6.71875,3.9375],"tintindex":0,"rotation":180,"texture":"#0"},"west":{"uv":[6.3125,3.625,6.71875,3.9375],"tintindex":0,"rotation":0,"texture":"#0"},"up":{"uv":[6.3125,3.625,6.71875,3.9375],"tintindex":0,"rotation":0,"texture":"#0"},"down":{"uv":[6.3125,3.625,6.71875,3.9375],"tintindex":0,"rotation":0,"texture":"#0"}},"rotation":{"origin":[10.664,0.672966,7.8513193],"angle":-22.5,"axis":"y"}},{"from":[1.9520001,2.7153664,6.830119],"to":[8.2664,7.5105667,7.2741194],"faces":{"east":{"uv":[6.3125,3.625,6.71875,3.9375],"tintindex":0,"rotation":0,"texture":"#0"},"south":{"uv":[6.3125,3.625,6.71875,3.9375],"tintindex":0,"rotation":0,"texture":"#0"},"north":{"uv":[6.3125,3.625,6.71875,3.9375],"tintindex":0,"rotation":180,"texture":"#0"},"west":{"uv":[6.3125,3.625,6.34025,3.9247],"tintindex":0,"rotation":0,"texture":"#0"},"up":{"uv":[6.3125,3.625,6.71875,3.9375],"tintindex":0,"rotation":0,"texture":"#0"},"down":{"uv":[6.3125,3.625,6.71875,3.9375],"tintindex":0,"rotation":0,"texture":"#0"}},"rotation":{"origin":[5.336,5.1129665,7.0521193],"angle":22.5,"axis":"y"}},{"from":[7.6448,2.7153664,6.830119],"to":[14.168,7.5105667,7.2741194],"faces":{"east":{"uv":[6.3125,3.625,6.34025,3.9247],"tintindex":0,"rotation":0,"texture":"#0"},"south":{"uv":[6.3125,3.625,6.71875,3.9375],"tintindex":0,"rotation":0,"texture":"#0"},"north":{"uv":[6.3125,3.625,6.71875,3.9375],"tintindex":0,"rotation":180,"texture":"#0"},"west":{"uv":[6.3125,3.625,6.71875,3.9375],"tintindex":0,"rotation":0,"texture":"#0"},"up":{"uv":[6.3125,3.625,6.71875,3.9375],"tintindex":0,"rotation":0,"texture":"#0"},"down":{"uv":[6.3125,3.625,6.71875,3.9375],"tintindex":0,"rotation":0,"texture":"#0"}},"rotation":{"origin":[10.664,5.1129665,7.0521193],"angle":-22.5,"axis":"y"}},{"from":[7.6448,0.5841675,7.2741194],"to":[14.1104,5.379366,7.7181196],"faces":{"east":{"uv":[6.3125,3.625,6.34025,3.9247],"tintindex":0,"rotation":0,"texture":"#0"},"south":{"uv":[6.3125,3.625,6.71875,3.9375],"tintindex":0,"rotation":0,"texture":"#0"},"north":{"uv":[6.3125,3.625,6.71875,3.9375],"tintindex":0,"rotation":180,"texture":"#0"},"west":{"uv":[6.3125,3.625,6.71875,3.9375],"tintindex":0,"rotation":0,"texture":"#0"},"up":{"uv":[6.3125,3.625,6.71875,3.9375],"tintindex":0,"rotation":0,"texture":"#0"},"down":{"uv":[6.3125,3.625,6.71875,3.9375],"tintindex":0,"rotation":0,"texture":"#0"}},"rotation":{"origin":[10.664,2.9817657,7.4961195],"angle":-22.5,"axis":"y"}}],"display":{"gui":{"rotation":[30,225,0]}}}