{"textures":{"0":"modelengine:entity/redancientsamurai"},"elements":[{"from":[4.072881,1.5293541,8.054217],"to":[8.287281,6.3245544,8.498218],"faces":{"east":{"uv":[6.3125,3.625,6.5759,3.9247],"tintindex":0,"rotation":0,"texture":"#0"},"south":{"uv":[6.3125,3.625,6.5759,3.9247],"tintindex":0,"rotation":0,"texture":"#0"},"north":{"uv":[6.3125,3.625,6.5759,3.9247],"tintindex":0,"rotation":180,"texture":"#0"},"west":{"uv":[6.3125,3.625,6.5759,3.9247],"tintindex":0,"rotation":0,"texture":"#0"},"up":{"uv":[6.3125,3.625,6.5759,3.9247],"tintindex":0,"rotation":0,"texture":"#0"},"down":{"uv":[6.3125,3.625,6.5759,3.9247],"tintindex":0,"rotation":0,"texture":"#0"}},"rotation":{"origin":[5.3568816,3.9269543,8.276217],"angle":22.5,"axis":"y"}},{"from":[3.1128812,-2.9106455,8.853417],"to":[8.287281,1.8845558,9.297417],"faces":{"east":{"uv":[6.3125,3.625,6.6359,3.9247],"tintindex":0,"rotation":0,"texture":"#0"},"south":{"uv":[6.3125,3.625,6.6359,3.9247],"tintindex":0,"rotation":0,"texture":"#0"},"north":{"uv":[6.3125,3.625,6.6359,3.9247],"tintindex":0,"rotation":180,"texture":"#0"},"west":{"uv":[6.3125,3.625,6.6359,3.9247],"tintindex":0,"rotation":0,"texture":"#0"},"up":{"uv":[6.3125,3.625,6.6359,3.9247],"tintindex":0,"rotation":0,"texture":"#0"},"down":{"uv":[6.3125,3.71875,6.6359,3.7465],"tintindex":0,"rotation":0,"texture":"#0"}},"rotation":{"origin":[5.3568816,-0.51304436,9.0754175],"angle":22.5,"axis":"y"}},{"from":[7.665682,1.5293541,8.054217],"to":[12.5888815,6.3245544,8.498218],"faces":{"east":{"uv":[6.3125,3.625,6.6202,3.9247],"tintindex":0,"rotation":0,"texture":"#0"},"south":{"uv":[6.3125,3.625,6.6202,3.9247],"tintindex":0,"rotation":0,"texture":"#0"},"north":{"uv":[6.3125,3.625,6.6202,3.9247],"tintindex":0,"rotation":180,"texture":"#0"},"west":{"uv":[6.3125,3.625,6.6202,3.9247],"tintindex":0,"rotation":0,"texture":"#0"},"up":{"uv":[6.3125,3.625,6.6202,3.9247],"tintindex":0,"rotation":0,"texture":"#0"},"down":{"uv":[6.3125,3.625,6.6202,3.9247],"tintindex":0,"rotation":0,"texture":"#0"}},"rotation":{"origin":[10.684881,3.9269543,8.276217],"angle":-22.5,"axis":"y"}},{"from":[7.665682,-2.9106455,8.853417],"to":[11.668881,1.8845558,9.297417],"faces":{"east":{"uv":[6.3125,3.625,6.5627,3.9247],"tintindex":0,"rotation":0,"texture":"#0"},"south":{"uv":[6.3125,3.625,6.5627,3.9247],"tintindex":0,"rotation":0,"texture":"#0"},"north":{"uv":[6.3125,3.625,6.5627,3.9247],"tintindex":0,"rotation":180,"texture":"#0"},"west":{"uv":[6.3125,3.625,6.5627,3.9247],"tintindex":0,"rotation":0,"texture":"#0"},"up":{"uv":[6.3125,3.625,6.5627,3.9247],"tintindex":0,"rotation":0,"texture":"#0"},"down":{"uv":[6.3125,3.71875,6.5627,3.7465],"tintindex":0,"rotation":0,"texture":"#0"}},"rotation":{"origin":[10.684881,-0.51304436,9.0754175],"angle":-22.5,"axis":"y"}},{"from":[7.665682,4.0157547,7.521417],"to":[12.636882,8.810955,7.965417],"faces":{"east":{"uv":[6.3125,3.625,6.6232,3.9247],"tintindex":0,"rotation":0,"texture":"#0"},"south":{"uv":[6.3125,3.625,6.6232,3.9247],"tintindex":0,"rotation":0,"texture":"#0"},"north":{"uv":[6.3125,3.625,6.6232,3.9247],"tintindex":0,"rotation":180,"texture":"#0"},"west":{"uv":[6.3125,3.625,6.6232,3.9247],"tintindex":0,"rotation":0,"texture":"#0"},"up":{"uv":[6.3125,3.625,6.6232,3.9247],"tintindex":0,"rotation":0,"texture":"#0"},"down":{"uv":[6.3125,3.625,6.6232,3.9247],"tintindex":0,"rotation":0,"texture":"#0"}},"rotation":{"origin":[10.684881,6.413355,7.7434173],"angle":-22.5,"axis":"y"}},{"from":[2.9304814,-0.6018448,8.498218],"to":[8.287281,4.1933556,8.942217],"faces":{"east":{"uv":[6.3125,3.625,6.6473,3.9247],"tintindex":0,"rotation":0,"texture":"#0"},"south":{"uv":[6.3125,3.625,6.6473,3.9247],"tintindex":0,"rotation":0,"texture":"#0"},"north":{"uv":[6.3125,3.625,6.6473,3.9247],"tintindex":0,"rotation":180,"texture":"#0"},"west":{"uv":[6.3125,3.625,6.6473,3.9247],"tintindex":0,"rotation":0,"texture":"#0"},"up":{"uv":[6.3125,3.625,6.6473,3.9247],"tintindex":0,"rotation":0,"texture":"#0"},"down":{"uv":[6.3125,3.625,6.6473,3.9247],"tintindex":0,"rotation":0,"texture":"#0"}},"rotation":{"origin":[5.3568816,1.7957554,8.720217],"angle":22.5,"axis":"y"}},{"from":[7.665682,-0.6018448,8.498218],"to":[11.731281,4.1933556,8.942217],"faces":{"east":{"uv":[6.3125,3.625,6.5666,3.9247],"tintindex":0,"rotation":0,"texture":"#0"},"south":{"uv":[6.3125,3.625,6.5666,3.9247],"tintindex":0,"rotation":0,"texture":"#0"},"north":{"uv":[6.3125,3.625,6.5666,3.9247],"tintindex":0,"rotation":180,"texture":"#0"},"west":{"uv":[6.3125,3.625,6.5666,3.9247],"tintindex":0,"rotation":0,"texture":"#0"},"up":{"uv":[6.3125,3.625,6.5666,3.9247],"tintindex":0,"rotation":0,"texture":"#0"},"down":{"uv":[6.3125,3.625,6.5666,3.9247],"tintindex":0,"rotation":0,"texture":"#0"}},"rotation":{"origin":[10.684881,1.7957554,8.720217],"angle":-22.5,"axis":"y"}},{"from":[3.904882,4.0157547,7.521417],"to":[8.287281,8.810955,7.965417],"faces":{"east":{"uv":[6.3125,3.625,6.5864,3.9247],"tintindex":0,"rotation":0,"texture":"#0"},"south":{"uv":[6.3125,3.625,6.5864,3.9247],"tintindex":0,"rotation":0,"texture":"#0"},"north":{"uv":[6.3125,3.625,6.5864,3.9247],"tintindex":0,"rotation":180,"texture":"#0"},"west":{"uv":[6.3125,3.625,6.5864,3.9247],"tintindex":0,"rotation":0,"texture":"#0"},"up":{"uv":[6.3125,3.625,6.5864,3.9247],"tintindex":0,"rotation":0,"texture":"#0"},"down":{"uv":[6.3125,3.625,6.5864,3.9247],"tintindex":0,"rotation":0,"texture":"#0"}},"rotation":{"origin":[5.3568816,6.413355,7.7434173],"angle":22.5,"axis":"y"}}],"display":{"gui":{"rotation":[30,225,0]}}}