{"textures":{"0":"modelengine:entity/redancientsamurai"},"elements":[{"from":[7.650842,0.44655037,8.395313],"to":[12.238842,4.4425507,8.765313],"faces":{"east":{"uv":[5.8125,2.8125,6.1875,3.15625],"tintindex":0,"rotation":0,"texture":"#0"},"south":{"uv":[4.625,0.0,5.09375,0.34375],"tintindex":0,"rotation":0,"texture":"#0"},"north":{"uv":[5.8125,2.8125,6.1875,3.15625],"tintindex":0,"rotation":0,"texture":"#0"},"west":{"uv":[5.8125,2.8125,6.1875,3.15625],"tintindex":0,"rotation":0,"texture":"#0"},"up":{"uv":[5.8125,2.8125,6.1875,3.15625],"tintindex":0,"rotation":0,"texture":"#0"},"down":{"uv":[5.8125,2.8125,6.1875,3.15625],"tintindex":0,"rotation":0,"texture":"#0"}},"rotation":{"origin":[10.166842,2.4445515,8.580314],"angle":-22.5,"axis":"y"}},{"from":[7.650842,-1.4774494,8.691314],"to":[12.186842,2.5185509,9.061314],"faces":{"east":{"uv":[5.8125,2.8125,6.1875,3.15625],"tintindex":0,"rotation":0,"texture":"#0"},"south":{"uv":[4.625,0.0,5.09375,0.34375],"tintindex":0,"rotation":0,"texture":"#0"},"north":{"uv":[5.8125,2.8125,6.1875,3.15625],"tintindex":0,"rotation":0,"texture":"#0"},"west":{"uv":[5.8125,2.8125,6.1875,3.15625],"tintindex":0,"rotation":0,"texture":"#0"},"up":{"uv":[5.8125,2.8125,6.1875,3.15625],"tintindex":0,"rotation":0,"texture":"#0"},"down":{"uv":[5.8125,2.8125,6.1875,3.15625],"tintindex":0,"rotation":0,"texture":"#0"}},"rotation":{"origin":[10.166842,0.5205517,8.876313],"angle":-22.5,"axis":"y"}},{"from":[3.6668425,4.294552,7.5813136],"to":[8.168842,8.29055,7.9513135],"faces":{"east":{"uv":[5.0,5.125,5.22975,5.37475],"tintindex":0,"rotation":0,"texture":"#0"},"south":{"uv":[4.625,0.0,5.09375,0.34375],"tintindex":0,"rotation":0,"texture":"#0"},"north":{"uv":[5.0,5.125,5.22975,5.37475],"tintindex":0,"rotation":0,"texture":"#0"},"west":{"uv":[5.0,5.125,5.22975,5.37475],"tintindex":0,"rotation":0,"texture":"#0"},"up":{"uv":[5.0,5.125,5.22975,5.37475],"tintindex":0,"rotation":0,"texture":"#0"},"down":{"uv":[5.0,5.125,5.22975,5.37475],"tintindex":0,"rotation":0,"texture":"#0"}},"rotation":{"origin":[5.7268424,6.292551,7.7663136],"angle":22.5,"axis":"y"}},{"from":[4.0068426,-1.4774494,8.691314],"to":[8.168842,2.5185509,9.061314],"faces":{"east":{"uv":[5.6875,0.0,6.0625,0.34375],"tintindex":0,"rotation":0,"texture":"#0"},"south":{"uv":[4.625,0.0,5.09375,0.34375],"tintindex":0,"rotation":0,"texture":"#0"},"north":{"uv":[5.6875,0.0,6.0625,0.34375],"tintindex":0,"rotation":0,"texture":"#0"},"west":{"uv":[5.6875,0.0,6.0625,0.34375],"tintindex":0,"rotation":0,"texture":"#0"},"up":{"uv":[5.6875,0.0,6.0625,0.34375],"tintindex":0,"rotation":0,"texture":"#0"},"down":{"uv":[5.6875,0.0,6.0625,0.34375],"tintindex":0,"rotation":0,"texture":"#0"}},"rotation":{"origin":[5.7268424,0.5205517,8.876313],"angle":22.5,"axis":"y"}},{"from":[3.8548422,0.44655037,8.395313],"to":[8.168842,4.4425507,8.765313],"faces":{"east":{"uv":[5.6875,0.0,6.0625,0.34375],"tintindex":0,"rotation":0,"texture":"#0"},"south":{"uv":[4.625,0.0,5.09375,0.34375],"tintindex":0,"rotation":0,"texture":"#0"},"north":{"uv":[5.6875,0.0,6.0625,0.34375],"tintindex":0,"rotation":0,"texture":"#0"},"west":{"uv":[5.6875,0.0,6.0625,0.34375],"tintindex":0,"rotation":0,"texture":"#0"},"up":{"uv":[5.6875,0.0,6.0625,0.34375],"tintindex":0,"rotation":0,"texture":"#0"},"down":{"uv":[5.6875,0.0,6.0625,0.34375],"tintindex":0,"rotation":0,"texture":"#0"}},"rotation":{"origin":[5.7268424,2.4445515,8.580314],"angle":22.5,"axis":"y"}},{"from":[7.650842,4.294552,7.5813136],"to":[12.326842,8.29055,7.9513135],"faces":{"east":{"uv":[4.875,4.25,5.28125,4.59375],"tintindex":0,"rotation":0,"texture":"#0"},"south":{"uv":[4.625,0.0,5.09375,0.34375],"tintindex":0,"rotation":0,"texture":"#0"},"north":{"uv":[4.875,4.25,5.28125,4.59375],"tintindex":0,"rotation":0,"texture":"#0"},"west":{"uv":[4.875,4.25,5.28125,4.59375],"tintindex":0,"rotation":0,"texture":"#0"},"up":{"uv":[4.875,4.25,5.28125,4.59375],"tintindex":0,"rotation":0,"texture":"#0"},"down":{"uv":[4.875,4.25,5.28125,4.59375],"tintindex":0,"rotation":0,"texture":"#0"}},"rotation":{"origin":[10.166842,6.292551,7.7663136],"angle":-22.5,"axis":"y"}},{"from":[7.650842,2.2225513,8.025313],"to":[12.286842,6.2185516,8.395313],"faces":{"east":{"uv":[5.8125,2.8125,6.1875,3.15625],"tintindex":0,"rotation":0,"texture":"#0"},"south":{"uv":[4.625,0.0,5.09375,0.34375],"tintindex":0,"rotation":0,"texture":"#0"},"north":{"uv":[5.8125,2.8125,6.1875,3.15625],"tintindex":0,"rotation":0,"texture":"#0"},"west":{"uv":[5.8125,2.8125,6.1875,3.15625],"tintindex":0,"rotation":0,"texture":"#0"},"up":{"uv":[5.8125,2.8125,6.1875,3.15625],"tintindex":0,"rotation":0,"texture":"#0"},"down":{"uv":[5.8125,2.8125,6.1875,3.15625],"tintindex":0,"rotation":0,"texture":"#0"}},"rotation":{"origin":[10.166842,4.2205505,8.210314],"angle":-22.5,"axis":"y"}},{"from":[3.8068419,2.2225513,8.025313],"to":[8.168842,6.2185516,8.395313],"faces":{"east":{"uv":[5.6875,0.0,6.0625,0.34375],"tintindex":0,"rotation":0,"texture":"#0"},"south":{"uv":[4.625,0.0,5.09375,0.34375],"tintindex":0,"rotation":0,"texture":"#0"},"north":{"uv":[5.6875,0.0,6.0625,0.34375],"tintindex":0,"rotation":0,"texture":"#0"},"west":{"uv":[5.6875,0.0,6.0625,0.34375],"tintindex":0,"rotation":0,"texture":"#0"},"up":{"uv":[5.6875,0.0,6.0625,0.34375],"tintindex":0,"rotation":0,"texture":"#0"},"down":{"uv":[5.6875,0.0,6.0625,0.34375],"tintindex":0,"rotation":0,"texture":"#0"}},"rotation":{"origin":[5.7268424,4.2205505,8.210314],"angle":22.5,"axis":"y"}}],"display":{"gui":{"rotation":[30,225,0]}}}