{"textures":{"0":"modelengine:entity/redancientsamurai"},"elements":[{"from":[2.192,-3.5463896,8.168948],"to":[8.2664,1.2488098,8.612948],"faces":{"east":{"uv":[6.3125,3.625,6.71875,3.9375],"tintindex":0,"rotation":0,"texture":"#0"},"south":{"uv":[6.3125,3.625,6.71875,3.9375],"tintindex":0,"rotation":0,"texture":"#0"},"north":{"uv":[6.3125,3.625,6.69215,3.9247],"tintindex":0,"rotation":180,"texture":"#0"},"west":{"uv":[6.3125,3.625,6.71875,3.9375],"tintindex":0,"rotation":0,"texture":"#0"},"up":{"uv":[6.3125,3.625,6.71875,3.9375],"tintindex":0,"rotation":0,"texture":"#0"},"down":{"uv":[6.3125,3.625,6.71875,3.9375],"tintindex":0,"rotation":0,"texture":"#0"}},"rotation":{"origin":[5.336,-1.1487885,8.390948],"angle":22.5,"axis":"y"}},{"from":[7.6448,-1.2375889,7.8137484],"to":[14.1104,3.5576115,8.257748],"faces":{"east":{"uv":[6.3125,3.625,6.71875,3.9375],"tintindex":0,"rotation":0,"texture":"#0"},"south":{"uv":[6.3125,3.625,6.71875,3.9375],"tintindex":0,"rotation":0,"texture":"#0"},"north":{"uv":[6.3125,3.625,6.7166,3.9247],"tintindex":0,"rotation":180,"texture":"#0"},"west":{"uv":[6.3125,3.625,6.71875,3.9375],"tintindex":0,"rotation":0,"texture":"#0"},"up":{"uv":[6.3125,3.625,6.71875,3.9375],"tintindex":0,"rotation":0,"texture":"#0"},"down":{"uv":[6.3125,3.625,6.71875,3.9375],"tintindex":0,"rotation":0,"texture":"#0"}},"rotation":{"origin":[10.664,1.1600113,8.0357485],"angle":-22.5,"axis":"y"}},{"from":[7.6448,3.3800106,6.8369484],"to":[14.216,8.175211,7.280948],"faces":{"east":{"uv":[6.3125,3.625,6.71875,3.9375],"tintindex":0,"rotation":0,"texture":"#0"},"south":{"uv":[6.3125,3.625,6.71875,3.9375],"tintindex":0,"rotation":0,"texture":"#0"},"north":{"uv":[6.3125,3.625,6.7232,3.9247],"tintindex":0,"rotation":180,"texture":"#0"},"west":{"uv":[6.3125,3.625,6.71875,3.9375],"tintindex":0,"rotation":0,"texture":"#0"},"up":{"uv":[6.3125,3.625,6.71875,3.9375],"tintindex":0,"rotation":0,"texture":"#0"},"down":{"uv":[6.3125,3.625,6.71875,3.9375],"tintindex":0,"rotation":0,"texture":"#0"}},"rotation":{"origin":[10.664,5.777611,7.0589485],"angle":-22.5,"axis":"y"}},{"from":[2.0096002,-1.2375889,7.8137484],"to":[8.2664,3.5576115,8.257748],"faces":{"east":{"uv":[6.3125,3.625,6.71875,3.9375],"tintindex":0,"rotation":0,"texture":"#0"},"south":{"uv":[6.3125,3.625,6.71875,3.9375],"tintindex":0,"rotation":0,"texture":"#0"},"north":{"uv":[6.3125,3.625,6.70355,3.9247],"tintindex":0,"rotation":180,"texture":"#0"},"west":{"uv":[6.3125,3.625,6.71875,3.9375],"tintindex":0,"rotation":0,"texture":"#0"},"up":{"uv":[6.3125,3.625,6.71875,3.9375],"tintindex":0,"rotation":0,"texture":"#0"},"down":{"uv":[6.3125,3.625,6.71875,3.9375],"tintindex":0,"rotation":0,"texture":"#0"}},"rotation":{"origin":[5.336,1.1600113,8.0357485],"angle":22.5,"axis":"y"}},{"from":[7.6448,0.89361,7.369748],"to":[14.168,5.6888103,7.8137484],"faces":{"east":{"uv":[6.3125,3.625,6.71875,3.9375],"tintindex":0,"rotation":0,"texture":"#0"},"south":{"uv":[6.3125,3.625,6.71875,3.9375],"tintindex":0,"rotation":0,"texture":"#0"},"north":{"uv":[6.3125,3.625,6.7202,3.9247],"tintindex":0,"rotation":180,"texture":"#0"},"west":{"uv":[6.3125,3.625,6.71875,3.9375],"tintindex":0,"rotation":0,"texture":"#0"},"up":{"uv":[6.3125,3.625,6.71875,3.9375],"tintindex":0,"rotation":0,"texture":"#0"},"down":{"uv":[6.3125,3.625,6.71875,3.9375],"tintindex":0,"rotation":0,"texture":"#0"}},"rotation":{"origin":[10.664,3.2912102,7.591748],"angle":-22.5,"axis":"y"}},{"from":[7.6448,-3.5463896,8.168948],"to":[14.048,1.2488098,8.612948],"faces":{"east":{"uv":[6.3125,3.625,6.71875,3.9375],"tintindex":0,"rotation":0,"texture":"#0"},"south":{"uv":[6.3125,3.625,6.71875,3.9375],"tintindex":0,"rotation":0,"texture":"#0"},"north":{"uv":[6.3125,3.625,6.7127,3.9247],"tintindex":0,"rotation":180,"texture":"#0"},"west":{"uv":[6.3125,3.625,6.71875,3.9375],"tintindex":0,"rotation":0,"texture":"#0"},"up":{"uv":[6.3125,3.625,6.71875,3.9375],"tintindex":0,"rotation":0,"texture":"#0"},"down":{"uv":[6.3125,3.625,6.71875,3.9375],"tintindex":0,"rotation":0,"texture":"#0"}},"rotation":{"origin":[10.664,-1.1487885,8.390948],"angle":-22.5,"axis":"y"}},{"from":[1.9520001,0.89361,7.369748],"to":[8.2664,5.6888103,7.8137484],"faces":{"east":{"uv":[6.3125,3.625,6.71875,3.9375],"tintindex":0,"rotation":0,"texture":"#0"},"south":{"uv":[6.3125,3.625,6.71875,3.9375],"tintindex":0,"rotation":0,"texture":"#0"},"north":{"uv":[6.3125,3.625,6.70715,3.9247],"tintindex":0,"rotation":180,"texture":"#0"},"west":{"uv":[6.3125,3.625,6.71875,3.9375],"tintindex":0,"rotation":0,"texture":"#0"},"up":{"uv":[6.3125,3.625,6.71875,3.9375],"tintindex":0,"rotation":0,"texture":"#0"},"down":{"uv":[6.3125,3.625,6.71875,3.9375],"tintindex":0,"rotation":0,"texture":"#0"}},"rotation":{"origin":[5.336,3.2912102,7.591748],"angle":22.5,"axis":"y"}},{"from":[1.7839999,3.3800106,6.8369484],"to":[8.2664,8.175211,7.280948],"faces":{"east":{"uv":[6.3125,3.625,6.71875,3.9375],"tintindex":0,"rotation":0,"texture":"#0"},"south":{"uv":[6.3125,3.625,6.71875,3.9375],"tintindex":0,"rotation":0,"texture":"#0"},"north":{"uv":[6.3125,3.625,6.71765,3.9247],"tintindex":0,"rotation":180,"texture":"#0"},"west":{"uv":[6.3125,3.625,6.71875,3.9375],"tintindex":0,"rotation":0,"texture":"#0"},"up":{"uv":[6.3125,3.625,6.71875,3.9375],"tintindex":0,"rotation":0,"texture":"#0"},"down":{"uv":[6.3125,3.625,6.71875,3.9375],"tintindex":0,"rotation":0,"texture":"#0"}},"rotation":{"origin":[5.336,5.777611,7.0589485],"angle":22.5,"axis":"y"}}],"display":{"gui":{"rotation":[30,225,0]}}}