{"textures":{"0":"modelengine:entity/redancientsamurai"},"elements":[{"from":[5.6875005,-0.61249924,6.5875],"to":[9.7875,9.487503,10.6875],"faces":{"east":{"uv":[4.0625,4.75,4.3125,5.375],"tintindex":0,"rotation":0,"texture":"#0"},"south":{"uv":[4.375,4.75,4.625,5.375],"tintindex":0,"rotation":0,"texture":"#0"},"north":{"uv":[3.75,4.75,4.0,5.375],"tintindex":0,"rotation":0,"texture":"#0"},"west":{"uv":[4.6875,4.75,4.9375,5.375],"tintindex":0,"rotation":0,"texture":"#0"},"up":{"uv":[2.25,8.8125,2.0,8.5625],"tintindex":0,"rotation":0,"texture":"#0"},"down":{"uv":[4.25,8.5625,4.0,8.8125],"tintindex":0,"rotation":0,"texture":"#0"}}},{"from":[7.5875,-2.2124977,5.3875],"to":[9.387501,-0.61249924,6.7875],"faces":{"east":{"uv":[1.125,10.4375,1.21875,10.53125],"tintindex":0,"rotation":0,"texture":"#0"},"south":{"uv":[1.125,10.4375,1.21875,10.53125],"tintindex":0,"rotation":0,"texture":"#0"},"north":{"uv":[1.125,10.4375,1.21875,10.53125],"tintindex":0,"rotation":0,"texture":"#0"},"west":{"uv":[1.125,10.4375,1.21875,10.53125],"tintindex":0,"rotation":0,"texture":"#0"},"up":{"uv":[1.125,10.4375,1.21875,10.53125],"tintindex":0,"rotation":0,"texture":"#0"},"down":{"uv":[1.125,10.4375,1.21875,10.53125],"tintindex":0,"rotation":0,"texture":"#0"}}},{"from":[6.6875005,-4.7124977,6.7875],"to":[9.387501,-0.61249924,10.4875],"faces":{"east":{"uv":[8.75,4.9375,8.96875,5.1875],"tintindex":0,"rotation":0,"texture":"#0"},"south":{"uv":[8.75,4.9375,8.96875,5.1875],"tintindex":0,"rotation":0,"texture":"#0"},"north":{"uv":[8.75,4.9375,8.96875,5.1875],"tintindex":0,"rotation":0,"texture":"#0"},"west":{"uv":[8.75,4.9375,8.96875,5.1875],"tintindex":0,"rotation":0,"texture":"#0"},"up":{"uv":[8.75,4.9375,8.96875,5.1875],"tintindex":0,"rotation":0,"texture":"#0"},"down":{"uv":[8.75,4.9375,8.96875,5.1875],"tintindex":0,"rotation":0,"texture":"#0"}}},{"from":[5.5875,-0.7124977,6.4875],"to":[9.887501,9.587502,10.7875],"faces":{"east":{"uv":[2.8125,4.4375,3.0625,5.0625],"tintindex":0,"rotation":0,"texture":"#0"},"south":{"uv":[2.8125,4.4375,3.0625,5.0625],"tintindex":0,"rotation":0,"texture":"#0"},"north":{"uv":[2.8125,4.4375,3.0625,5.0625],"tintindex":0,"rotation":0,"texture":"#0"},"west":{"uv":[2.8125,4.4375,3.0625,5.0625],"tintindex":0,"rotation":0,"texture":"#0"},"up":{"uv":[2.8125,4.4375,3.0625,5.0625],"tintindex":0,"rotation":0,"texture":"#0"},"down":{"uv":[2.8125,4.4375,3.0625,5.0625],"tintindex":0,"rotation":0,"texture":"#0"}}}],"display":{"gui":{"rotation":[30,225,0]}}}