{"textures":{"0":"modelengine:entity/redancientsamurai"},"elements":[{"from":[-10.634338,-3.3933544,4.3104],"to":[-8.398338,8.577847,11.9896],"faces":{"east":{"uv":[2.25,7.0625,2.375,7.8125],"tintindex":0,"rotation":0,"texture":"#0"},"south":{"uv":[2.25,7.0625,2.375,7.8125],"tintindex":0,"rotation":0,"texture":"#0"},"north":{"uv":[2.25,7.0625,2.375,7.8125],"tintindex":0,"rotation":0,"texture":"#0"},"west":{"uv":[2.25,7.0625,2.375,7.8125],"tintindex":0,"rotation":0,"texture":"#0"},"up":{"uv":[2.25,7.0625,2.319875,7.302475],"tintindex":0,"rotation":0,"texture":"#0"},"down":{"uv":[2.25,7.0625,2.319875,7.302475],"tintindex":0,"rotation":0,"texture":"#0"}},"rotation":{"origin":[11.073663,5.9462433,8.0],"angle":-45.0,"axis":"z"}}],"display":{"gui":{"rotation":[30,225,0]}}}