{"textures":{"0":"modelengine:entity/redancientsamurai"},"elements":[{"from":[-11.067301,2.4477386,4.4104],"to":[-8.831301,6.67894,11.8896],"faces":{"east":{"uv":[5.125,2.6875,5.25,2.9375],"tintindex":0,"rotation":0,"texture":"#0"},"south":{"uv":[5.125,2.6875,5.25,2.9375],"tintindex":0,"rotation":0,"texture":"#0"},"north":{"uv":[5.125,2.6875,5.25,2.9375],"tintindex":0,"rotation":0,"texture":"#0"},"west":{"uv":[5.125,2.6875,5.25,2.9375],"tintindex":0,"rotation":0,"texture":"#0"},"up":{"uv":[5.125,2.6875,5.194875,2.921225],"tintindex":0,"rotation":0,"texture":"#0"},"down":{"uv":[5.125,2.6875,5.25,2.9375],"tintindex":0,"rotation":0,"texture":"#0"}},"rotation":{"origin":[7.8815737,8.07913,8.0],"angle":-45.0,"axis":"z"}},{"from":[-8.685337,15.827097,4.3896],"to":[-2.449338,19.058298,4.3896],"faces":{"east":{"uv":[5.375,4.4375,5.4375,4.625],"tintindex":0,"rotation":0,"texture":"#0"},"south":{"uv":[8.1875,5.625,8.5625,5.8125],"tintindex":0,"rotation":0,"texture":"#0"},"north":{"uv":[8.1875,5.375,8.5625,5.5625],"tintindex":0,"rotation":0,"texture":"#0"},"west":{"uv":[7.0,1.875,7.0625,2.0625],"tintindex":0,"rotation":0,"texture":"#0"},"up":{"uv":[9.5,4.875,9.125,4.8125],"tintindex":0,"rotation":0,"texture":"#0"},"down":{"uv":[9.6875,0.5625,9.3125,0.625],"tintindex":0,"rotation":0,"texture":"#0"}},"rotation":{"origin":[-5.567338,13.442698,4.3896],"angle":-22.5,"axis":"z"}},{"from":[-8.685337,7.827097,4.3896],"to":[-2.449338,11.058298,4.3896],"faces":{"east":{"uv":[2.4375,7.0625,2.5,7.25],"tintindex":0,"rotation":0,"texture":"#0"},"south":{"uv":[8.1875,6.4375,8.5625,6.625],"tintindex":0,"rotation":0,"texture":"#0"},"north":{"uv":[8.1875,6.1875,8.5625,6.375],"tintindex":0,"rotation":0,"texture":"#0"},"west":{"uv":[5.25,7.1875,5.3125,7.375],"tintindex":0,"rotation":0,"texture":"#0"},"up":{"uv":[9.8125,2.1875,9.4375,2.125],"tintindex":0,"rotation":0,"texture":"#0"},"down":{"uv":[9.8125,2.25,9.4375,2.3125],"tintindex":0,"rotation":0,"texture":"#0"}},"rotation":{"origin":[-5.567338,13.442698,4.3896],"angle":-22.5,"axis":"z"}}],"display":{"gui":{"rotation":[30,225,0]}}}