{"textures":{"0":"modelengine:entity/redancientsamurai"},"elements":[{"from":[-0.9173908,-3.6983566,4.3104],"to":[3.8986096,1.5648422,11.6896],"faces":{"east":{"uv":[6.625,5.75,6.9375,6.09375],"tintindex":0,"rotation":0,"texture":"#0"},"south":{"uv":[6.625,5.75,6.9375,6.09375],"tintindex":0,"rotation":0,"texture":"#0"},"north":{"uv":[6.625,5.75,6.9375,6.09375],"tintindex":0,"rotation":0,"texture":"#0"},"west":{"uv":[6.625,5.75,6.9375,6.09375],"tintindex":0,"rotation":0,"texture":"#0"},"up":{"uv":[6.625,5.75,6.7755,5.9806],"tintindex":0,"rotation":0,"texture":"#0"},"down":{"uv":[6.625,5.75,6.9375,6.09375],"tintindex":0,"rotation":0,"texture":"#0"}},"rotation":{"origin":[18.461485,-7.162548,7.9],"angle":-45.0,"axis":"z"}}],"display":{"gui":{"rotation":[30,225,0]}}}