{"textures":{"0":"modelengine:entity/redancientsamurai"},"elements":[{"from":[14.873029,-4.846405,4.2604],"to":[19.68903,0.41679382,11.7396],"faces":{"east":{"uv":[3.875,6.625,4.1875,6.96875],"tintindex":0,"rotation":0,"texture":"#0"},"south":{"uv":[6.625,5.75,6.9375,6.09375],"tintindex":0,"rotation":0,"texture":"#0"},"north":{"uv":[3.875,6.625,4.1875,6.96875],"tintindex":0,"rotation":0,"texture":"#0"},"west":{"uv":[3.875,6.625,4.1875,6.96875],"tintindex":0,"rotation":0,"texture":"#0"},"up":{"uv":[6.625,5.75,6.7755,5.9806],"tintindex":0,"rotation":0,"texture":"#0"},"down":{"uv":[3.875,6.625,4.0255,6.858725],"tintindex":0,"rotation":0,"texture":"#0"}},"rotation":{"origin":[0.31015396,-8.310596,7.85],"angle":45.0,"axis":"z"}}],"display":{"gui":{"rotation":[30,225,0]}}}