{"textures":{"0":"modelengine:entity/redancientsamurai"},"elements":[{"from":[5.5875,-0.51250076,6.4875],"to":[9.8875,9.787498,10.7875],"faces":{"east":{"uv":[2.8125,4.4375,3.0625,5.0625],"tintindex":0,"rotation":0,"texture":"#0"},"south":{"uv":[2.8125,4.4375,3.0625,5.0625],"tintindex":0,"rotation":0,"texture":"#0"},"north":{"uv":[2.8125,4.4375,3.0625,5.0625],"tintindex":0,"rotation":0,"texture":"#0"},"west":{"uv":[2.8125,4.4375,3.0625,5.0625],"tintindex":0,"rotation":0,"texture":"#0"},"up":{"uv":[2.8125,4.4375,3.0625,5.0625],"tintindex":0,"rotation":0,"texture":"#0"},"down":{"uv":[2.8125,4.4375,3.0625,5.0625],"tintindex":0,"rotation":0,"texture":"#0"}}},{"from":[5.6875,-0.41250038,6.5875],"to":[9.787499,9.6875,10.6875],"faces":{"east":{"uv":[8.28125,13.90625,8.53125,14.53125],"tintindex":0,"rotation":0,"texture":"#0"},"south":{"uv":[8.28125,13.90625,8.53125,14.53125],"tintindex":0,"rotation":0,"texture":"#0"},"north":{"uv":[8.28125,13.90625,8.53125,14.53125],"tintindex":0,"rotation":0,"texture":"#0"},"west":{"uv":[8.28125,13.90625,8.53125,14.53125],"tintindex":0,"rotation":0,"texture":"#0"},"up":{"uv":[8.28125,13.90625,8.53125,14.53125],"tintindex":0,"rotation":0,"texture":"#0"},"down":{"uv":[8.28125,13.90625,8.53125,14.53125],"tintindex":0,"rotation":0,"texture":"#0"}}},{"from":[6.6875,-4.512501,6.7875],"to":[9.3875,-0.41250038,10.4875],"faces":{"east":{"uv":[8.75,4.9375,8.96875,5.1875],"tintindex":0,"rotation":0,"texture":"#0"},"south":{"uv":[8.75,4.9375,8.96875,5.1875],"tintindex":0,"rotation":0,"texture":"#0"},"north":{"uv":[8.75,4.9375,8.96875,5.1875],"tintindex":0,"rotation":0,"texture":"#0"},"west":{"uv":[8.75,4.9375,8.96875,5.1875],"tintindex":0,"rotation":0,"texture":"#0"},"up":{"uv":[6.15625,9.46875,6.0,9.25],"tintindex":0,"rotation":0,"texture":"#0"},"down":{"uv":[9.40625,6.9375,9.25,7.15625],"tintindex":0,"rotation":0,"texture":"#0"}}},{"from":[7.5874996,-2.0125008,5.3875],"to":[9.3875,-0.41250038,6.7875],"faces":{"east":{"uv":[1.125,10.4375,1.21875,10.53125],"tintindex":0,"rotation":0,"texture":"#0"},"south":{"uv":[1.125,10.4375,1.21875,10.53125],"tintindex":0,"rotation":0,"texture":"#0"},"north":{"uv":[1.125,10.4375,1.21875,10.53125],"tintindex":0,"rotation":0,"texture":"#0"},"west":{"uv":[1.125,10.4375,1.21875,10.53125],"tintindex":0,"rotation":0,"texture":"#0"},"up":{"uv":[1.125,10.4375,1.21875,10.53125],"tintindex":0,"rotation":0,"texture":"#0"},"down":{"uv":[1.125,10.4375,1.21875,10.53125],"tintindex":0,"rotation":0,"texture":"#0"}}}],"display":{"gui":{"rotation":[30,225,0]}}}