{"textures":{"0":"modelengine:entity/redancientsamurai"},"elements":[{"from":[2.1999998,-0.35116386,7.1825666],"to":[8.3,5.0488358,7.6825666],"faces":{"east":{"uv":[9.9375,9.75,9.96875,10.09375],"tintindex":0,"rotation":0,"texture":"#0"},"south":{"uv":[2.375,5.8125,2.75,6.15625],"tintindex":0,"rotation":0,"texture":"#0"},"north":{"uv":[5.6875,0.0,6.0625,0.34375],"tintindex":0,"rotation":0,"texture":"#0"},"west":{"uv":[0.875,10.0,0.90625,10.34375],"tintindex":0,"rotation":0,"texture":"#0"},"up":{"uv":[5.0625,9.90625,4.6875,9.875],"tintindex":0,"rotation":0,"texture":"#0"},"down":{"uv":[7.6875,9.875,7.3125,9.90625],"tintindex":0,"rotation":0,"texture":"#0"}},"rotation":{"origin":[5.0,2.348835,7.4325666],"angle":22.5,"axis":"y"}},{"from":[2.0,-2.9511642,7.5825667],"to":[8.3,2.4488373,8.082567],"faces":{"east":{"uv":[1.0,10.0,1.03125,10.34375],"tintindex":0,"rotation":0,"texture":"#0"},"south":{"uv":[5.0,4.6875,5.40625,5.03125],"tintindex":0,"rotation":0,"texture":"#0"},"north":{"uv":[5.0,3.5625,5.40625,3.90625],"tintindex":0,"rotation":0,"texture":"#0"},"west":{"uv":[1.125,10.0,1.15625,10.34375],"tintindex":0,"rotation":0,"texture":"#0"},"up":{"uv":[10.21875,5.34375,9.8125,5.3125],"tintindex":0,"rotation":0,"texture":"#0"},"down":{"uv":[10.21875,5.4375,9.8125,5.46875],"tintindex":0,"rotation":0,"texture":"#0"}},"rotation":{"origin":[5.0,-0.25116348,7.8325667],"angle":22.5,"axis":"y"}},{"from":[7.6,2.0488358,6.6825666],"to":[14.0,7.4488373,7.1825666],"faces":{"east":{"uv":[1.9375,10.0,1.96875,10.34375],"tintindex":0,"rotation":0,"texture":"#0"},"south":{"uv":[5.1875,0.0,5.59375,0.34375],"tintindex":0,"rotation":0,"texture":"#0"},"north":{"uv":[5.0,5.125,5.40625,5.46875],"tintindex":0,"rotation":0,"texture":"#0"},"west":{"uv":[2.0625,10.0,2.09375,10.34375],"tintindex":0,"rotation":0,"texture":"#0"},"up":{"uv":[10.21875,5.84375,9.8125,5.8125],"tintindex":0,"rotation":0,"texture":"#0"},"down":{"uv":[10.21875,5.9375,9.8125,5.96875],"tintindex":0,"rotation":0,"texture":"#0"}},"rotation":{"origin":[11.0,4.7488365,6.9325666],"angle":-22.5,"axis":"y"}},{"from":[7.6,-0.35116386,7.1825666],"to":[13.8,5.0488358,7.6825666],"faces":{"east":{"uv":[1.6875,10.0,1.71875,10.34375],"tintindex":0,"rotation":0,"texture":"#0"},"south":{"uv":[0.0,5.875,0.375,6.21875],"tintindex":0,"rotation":0,"texture":"#0"},"north":{"uv":[5.8125,2.8125,6.1875,3.15625],"tintindex":0,"rotation":0,"texture":"#0"},"west":{"uv":[1.8125,10.0,1.84375,10.34375],"tintindex":0,"rotation":0,"texture":"#0"},"up":{"uv":[10.25,9.28125,9.875,9.25],"tintindex":0,"rotation":0,"texture":"#0"},"down":{"uv":[10.25,9.375,9.875,9.40625],"tintindex":0,"rotation":0,"texture":"#0"}},"rotation":{"origin":[11.0,2.348835,7.4325666],"angle":-22.5,"axis":"y"}},{"from":[1.0,4.848835,6.082567],"to":[8.3,10.2488365,6.582567],"faces":{"east":{"uv":[7.125,9.9375,7.15625,10.28125],"tintindex":0,"rotation":0,"texture":"#0"},"south":{"uv":[4.5625,2.5625,5.03125,2.90625],"tintindex":0,"rotation":0,"texture":"#0"},"north":{"uv":[0.0,4.5625,0.46875,4.90625],"tintindex":0,"rotation":0,"texture":"#0"},"west":{"uv":[4.625,0.0,4.65625,0.3375],"tintindex":0,"rotation":0,"texture":"#0"},"up":{"uv":[4.625,0.0,5.08125,0.03125],"tintindex":0,"rotation":0,"texture":"#0"},"down":{"uv":[10.15625,4.0625,9.6875,4.09375],"tintindex":0,"rotation":0,"texture":"#0"}},"rotation":{"origin":[5.0,7.5488358,6.332567],"angle":22.5,"axis":"y"}},{"from":[7.6,-2.9511642,7.5825667],"to":[14.0,2.4488373,8.082567],"faces":{"east":{"uv":[1.25,10.0,1.28125,10.34375],"tintindex":0,"rotation":0,"texture":"#0"},"south":{"uv":[5.125,2.25,5.53125,2.59375],"tintindex":0,"rotation":0,"texture":"#0"},"north":{"uv":[1.5,5.0625,1.90625,5.40625],"tintindex":0,"rotation":0,"texture":"#0"},"west":{"uv":[10.0,1.4375,10.03125,1.78125],"tintindex":0,"rotation":0,"texture":"#0"},"up":{"uv":[10.21875,5.59375,9.8125,5.5625],"tintindex":0,"rotation":0,"texture":"#0"},"down":{"uv":[10.21875,5.6875,9.8125,5.71875],"tintindex":0,"rotation":0,"texture":"#0"}},"rotation":{"origin":[11.0,-0.25116348,7.8325667],"angle":-22.5,"axis":"y"}},{"from":[7.6,4.848835,6.082567],"to":[15.0,10.2488365,6.582567],"faces":{"east":{"uv":[4.625,0.0,4.65625,0.3375],"tintindex":0,"rotation":0,"texture":"#0"},"south":{"uv":[1.5,4.625,1.96875,4.96875],"tintindex":0,"rotation":0,"texture":"#0"},"north":{"uv":[4.625,0.0,5.09375,0.34375],"tintindex":0,"rotation":0,"texture":"#0"},"west":{"uv":[4.8125,10.0,4.84375,10.34375],"tintindex":0,"rotation":0,"texture":"#0"},"up":{"uv":[4.625,0.0,5.0875,0.03125],"tintindex":0,"rotation":0,"texture":"#0"},"down":{"uv":[10.21875,0.6875,9.75,0.71875],"tintindex":0,"rotation":0,"texture":"#0"}},"rotation":{"origin":[11.0,7.5488358,6.332567],"angle":-22.5,"axis":"y"}},{"from":[2.0,2.0488358,6.6825666],"to":[8.3,7.4488373,7.1825666],"faces":{"east":{"uv":[6.125,9.9375,6.15625,10.28125],"tintindex":0,"rotation":0,"texture":"#0"},"south":{"uv":[0.0,5.0,0.40625,5.34375],"tintindex":0,"rotation":0,"texture":"#0"},"north":{"uv":[4.875,4.25,5.28125,4.59375],"tintindex":0,"rotation":0,"texture":"#0"},"west":{"uv":[6.25,9.9375,6.28125,10.28125],"tintindex":0,"rotation":0,"texture":"#0"},"up":{"uv":[10.21875,5.09375,9.8125,5.0625],"tintindex":0,"rotation":0,"texture":"#0"},"down":{"uv":[10.21875,5.1875,9.8125,5.21875],"tintindex":0,"rotation":0,"texture":"#0"}},"rotation":{"origin":[5.0,4.7488365,6.9325666],"angle":22.5,"axis":"y"}}],"display":{"gui":{"rotation":[30,225,0]}}}