{"textures":{"0":"modelengine:entity/redancientsamurai"},"elements":[{"from":[9.1,11.249998,4.65],"to":[9.700001,14.65,11.35],"faces":{"east":{"uv":[5.0,5.28125,5.375,5.459375],"tintindex":0,"rotation":0,"texture":"#0"},"south":{"uv":[5.0,5.28125,5.0375,5.49375],"tintindex":0,"rotation":0,"texture":"#0"},"north":{"uv":[5.0,5.28125,5.0375,5.49375],"tintindex":0,"rotation":0,"texture":"#0"},"west":{"uv":[5.0,5.28125,5.375,5.459375],"tintindex":0,"rotation":0,"texture":"#0"},"up":{"uv":[5.0,5.28125,5.0375,5.49375],"tintindex":0,"rotation":0,"texture":"#0"},"down":{"uv":[5.0,5.28125,5.375,5.459375],"tintindex":0,"rotation":0,"texture":"#0"}}},{"from":[7.7000003,6.449999,4.45],"to":[8.3,9.85,11.55],"faces":{"east":{"uv":[5.0,5.28125,5.4,5.459375],"tintindex":0,"rotation":0,"texture":"#0"},"south":{"uv":[5.0,5.28125,5.0375,5.49375],"tintindex":0,"rotation":0,"texture":"#0"},"north":{"uv":[5.0,5.28125,5.0375,5.49375],"tintindex":0,"rotation":0,"texture":"#0"},"west":{"uv":[5.0,5.28125,5.4,5.459375],"tintindex":0,"rotation":0,"texture":"#0"},"up":{"uv":[5.0,5.28125,5.0375,5.49375],"tintindex":0,"rotation":0,"texture":"#0"},"down":{"uv":[5.0,5.28125,5.4,5.459375],"tintindex":0,"rotation":0,"texture":"#0"}}},{"from":[8.3,9.15,4.55],"to":[8.9,12.550001,11.45],"faces":{"east":{"uv":[5.0,5.28125,5.3875,5.459375],"tintindex":0,"rotation":0,"texture":"#0"},"south":{"uv":[5.0,5.28125,5.0375,5.49375],"tintindex":0,"rotation":0,"texture":"#0"},"north":{"uv":[5.0,5.28125,5.0375,5.49375],"tintindex":0,"rotation":0,"texture":"#0"},"west":{"uv":[5.0,5.28125,5.3875,5.459375],"tintindex":0,"rotation":0,"texture":"#0"},"up":{"uv":[5.0,5.28125,5.0375,5.49375],"tintindex":0,"rotation":0,"texture":"#0"},"down":{"uv":[5.0,5.28125,5.3875,5.459375],"tintindex":0,"rotation":0,"texture":"#0"}}}],"display":{"gui":{"rotation":[30,225,0]}}}