{"textures":{"0":"modelengine:entity/redancientsamurai"},"elements":[{"from":[9.133333,6.5,4.55],"to":[9.733334,9.900002,11.45],"faces":{"east":{"uv":[5.0,5.28125,5.375,5.459375],"tintindex":0,"rotation":0,"texture":"#0"},"south":{"uv":[5.0,5.28125,5.0375,5.49375],"tintindex":0,"rotation":0,"texture":"#0"},"north":{"uv":[5.0,5.28125,5.0375,5.49375],"tintindex":0,"rotation":0,"texture":"#0"},"west":{"uv":[5.0,5.28125,5.375,5.459375],"tintindex":0,"rotation":0,"texture":"#0"},"up":{"uv":[5.0,5.28125,5.375,5.459375],"tintindex":0,"rotation":0,"texture":"#0"},"down":{"uv":[5.0,5.28125,5.375,5.459375],"tintindex":0,"rotation":0,"texture":"#0"}}},{"from":[9.733334,3.8000011,4.45],"to":[10.333333,7.200001,11.55],"faces":{"east":{"uv":[5.0,5.28125,5.375,5.459375],"tintindex":0,"rotation":0,"texture":"#0"},"south":{"uv":[5.0,5.28125,5.0375,5.49375],"tintindex":0,"rotation":0,"texture":"#0"},"north":{"uv":[5.0,5.28125,5.0375,5.49375],"tintindex":0,"rotation":0,"texture":"#0"},"west":{"uv":[5.0,5.28125,5.375,5.459375],"tintindex":0,"rotation":0,"texture":"#0"},"up":{"uv":[5.0,5.28125,5.0375,5.49375],"tintindex":0,"rotation":0,"texture":"#0"},"down":{"uv":[5.0,5.28125,5.375,5.459375],"tintindex":0,"rotation":0,"texture":"#0"}}},{"from":[8.433332,8.600002,4.65],"to":[9.033333,12.0,11.35],"faces":{"east":{"uv":[5.0,5.28125,5.375,5.459375],"tintindex":0,"rotation":0,"texture":"#0"},"south":{"uv":[5.0,5.28125,5.0375,5.49375],"tintindex":0,"rotation":0,"texture":"#0"},"north":{"uv":[5.0,5.28125,5.0375,5.49375],"tintindex":0,"rotation":0,"texture":"#0"},"west":{"uv":[5.0,5.28125,5.375,5.459375],"tintindex":0,"rotation":0,"texture":"#0"},"up":{"uv":[5.0,5.28125,5.0375,5.49375],"tintindex":0,"rotation":0,"texture":"#0"},"down":{"uv":[5.0,5.28125,5.375,5.459375],"tintindex":0,"rotation":0,"texture":"#0"}}}],"display":{"gui":{"rotation":[30,225,0]}}}