{"textures":{"0":"modelengine:entity/redancientsamurai"},"elements":[{"from":[7.6,-0.35116386,7.1825666],"to":[13.8,5.0488358,7.6825666],"faces":{"east":{"uv":[2.5,10.125,2.53125,10.46875],"tintindex":0,"rotation":0,"texture":"#0"},"south":{"uv":[0.0,4.5625,0.46875,4.90625],"tintindex":0,"rotation":0,"texture":"#0"},"north":{"uv":[5.8125,2.8125,6.1875,3.15625],"tintindex":0,"rotation":0,"texture":"#0"},"west":{"uv":[3.0625,10.125,3.09375,10.46875],"tintindex":0,"rotation":0,"texture":"#0"},"up":{"uv":[10.3125,0.84375,9.9375,0.8125],"tintindex":0,"rotation":0,"texture":"#0"},"down":{"uv":[10.3125,0.9375,9.9375,0.96875],"tintindex":0,"rotation":0,"texture":"#0"}},"rotation":{"origin":[11.0,2.348835,7.4325666],"angle":-22.5,"axis":"y"}},{"from":[2.0,2.0488358,6.6825666],"to":[8.3,7.4488373,7.1825666],"faces":{"east":{"uv":[3.4375,10.0625,3.46875,10.40625],"tintindex":0,"rotation":0,"texture":"#0"},"south":{"uv":[0.0,4.5625,0.46875,4.90625],"tintindex":0,"rotation":0,"texture":"#0"},"north":{"uv":[5.0,5.125,5.40625,5.46875],"tintindex":0,"rotation":0,"texture":"#0"},"west":{"uv":[4.0,10.0625,4.03125,10.40625],"tintindex":0,"rotation":0,"texture":"#0"},"up":{"uv":[10.28125,0.03125,9.875,0.0],"tintindex":0,"rotation":0,"texture":"#0"},"down":{"uv":[10.28125,0.125,9.875,0.15625],"tintindex":0,"rotation":0,"texture":"#0"}},"rotation":{"origin":[5.0,4.7488365,6.9325666],"angle":22.5,"axis":"y"}},{"from":[7.6,-2.9511642,7.5825667],"to":[14.0,2.4488373,8.082567],"faces":{"east":{"uv":[3.1875,10.125,3.21875,10.46875],"tintindex":0,"rotation":0,"texture":"#0"},"south":{"uv":[0.0,4.5625,0.46875,4.90625],"tintindex":0,"rotation":0,"texture":"#0"},"north":{"uv":[1.5,5.0625,1.90625,5.40625],"tintindex":0,"rotation":0,"texture":"#0"},"west":{"uv":[10.125,3.3125,10.15625,3.65625],"tintindex":0,"rotation":0,"texture":"#0"},"up":{"uv":[10.28125,2.21875,9.875,2.1875],"tintindex":0,"rotation":0,"texture":"#0"},"down":{"uv":[10.28125,2.3125,9.875,2.34375],"tintindex":0,"rotation":0,"texture":"#0"}},"rotation":{"origin":[11.0,-0.25116348,7.8325667],"angle":-22.5,"axis":"y"}},{"from":[2.0,-2.9511642,7.5825667],"to":[8.3,2.4488373,8.082567],"faces":{"east":{"uv":[5.75,10.0625,5.78125,10.40625],"tintindex":0,"rotation":0,"texture":"#0"},"south":{"uv":[0.0,4.5625,0.46875,4.90625],"tintindex":0,"rotation":0,"texture":"#0"},"north":{"uv":[1.5,5.0625,1.90625,5.40625],"tintindex":0,"rotation":0,"texture":"#0"},"west":{"uv":[5.875,10.0625,5.90625,10.40625],"tintindex":0,"rotation":0,"texture":"#0"},"up":{"uv":[10.28125,0.28125,9.875,0.25],"tintindex":0,"rotation":0,"texture":"#0"},"down":{"uv":[10.28125,0.375,9.875,0.40625],"tintindex":0,"rotation":0,"texture":"#0"}},"rotation":{"origin":[5.0,-0.25116348,7.8325667],"angle":22.5,"axis":"y"}},{"from":[7.6,4.848835,6.0825667],"to":[14.0,10.2488365,6.5825667],"faces":{"east":{"uv":[6.0,10.0625,6.03125,10.40625],"tintindex":0,"rotation":0,"texture":"#0"},"south":{"uv":[0.0,4.5625,0.46875,4.90625],"tintindex":0,"rotation":0,"texture":"#0"},"north":{"uv":[0.0,4.5625,0.46875,4.90625],"tintindex":0,"rotation":0,"texture":"#0"},"west":{"uv":[6.75,10.0625,6.78125,10.40625],"tintindex":0,"rotation":0,"texture":"#0"},"up":{"uv":[1.28125,9.90625,0.875,9.875],"tintindex":0,"rotation":0,"texture":"#0"},"down":{"uv":[2.09375,9.875,1.6875,9.90625],"tintindex":0,"rotation":0,"texture":"#0"}},"rotation":{"origin":[11.0,7.5488358,6.3325667],"angle":-22.5,"axis":"y"}},{"from":[2.0,4.848835,6.0825667],"to":[8.3,10.2488365,6.5825667],"faces":{"east":{"uv":[4.9375,10.0,4.96875,10.34375],"tintindex":0,"rotation":0,"texture":"#0"},"south":{"uv":[0.0,4.5625,0.46875,4.90625],"tintindex":0,"rotation":0,"texture":"#0"},"north":{"uv":[4.625,0.0,5.09375,0.34375],"tintindex":0,"rotation":0,"texture":"#0"},"west":{"uv":[1.375,10.0625,1.40625,10.40625],"tintindex":0,"rotation":0,"texture":"#0"},"up":{"uv":[10.21875,7.28125,9.8125,7.25],"tintindex":0,"rotation":0,"texture":"#0"},"down":{"uv":[10.21875,8.5,9.8125,8.53125],"tintindex":0,"rotation":0,"texture":"#0"}},"rotation":{"origin":[5.0,7.5488358,6.3325667],"angle":22.5,"axis":"y"}},{"from":[2.1999998,-0.35116386,7.1825666],"to":[8.3,5.0488358,7.6825666],"faces":{"east":{"uv":[4.3125,10.0625,4.34375,10.40625],"tintindex":0,"rotation":0,"texture":"#0"},"south":{"uv":[0.0,4.5625,0.46875,4.90625],"tintindex":0,"rotation":0,"texture":"#0"},"north":{"uv":[5.8125,2.8125,6.1875,3.15625],"tintindex":0,"rotation":0,"texture":"#0"},"west":{"uv":[4.4375,10.0625,4.46875,10.40625],"tintindex":0,"rotation":0,"texture":"#0"},"up":{"uv":[10.25,9.53125,9.875,9.5],"tintindex":0,"rotation":0,"texture":"#0"},"down":{"uv":[10.25,9.625,9.875,9.65625],"tintindex":0,"rotation":0,"texture":"#0"}},"rotation":{"origin":[5.0,2.348835,7.4325666],"angle":22.5,"axis":"y"}},{"from":[7.6,2.0488358,6.6825666],"to":[14.0,7.4488373,7.1825666],"faces":{"east":{"uv":[6.875,10.0625,6.90625,10.40625],"tintindex":0,"rotation":0,"texture":"#0"},"south":{"uv":[0.0,4.5625,0.46875,4.90625],"tintindex":0,"rotation":0,"texture":"#0"},"north":{"uv":[5.0,5.125,5.40625,5.46875],"tintindex":0,"rotation":0,"texture":"#0"},"west":{"uv":[7.0,10.0625,7.03125,10.40625],"tintindex":0,"rotation":0,"texture":"#0"},"up":{"uv":[10.28125,1.96875,9.875,1.9375],"tintindex":0,"rotation":0,"texture":"#0"},"down":{"uv":[10.28125,2.0625,9.875,2.09375],"tintindex":0,"rotation":0,"texture":"#0"}},"rotation":{"origin":[11.0,4.7488365,6.9325666],"angle":-22.5,"axis":"y"}}],"display":{"gui":{"rotation":[30,225,0]}}}