{"textures":{"0":"modelengine:entity/redancientsamurai"},"elements":[{"from":[7.5249996,4.081155,3.8169417],"to":[8.475,5.381155,22.06694],"faces":{"east":{"uv":[1.0,2.0,3.28125,2.15625],"tintindex":0,"rotation":0,"texture":"#0"},"south":{"uv":[2.15,2.28125,2.209375,2.3625],"tintindex":0,"rotation":0,"texture":"#0"},"north":{"uv":[8.4375,9.625,8.5625,9.78125],"tintindex":0,"rotation":0,"texture":"#0"},"west":{"uv":[1.0,2.25,3.28125,2.40625],"tintindex":0,"rotation":0,"texture":"#0"},"up":{"uv":[2.61875,2.25,3.28125,2.40625],"tintindex":0,"rotation":0,"texture":"#0"},"down":{"uv":[1.0,2.0,2.140625,2.059375],"tintindex":0,"rotation":90,"texture":"#0"}},"rotation":{"origin":[8.0,6.3561554,11.941941],"angle":45.0,"axis":"x"}}],"display":{"gui":{"rotation":[30,225,0]}}}