{"textures":{"0":"modelengine:entity/redancientsamurai"},"elements":[{"from":[11.7,18.964941,10.252994],"to":[13.3,22.76494,11.352994],"faces":{"east":{"uv":[10.625,8.8125,10.6875,8.9375],"tintindex":0,"rotation":0,"texture":"#0"},"south":{"uv":[8.8125,9.625,8.90625,9.8125],"tintindex":0,"rotation":0,"texture":"#0"},"north":{"uv":[9.1875,9.875,9.28125,10.0],"tintindex":0,"rotation":0,"texture":"#0"},"west":{"uv":[10.625,9.75,10.6875,9.875],"tintindex":0,"rotation":0,"texture":"#0"},"up":{"uv":[8.84375,5.3125,8.75,5.25],"tintindex":0,"rotation":0,"texture":"#0"},"down":{"uv":[9.15625,5.125,9.0625,5.1875],"tintindex":0,"rotation":0,"texture":"#0"}}},{"from":[2.6999998,18.964941,10.252994],"to":[4.3,22.76494,11.352994],"faces":{"east":{"uv":[10.625,8.0,10.6875,8.125],"tintindex":0,"rotation":0,"texture":"#0"},"south":{"uv":[8.8125,9.625,8.90625,9.8125],"tintindex":0,"rotation":0,"texture":"#0"},"north":{"uv":[6.75,9.875,6.84375,10.0],"tintindex":0,"rotation":0,"texture":"#0"},"west":{"uv":[10.625,8.625,10.6875,8.75],"tintindex":0,"rotation":0,"texture":"#0"},"up":{"uv":[7.65625,5.375,7.5625,5.3125],"tintindex":0,"rotation":0,"texture":"#0"},"down":{"uv":[8.84375,0.5,8.75,0.5625],"tintindex":0,"rotation":0,"texture":"#0"}}},{"from":[2.6999998,21.503466,3.5673966],"to":[4.3,24.603468,4.0673966],"faces":{"east":{"uv":[6.1875,10.75,6.21875,10.9375],"tintindex":0,"rotation":0,"texture":"#0"},"south":{"uv":[9.375,9.625,9.46875,9.8125],"tintindex":0,"rotation":0,"texture":"#0"},"north":{"uv":[9.1875,9.625,9.28125,9.8125],"tintindex":0,"rotation":0,"texture":"#0"},"west":{"uv":[10.75,6.5625,10.78125,6.75],"tintindex":0,"rotation":0,"texture":"#0"},"up":{"uv":[4.78125,10.90625,4.6875,10.875],"tintindex":0,"rotation":0,"texture":"#0"},"down":{"uv":[4.96875,10.875,4.875,10.90625],"tintindex":0,"rotation":0,"texture":"#0"}},"rotation":{"origin":[8.0,23.053465,3.4173965],"angle":22.5,"axis":"x"}},{"from":[2.6999998,19.603468,9.867396],"to":[4.3,21.703466,10.667397],"faces":{"east":{"uv":[1.9375,9.3125,2.0,9.4375],"tintindex":0,"rotation":0,"texture":"#0"},"south":{"uv":[8.0,5.125,8.09375,5.25],"tintindex":0,"rotation":0,"texture":"#0"},"north":{"uv":[4.0,9.875,4.09375,10.0],"tintindex":0,"rotation":0,"texture":"#0"},"west":{"uv":[3.125,9.375,3.1875,9.5],"tintindex":0,"rotation":0,"texture":"#0"},"up":{"uv":[3.28125,4.25,3.1875,4.1875],"tintindex":0,"rotation":0,"texture":"#0"},"down":{"uv":[7.09375,6.5,7.0,6.5625],"tintindex":0,"rotation":0,"texture":"#0"}},"rotation":{"origin":[8.0,23.053465,3.4173965],"angle":-22.5,"axis":"x"}},{"from":[11.7,23.150393,3.5369482],"to":[13.3,25.150393,10.836948],"faces":{"east":{"uv":[8.75,1.9375,9.21875,2.0625],"tintindex":0,"rotation":0,"texture":"#0"},"south":{"uv":[8.0,5.125,8.09375,5.25],"tintindex":0,"rotation":0,"texture":"#0"},"north":{"uv":[1.375,9.875,1.46875,10.0],"tintindex":0,"rotation":0,"texture":"#0"},"west":{"uv":[8.75,4.25,9.21875,4.375],"tintindex":0,"rotation":0,"texture":"#0"},"up":{"uv":[6.84375,9.46875,6.75,9.0],"tintindex":0,"rotation":0,"texture":"#0"},"down":{"uv":[7.03125,9.0,6.9375,9.46875],"tintindex":0,"rotation":0,"texture":"#0"}}},{"from":[1.6999998,9.503466,3.6673965],"to":[14.3,24.603468,10.567396],"faces":{"east":{"uv":[1.5625,0.0,1.99375,0.94375],"tintindex":0,"rotation":0,"texture":"#0"},"south":{"uv":[1.5625,0.0,2.34375,0.9375],"tintindex":0,"rotation":0,"texture":"#0"},"north":{"uv":[1.5625,0.0,2.34375,0.9375],"tintindex":0,"rotation":0,"texture":"#0"},"west":{"uv":[1.5625,0.0,1.99375,0.94375],"tintindex":0,"rotation":0,"texture":"#0"},"up":{"uv":[1.5625,0.0,2.34375,0.9375],"tintindex":0,"rotation":0,"texture":"#0"},"down":{"uv":[1.5625,0.0,2.34375,0.9375],"tintindex":0,"rotation":0,"texture":"#0"}}},{"from":[2.6999998,23.150393,3.5369482],"to":[4.3,25.150393,10.836948],"faces":{"east":{"uv":[8.75,0.3125,9.21875,0.4375],"tintindex":0,"rotation":0,"texture":"#0"},"south":{"uv":[8.0,5.125,8.09375,5.25],"tintindex":0,"rotation":0,"texture":"#0"},"north":{"uv":[8.0,5.125,8.09375,5.25],"tintindex":0,"rotation":0,"texture":"#0"},"west":{"uv":[8.75,1.75,9.21875,1.875],"tintindex":0,"rotation":0,"texture":"#0"},"up":{"uv":[6.84375,9.46875,6.75,9.0],"tintindex":0,"rotation":0,"texture":"#0"},"down":{"uv":[9.09375,6.375,9.0,6.84375],"tintindex":0,"rotation":0,"texture":"#0"}}},{"from":[11.7,21.503466,3.5673966],"to":[13.3,24.603468,4.0673966],"faces":{"east":{"uv":[10.75,4.125,10.78125,4.3125],"tintindex":0,"rotation":0,"texture":"#0"},"south":{"uv":[9.0,9.625,9.09375,9.8125],"tintindex":0,"rotation":0,"texture":"#0"},"north":{"uv":[8.8125,9.625,8.90625,9.8125],"tintindex":0,"rotation":0,"texture":"#0"},"west":{"uv":[6.0625,10.75,6.09375,10.9375],"tintindex":0,"rotation":0,"texture":"#0"},"up":{"uv":[10.96875,4.28125,10.875,4.25],"tintindex":0,"rotation":0,"texture":"#0"},"down":{"uv":[10.96875,4.375,10.875,4.40625],"tintindex":0,"rotation":0,"texture":"#0"}},"rotation":{"origin":[8.0,23.053465,3.4173965],"angle":22.5,"axis":"x"}},{"from":[11.7,19.603468,9.867396],"to":[13.3,21.703466,10.667397],"faces":{"east":{"uv":[7.375,9.375,7.4375,9.5],"tintindex":0,"rotation":0,"texture":"#0"},"south":{"uv":[8.0,5.125,8.09375,5.25],"tintindex":0,"rotation":0,"texture":"#0"},"north":{"uv":[5.75,9.875,5.84375,10.0],"tintindex":0,"rotation":0,"texture":"#0"},"west":{"uv":[8.25,9.375,8.3125,9.5],"tintindex":0,"rotation":0,"texture":"#0"},"up":{"uv":[7.15625,4.9375,7.0625,4.875],"tintindex":0,"rotation":0,"texture":"#0"},"down":{"uv":[7.28125,4.0,7.1875,4.0625],"tintindex":0,"rotation":0,"texture":"#0"}},"rotation":{"origin":[8.0,23.053465,3.4173965],"angle":-22.5,"axis":"x"}}],"display":{"gui":{"rotation":[30,225,0]}}}