{"textures":{"0":"modelengine:entity/redancientsamurai"},"elements":[{"from":[2.1000004,8.461664,8.939702],"to":[14.1,11.261663,14.039701],"faces":{"east":{"uv":[8.375,7.75,8.625,8.03125],"tintindex":0,"rotation":90,"texture":"#0"},"south":{"uv":[8.375,7.75,8.625,8.03125],"tintindex":0,"rotation":90,"texture":"#0"},"north":{"uv":[8.375,7.75,8.625,8.03125],"tintindex":0,"rotation":90,"texture":"#0"},"west":{"uv":[8.375,7.75,8.625,8.03125],"tintindex":0,"rotation":90,"texture":"#0"},"up":{"uv":[8.375,7.75,8.625,8.03125],"tintindex":0,"rotation":90,"texture":"#0"},"down":{"uv":[8.375,7.75,8.625,8.03125],"tintindex":0,"rotation":90,"texture":"#0"}}},{"from":[2.5000005,7.9032173,5.1307955],"to":[13.700001,13.003218,12.030796],"faces":{"east":{"uv":[1.5625,0.0,2.2625,0.31875],"tintindex":0,"rotation":0,"texture":"#0"},"south":{"uv":[1.5625,0.0,2.2625,0.31875],"tintindex":0,"rotation":0,"texture":"#0"},"north":{"uv":[1.5625,0.0,2.2625,0.31875],"tintindex":0,"rotation":0,"texture":"#0"},"west":{"uv":[1.5625,0.0,2.2625,0.31875],"tintindex":0,"rotation":0,"texture":"#0"},"up":{"uv":[1.5625,0.0,2.2625,0.31875],"tintindex":0,"rotation":0,"texture":"#0"},"down":{"uv":[1.5625,0.0,2.2625,0.31875],"tintindex":0,"rotation":0,"texture":"#0"}},"rotation":{"origin":[8.700001,7.2032185,8.580795],"angle":22.5,"axis":"x"}},{"from":[2.0000005,8.503218,4.9307957],"to":[14.200001,11.303219,8.430796],"faces":{"east":{"uv":[8.375,7.75,8.625,8.03125],"tintindex":0,"rotation":90,"texture":"#0"},"south":{"uv":[8.375,7.75,8.625,8.03125],"tintindex":0,"rotation":90,"texture":"#0"},"north":{"uv":[8.375,7.75,8.625,8.03125],"tintindex":0,"rotation":90,"texture":"#0"},"west":{"uv":[8.375,7.75,8.625,8.03125],"tintindex":0,"rotation":90,"texture":"#0"},"up":{"uv":[8.375,7.75,8.625,8.03125],"tintindex":0,"rotation":90,"texture":"#0"},"down":{"uv":[8.375,7.75,8.625,8.03125],"tintindex":0,"rotation":90,"texture":"#0"}},"rotation":{"origin":[8.700001,7.2032185,8.580795],"angle":22.5,"axis":"x"}}],"display":{"gui":{"rotation":[30,225,0]}}}