{"textures":{"0":"modelengine:entity/chaine"},"elements":[{"from":[16.17357,15.478363,5.27],"to":[16.17357,22.108362,10.73],"faces":{"east":{"uv":[2.41875,9.05,3.13125,10.80625],"tintindex":0,"rotation":0,"texture":"#0"},"south":{"uv":[2.8125,8.68125,3.775,8.8125],"tintindex":0,"rotation":0,"texture":"#0"},"north":{"uv":[2.8125,8.68125,3.775,8.8125],"tintindex":0,"rotation":0,"texture":"#0"},"west":{"uv":[2.8125,8.68125,3.775,8.8125],"tintindex":0,"rotation":0,"texture":"#0"},"up":{"uv":[2.8125,8.68125,3.775,8.8125],"tintindex":0,"rotation":0,"texture":"#0"},"down":{"uv":[2.8125,8.68125,3.775,8.8125],"tintindex":0,"rotation":0,"texture":"#0"}},"rotation":{"origin":[17.08357,0.33336258,6.44],"angle":45.0,"axis":"z"}},{"from":[13.443571,12.358362,8.0],"to":[18.90357,18.988363,8.0],"faces":{"east":{"uv":[2.375,9.05625,3.0875,10.8125],"tintindex":0,"rotation":0,"texture":"#0"},"south":{"uv":[2.41875,9.05,3.13125,10.80625],"tintindex":0,"rotation":0,"texture":"#0"},"north":{"uv":[2.375,9.05625,3.0875,10.8125],"tintindex":0,"rotation":0,"texture":"#0"},"west":{"uv":[2.375,9.05625,3.0875,10.8125],"tintindex":0,"rotation":0,"texture":"#0"},"up":{"uv":[2.375,9.05625,3.0875,10.8125],"tintindex":0,"rotation":0,"texture":"#0"},"down":{"uv":[2.375,9.05625,3.0875,10.8125],"tintindex":0,"rotation":0,"texture":"#0"}},"rotation":{"origin":[17.08357,0.33336258,6.44],"angle":45.0,"axis":"z"}}],"display":{"gui":{"rotation":[30,225,0]}}}