{"textures":{"0":"modelengine:entity/chaine"},"elements":[{"from":[14.493649,-6.9003983,7.09],"to":[14.493649,-4.690398,8.91],"faces":{"east":{"uv":[2.41875,9.05,3.13125,10.80625],"tintindex":0,"rotation":0,"texture":"#0"},"south":{"uv":[3.4375,8.61875,3.65,8.875],"tintindex":0,"rotation":0,"texture":"#0"},"north":{"uv":[3.4375,8.61875,3.65,8.875],"tintindex":0,"rotation":0,"texture":"#0"},"west":{"uv":[2.375,9.05625,3.0875,10.8125],"tintindex":0,"rotation":0,"texture":"#0"},"up":{"uv":[3.4375,8.61875,3.65,8.875],"tintindex":0,"rotation":0,"texture":"#0"},"down":{"uv":[3.4375,8.61875,3.65,8.875],"tintindex":0,"rotation":0,"texture":"#0"}},"rotation":{"origin":[30.656982,7.637935,8.0],"angle":-45.0,"axis":"z"}},{"from":[13.540316,-8.070398,8.0],"to":[15.360315,-5.8603973,8.0],"faces":{"east":{"uv":[2.375,9.05625,3.0875,10.8125],"tintindex":0,"rotation":0,"texture":"#0"},"south":{"uv":[2.41875,9.05,3.13125,10.80625],"tintindex":0,"rotation":0,"texture":"#0"},"north":{"uv":[2.375,9.05625,3.0875,10.8125],"tintindex":0,"rotation":0,"texture":"#0"},"west":{"uv":[2.375,9.05625,3.0875,10.8125],"tintindex":0,"rotation":0,"texture":"#0"},"up":{"uv":[2.375,9.05625,3.0875,10.8125],"tintindex":0,"rotation":0,"texture":"#0"},"down":{"uv":[2.375,9.05625,3.0875,10.8125],"tintindex":0,"rotation":0,"texture":"#0"}},"rotation":{"origin":[30.656982,7.637935,8.0],"angle":-45.0,"axis":"z"}}],"display":{"gui":{"rotation":[30,225,0]}}}