{"textures":{"0":"modelengine:entity/chaine"},"elements":[{"from":[15.161676,-8.919039,8.0],"to":[16.981676,-6.709038,8.0],"faces":{"east":{"uv":[2.375,9.05625,3.0875,10.8125],"tintindex":0,"rotation":0,"texture":"#0"},"south":{"uv":[2.41875,9.05,3.13125,10.80625],"tintindex":0,"rotation":0,"texture":"#0"},"north":{"uv":[2.375,9.05625,3.0875,10.8125],"tintindex":0,"rotation":0,"texture":"#0"},"west":{"uv":[2.375,9.05625,3.0875,10.8125],"tintindex":0,"rotation":0,"texture":"#0"},"up":{"uv":[2.375,9.05625,3.0875,10.8125],"tintindex":0,"rotation":0,"texture":"#0"},"down":{"uv":[2.375,9.05625,3.0875,10.8125],"tintindex":0,"rotation":0,"texture":"#0"}},"rotation":{"origin":[32.278343,9.129295,8.0],"angle":-45.0,"axis":"z"}},{"from":[16.11501,-7.5323715,7.09],"to":[16.11501,-5.3223715,8.91],"faces":{"east":{"uv":[2.41875,9.05,3.13125,10.80625],"tintindex":0,"rotation":0,"texture":"#0"},"south":{"uv":[3.4375,8.61875,3.65,8.875],"tintindex":0,"rotation":0,"texture":"#0"},"north":{"uv":[3.4375,8.61875,3.65,8.875],"tintindex":0,"rotation":0,"texture":"#0"},"west":{"uv":[2.375,9.05625,3.0875,10.8125],"tintindex":0,"rotation":0,"texture":"#0"},"up":{"uv":[3.4375,8.61875,3.65,8.875],"tintindex":0,"rotation":0,"texture":"#0"},"down":{"uv":[3.4375,8.61875,3.65,8.875],"tintindex":0,"rotation":0,"texture":"#0"}},"rotation":{"origin":[32.278343,9.129295,8.0],"angle":-45.0,"axis":"z"}}],"display":{"gui":{"rotation":[30,225,0]}}}