{"textures":{"0":"modelengine:entity/chaine"},"elements":[{"from":[18.559765,14.392168,8.0],"to":[24.019764,21.022167,8.0],"faces":{"east":{"uv":[2.375,9.05625,3.0875,10.8125],"tintindex":0,"rotation":0,"texture":"#0"},"south":{"uv":[2.41875,9.05,3.13125,10.80625],"tintindex":0,"rotation":0,"texture":"#0"},"north":{"uv":[2.375,9.05625,3.0875,10.8125],"tintindex":0,"rotation":0,"texture":"#0"},"west":{"uv":[2.375,9.05625,3.0875,10.8125],"tintindex":0,"rotation":0,"texture":"#0"},"up":{"uv":[2.375,9.05625,3.0875,10.8125],"tintindex":0,"rotation":0,"texture":"#0"},"down":{"uv":[2.375,9.05625,3.0875,10.8125],"tintindex":0,"rotation":0,"texture":"#0"}},"rotation":{"origin":[22.199764,-4.652832,6.44],"angle":45.0,"axis":"z"}},{"from":[21.289764,16.472168,5.27],"to":[21.289764,23.102169,10.73],"faces":{"east":{"uv":[2.41875,9.05,3.13125,10.80625],"tintindex":0,"rotation":0,"texture":"#0"},"south":{"uv":[2.8125,8.68125,3.775,8.8125],"tintindex":0,"rotation":0,"texture":"#0"},"north":{"uv":[2.8125,8.68125,3.775,8.8125],"tintindex":0,"rotation":0,"texture":"#0"},"west":{"uv":[2.8125,8.68125,3.775,8.8125],"tintindex":0,"rotation":0,"texture":"#0"},"up":{"uv":[2.8125,8.68125,3.775,8.8125],"tintindex":0,"rotation":0,"texture":"#0"},"down":{"uv":[2.8125,8.68125,3.775,8.8125],"tintindex":0,"rotation":0,"texture":"#0"}},"rotation":{"origin":[22.199764,-4.652832,6.44],"angle":45.0,"axis":"z"}}],"display":{"gui":{"rotation":[30,225,0]}}}