{"textures":{"0":"modelengine:entity/chaine"},"elements":[{"from":[8.455589,7.865528,7.8483334],"to":[8.455589,8.158028,8.303333],"faces":{"east":{"uv":[2.54375,9.05625,2.94375,9.95625],"tintindex":0,"rotation":90,"texture":"#0"},"south":{"uv":[3.04375,9.05625,3.44375,9.95625],"tintindex":0,"rotation":90,"texture":"#0"},"north":{"uv":[3.04375,9.05625,3.44375,9.95625],"tintindex":0,"rotation":90,"texture":"#0"},"west":{"uv":[3.04375,9.05625,3.44375,9.95625],"tintindex":0,"rotation":90,"texture":"#0"},"up":{"uv":[3.04375,9.05625,3.44375,9.95625],"tintindex":0,"rotation":90,"texture":"#0"},"down":{"uv":[3.04375,9.05625,3.44375,9.95625],"tintindex":0,"rotation":90,"texture":"#0"}}},{"from":[27.013088,7.865528,7.8483334],"to":[27.98809,8.158028,7.8483334],"faces":{"east":{"uv":[3.04375,9.18125,3.38125,10.64375],"tintindex":0,"rotation":90,"texture":"#0"},"south":{"uv":[3.04375,9.18125,3.38125,10.64375],"tintindex":0,"rotation":90,"texture":"#0"},"north":{"uv":[2.54375,9.05625,2.94375,10.83125],"tintindex":0,"rotation":90,"texture":"#0"},"west":{"uv":[3.04375,9.18125,3.38125,10.64375],"tintindex":0,"rotation":90,"texture":"#0"},"up":{"uv":[3.04375,9.18125,3.38125,10.64375],"tintindex":0,"rotation":90,"texture":"#0"},"down":{"uv":[3.04375,9.18125,3.38125,10.64375],"tintindex":0,"rotation":90,"texture":"#0"}}},{"from":[25.481075,15.059731,8.320667],"to":[26.553574,15.381479,8.320667],"faces":{"east":{"uv":[3.04375,9.18125,3.38125,10.64375],"tintindex":0,"rotation":90,"texture":"#0"},"south":{"uv":[3.04375,9.18125,3.38125,10.64375],"tintindex":0,"rotation":90,"texture":"#0"},"north":{"uv":[2.54375,9.05625,2.94375,10.83125],"tintindex":0,"rotation":90,"texture":"#0"},"west":{"uv":[3.04375,9.18125,3.38125,10.64375],"tintindex":0,"rotation":90,"texture":"#0"},"up":{"uv":[3.04375,9.18125,3.38125,10.64375],"tintindex":0,"rotation":90,"texture":"#0"},"down":{"uv":[3.04375,9.18125,3.38125,10.64375],"tintindex":0,"rotation":90,"texture":"#0"}},"rotation":{"origin":[7.9897556,7.686778,8.0],"angle":-22.5,"axis":"z"}},{"from":[25.670937,0.58463335,8.320667],"to":[26.743435,0.9063835,8.320667],"faces":{"east":{"uv":[3.04375,9.18125,3.38125,10.64375],"tintindex":0,"rotation":90,"texture":"#0"},"south":{"uv":[3.04375,9.18125,3.38125,10.64375],"tintindex":0,"rotation":90,"texture":"#0"},"north":{"uv":[2.54375,9.05625,2.94375,10.83125],"tintindex":0,"rotation":90,"texture":"#0"},"west":{"uv":[3.04375,9.18125,3.38125,10.64375],"tintindex":0,"rotation":90,"texture":"#0"},"up":{"uv":[3.04375,9.18125,3.38125,10.64375],"tintindex":0,"rotation":90,"texture":"#0"},"down":{"uv":[3.04375,9.18125,3.38125,10.64375],"tintindex":0,"rotation":90,"texture":"#0"}},"rotation":{"origin":[8.0171175,7.7528353,8.0],"angle":22.5,"axis":"z"}},{"from":[27.013088,7.865528,8.335834],"to":[27.98809,8.158028,8.335834],"faces":{"east":{"uv":[3.04375,9.18125,3.38125,10.64375],"tintindex":0,"rotation":90,"texture":"#0"},"south":{"uv":[3.04375,9.18125,3.38125,10.64375],"tintindex":0,"rotation":90,"texture":"#0"},"north":{"uv":[2.54375,9.05625,2.94375,10.83125],"tintindex":0,"rotation":90,"texture":"#0"},"west":{"uv":[3.04375,9.18125,3.38125,10.64375],"tintindex":0,"rotation":90,"texture":"#0"},"up":{"uv":[3.04375,9.18125,3.38125,10.64375],"tintindex":0,"rotation":90,"texture":"#0"},"down":{"uv":[3.04375,9.18125,3.38125,10.64375],"tintindex":0,"rotation":90,"texture":"#0"}}},{"from":[7.4654226,7.597403,8.320667],"to":[8.537923,7.919153,8.320667],"faces":{"east":{"uv":[3.04375,9.18125,3.38125,10.64375],"tintindex":0,"rotation":90,"texture":"#0"},"south":{"uv":[3.04375,9.18125,3.38125,10.64375],"tintindex":0,"rotation":90,"texture":"#0"},"north":{"uv":[2.54375,9.05625,2.94375,10.83125],"tintindex":0,"rotation":90,"texture":"#0"},"west":{"uv":[3.04375,9.18125,3.38125,10.64375],"tintindex":0,"rotation":90,"texture":"#0"},"up":{"uv":[3.04375,9.18125,3.38125,10.64375],"tintindex":0,"rotation":90,"texture":"#0"},"down":{"uv":[3.04375,9.18125,3.38125,10.64375],"tintindex":0,"rotation":90,"texture":"#0"}},"rotation":{"origin":[7.9897556,7.686778,8.0],"angle":-22.5,"axis":"z"}},{"from":[7.513089,7.865528,7.8483334],"to":[7.513089,8.158028,8.303333],"faces":{"east":{"uv":[3.04375,9.05625,3.44375,9.95625],"tintindex":0,"rotation":90,"texture":"#0"},"south":{"uv":[3.04375,9.05625,3.44375,9.95625],"tintindex":0,"rotation":90,"texture":"#0"},"north":{"uv":[3.04375,9.05625,3.44375,9.95625],"tintindex":0,"rotation":90,"texture":"#0"},"west":{"uv":[2.54375,9.05625,2.94375,9.95625],"tintindex":0,"rotation":90,"texture":"#0"},"up":{"uv":[3.04375,9.05625,3.44375,9.95625],"tintindex":0,"rotation":90,"texture":"#0"},"down":{"uv":[3.04375,9.05625,3.44375,9.95625],"tintindex":0,"rotation":90,"texture":"#0"}}},{"from":[8.692035,8.046961,7.8331666],"to":[8.692035,8.3687105,8.333667],"faces":{"east":{"uv":[2.54375,9.05625,2.94375,9.95625],"tintindex":0,"rotation":90,"texture":"#0"},"south":{"uv":[3.04375,9.05625,3.44375,9.95625],"tintindex":0,"rotation":90,"texture":"#0"},"north":{"uv":[3.04375,9.05625,3.44375,9.95625],"tintindex":0,"rotation":90,"texture":"#0"},"west":{"uv":[3.04375,9.05625,3.44375,9.95625],"tintindex":0,"rotation":90,"texture":"#0"},"up":{"uv":[3.04375,9.05625,3.44375,9.95625],"tintindex":0,"rotation":90,"texture":"#0"},"down":{"uv":[3.04375,9.05625,3.44375,9.95625],"tintindex":0,"rotation":90,"texture":"#0"}},"rotation":{"origin":[8.0171175,7.7528353,8.0],"angle":22.5,"axis":"z"}},{"from":[7.655285,8.046961,7.8331666],"to":[8.727784,8.3687105,7.8331666],"faces":{"east":{"uv":[3.04375,9.18125,3.38125,10.64375],"tintindex":0,"rotation":90,"texture":"#0"},"south":{"uv":[3.04375,9.18125,3.38125,10.64375],"tintindex":0,"rotation":90,"texture":"#0"},"north":{"uv":[2.54375,9.05625,2.94375,10.83125],"tintindex":0,"rotation":90,"texture":"#0"},"west":{"uv":[3.04375,9.18125,3.38125,10.64375],"tintindex":0,"rotation":90,"texture":"#0"},"up":{"uv":[3.04375,9.18125,3.38125,10.64375],"tintindex":0,"rotation":90,"texture":"#0"},"down":{"uv":[3.04375,9.18125,3.38125,10.64375],"tintindex":0,"rotation":90,"texture":"#0"}},"rotation":{"origin":[8.0171175,7.7528353,8.0],"angle":22.5,"axis":"z"}},{"from":[25.670937,0.58463335,7.8331666],"to":[25.670937,0.9063835,8.333667],"faces":{"east":{"uv":[3.04375,9.05625,3.44375,9.95625],"tintindex":0,"rotation":90,"texture":"#0"},"south":{"uv":[3.04375,9.05625,3.44375,9.95625],"tintindex":0,"rotation":90,"texture":"#0"},"north":{"uv":[3.04375,9.05625,3.44375,9.95625],"tintindex":0,"rotation":90,"texture":"#0"},"west":{"uv":[2.54375,9.05625,2.94375,9.95625],"tintindex":0,"rotation":90,"texture":"#0"},"up":{"uv":[3.04375,9.05625,3.44375,9.95625],"tintindex":0,"rotation":90,"texture":"#0"},"down":{"uv":[3.04375,9.05625,3.44375,9.95625],"tintindex":0,"rotation":90,"texture":"#0"}},"rotation":{"origin":[8.0171175,7.7528353,8.0],"angle":22.5,"axis":"z"}},{"from":[25.481075,15.059731,7.8331666],"to":[26.553574,15.381479,7.8331666],"faces":{"east":{"uv":[3.04375,9.18125,3.38125,10.64375],"tintindex":0,"rotation":90,"texture":"#0"},"south":{"uv":[3.04375,9.18125,3.38125,10.64375],"tintindex":0,"rotation":90,"texture":"#0"},"north":{"uv":[2.54375,9.05625,2.94375,10.83125],"tintindex":0,"rotation":90,"texture":"#0"},"west":{"uv":[3.04375,9.18125,3.38125,10.64375],"tintindex":0,"rotation":90,"texture":"#0"},"up":{"uv":[3.04375,9.18125,3.38125,10.64375],"tintindex":0,"rotation":90,"texture":"#0"},"down":{"uv":[3.04375,9.18125,3.38125,10.64375],"tintindex":0,"rotation":90,"texture":"#0"}},"rotation":{"origin":[7.9897556,7.686778,8.0],"angle":-22.5,"axis":"z"}},{"from":[8.502172,7.597403,7.8331666],"to":[8.502172,7.919153,8.333667],"faces":{"east":{"uv":[2.54375,9.05625,2.94375,9.95625],"tintindex":0,"rotation":90,"texture":"#0"},"south":{"uv":[3.04375,9.05625,3.44375,9.95625],"tintindex":0,"rotation":90,"texture":"#0"},"north":{"uv":[3.04375,9.05625,3.44375,9.95625],"tintindex":0,"rotation":90,"texture":"#0"},"west":{"uv":[3.04375,9.05625,3.44375,9.95625],"tintindex":0,"rotation":90,"texture":"#0"},