{"textures":{"0":"modelengine:entity/chaine"},"elements":[{"from":[8.483673,2.0817833,5.5299997],"to":[13.2936735,6.5017815,10.469999],"faces":{"east":{"uv":[14.125,0.0,16.0,2.0],"tintindex":0,"rotation":0,"texture":"#0"},"south":{"uv":[14.125,0.0,16.0,2.0],"tintindex":0,"rotation":0,"texture":"#0"},"north":{"uv":[14.125,0.0,16.0,2.0],"tintindex":0,"rotation":0,"texture":"#0"},"west":{"uv":[14.125,0.0,16.0,2.0],"tintindex":0,"rotation":0,"texture":"#0"},"up":{"uv":[14.125,0.0,16.0,2.0],"tintindex":0,"rotation":0,"texture":"#0"},"down":{"uv":[14.125,0.0,16.0,2.0],"tintindex":0,"rotation":0,"texture":"#0"}}},{"from":[10.59392,11.141125,5.5299997],"to":[11.3739195,13.481125,10.469999],"faces":{"east":{"uv":[14.625,12.6875,15.1,12.7625],"tintindex":0,"rotation":90,"texture":"#0"},"south":{"uv":[14.625,12.6875,15.1,12.7625],"tintindex":0,"rotation":90,"texture":"#0"},"north":{"uv":[14.625,12.6875,15.1,12.7625],"tintindex":0,"rotation":90,"texture":"#0"},"west":{"uv":[14.625,12.6875,15.1,12.7625],"tintindex":0,"rotation":90,"texture":"#0"},"up":{"uv":[14.625,12.6875,15.1,12.7625],"tintindex":0,"rotation":90,"texture":"#0"},"down":{"uv":[14.625,12.6875,15.1,12.7625],"tintindex":0,"rotation":90,"texture":"#0"}},"rotation":{"origin":[11.912446,7.732815,8.0],"angle":-22.5,"axis":"z"}},{"from":[8.353674,6.371784,4.75],"to":[13.423674,12.221783,11.25],"faces":{"east":{"uv":[13.875,15.0625,14.75,16.0],"tintindex":0,"rotation":180,"texture":"#0"},"south":{"uv":[13.875,15.0625,14.75,16.0],"tintindex":0,"rotation":180,"texture":"#0"},"north":{"uv":[13.875,15.0625,14.75,16.0],"tintindex":0,"rotation":180,"texture":"#0"},"west":{"uv":[13.875,15.0625,14.75,16.0],"tintindex":0,"rotation":180,"texture":"#0"},"up":{"uv":[13.875,15.0625,14.75,16.0],"tintindex":0,"rotation":180,"texture":"#0"},"down":{"uv":[13.875,15.0625,14.75,16.0],"tintindex":0,"rotation":180,"texture":"#0"}}},{"from":[8.64392,11.141125,4.88],"to":[9.42392,14.261124,11.12],"faces":{"east":{"uv":[14.625,12.6875,15.225,12.7625],"tintindex":0,"rotation":90,"texture":"#0"},"south":{"uv":[14.625,12.6875,15.225,12.7625],"tintindex":0,"rotation":90,"texture":"#0"},"north":{"uv":[14.625,12.6875,15.225,12.7625],"tintindex":0,"rotation":90,"texture":"#0"},"west":{"uv":[14.625,12.6875,15.225,12.7625],"tintindex":0,"rotation":90,"texture":"#0"},"up":{"uv":[14.625,12.6875,15.225,12.7625],"tintindex":0,"rotation":90,"texture":"#0"},"down":{"uv":[14.625,12.6875,15.225,12.7625],"tintindex":0,"rotation":90,"texture":"#0"}},"rotation":{"origin":[11.912446,7.732815,8.0],"angle":-22.5,"axis":"z"}},{"from":[15.013776,4.0387306,4.62],"to":[15.793776,10.278732,11.379999],"faces":{"east":{"uv":[14.125,11.9375,14.725,12.0125],"tintindex":0,"rotation":90,"texture":"#0"},"south":{"uv":[14.125,11.9375,14.725,12.0125],"tintindex":0,"rotation":90,"texture":"#0"},"north":{"uv":[14.125,11.9375,14.725,12.0125],"tintindex":0,"rotation":90,"texture":"#0"},"west":{"uv":[14.125,11.9375,14.725,12.0125],"tintindex":0,"rotation":90,"texture":"#0"},"up":{"uv":[14.125,11.9375,14.725,12.0125],"tintindex":0,"rotation":90,"texture":"#0"},"down":{"uv":[14.125,11.9375,14.725,12.0125],"tintindex":0,"rotation":90,"texture":"#0"}},"rotation":{"origin":[12.8229885,2.0298119,8.0],"angle":22.5,"axis":"z"}},{"from":[6.6444416,10.89238,4.3599997],"to":[13.0144415,12.842381,11.639999],"faces":{"east":{"uv":[14.125,11.9375,14.875,12.8],"tintindex":0,"rotation":90,"texture":"#0"},"south":{"uv":[14.125,11.9375,14.875,12.8],"tintindex":0,"rotation":90,"texture":"#0"},"north":{"uv":[14.125,11.9375,14.875,12.8],"tintindex":0,"rotation":90,"texture":"#0"},"west":{"uv":[14.125,11.9375,14.825,12.55],"tintindex":0,"rotation":90,"texture":"#0"},"up":{"uv":[14.125,11.9375,14.825,12.55],"tintindex":0,"rotation":90,"texture":"#0"},"down":{"uv":[14.125,11.9375,14.825,12.55],"tintindex":0,"rotation":90,"texture":"#0"}},"rotation":{"origin":[11.602967,7.28907,8.0],"angle":-22.5,"axis":"z"}},{"from":[7.173078,9.538544,4.49],"to":[14.453078,10.708546,11.51],"faces":{"east":{"uv":[14.125,11.9375,14.4375,12.8],"tintindex":0,"rotation":90,"texture":"#0"},"south":{"uv":[14.125,11.9375,14.4375,12.8],"tintindex":0,"rotation":90,"texture":"#0"},"north":{"uv":[14.125,11.9375,14.4375,12.8],"tintindex":0,"rotation":90,"texture":"#0"},"west":{"uv":[14.125,11.9375,14.4375,12.8],"tintindex":0,"rotation":90,"texture":"#0"},"up":{"uv":[14.125,11.9375,14.4375,12.8],"tintindex":0,"rotation":90,"texture":"#0"},"down":{"uv":[14.125,11.9375,14.4375,12.8],"tintindex":0,"rotation":90,"texture":"#0"}},"rotation":{"origin":[11.082968,6.8990707,8.0],"angle":-45.0,"axis":"z"}}],"display":{"gui":{"rotation":[30,225,0]}}}