{"textures":{"0":"modelengine:entity/chaine"},"elements":[{"from":[7.4800005,6.6499996,6.05],"to":[8.52,7.950001,6.83],"faces":{"east":{"uv":[15.25,12.5375,15.6,12.8875],"tintindex":0,"rotation":90,"texture":"#0"},"south":{"uv":[15.25,12.5375,15.6,12.8875],"tintindex":0,"rotation":90,"texture":"#0"},"north":{"uv":[15.25,12.5375,15.6,12.8875],"tintindex":0,"rotation":90,"texture":"#0"},"west":{"uv":[15.25,12.5375,15.6,12.8875],"tintindex":0,"rotation":90,"texture":"#0"},"up":{"uv":[15.25,12.5375,15.6,12.8875],"tintindex":0,"rotation":90,"texture":"#0"},"down":{"uv":[15.25,12.5375,15.6,12.8875],"tintindex":0,"rotation":90,"texture":"#0"}}},{"from":[7.4800005,6.6499996,8.13],"to":[8.52,7.950001,8.91],"faces":{"east":{"uv":[15.25,12.5375,15.6,12.8875],"tintindex":0,"rotation":90,"texture":"#0"},"south":{"uv":[15.25,12.5375,15.6,12.8875],"tintindex":0,"rotation":90,"texture":"#0"},"north":{"uv":[15.25,12.5375,15.6,12.8875],"tintindex":0,"rotation":90,"texture":"#0"},"west":{"uv":[15.25,12.5375,15.6,12.8875],"tintindex":0,"rotation":90,"texture":"#0"},"up":{"uv":[15.25,12.5375,15.6,12.8875],"tintindex":0,"rotation":90,"texture":"#0"},"down":{"uv":[15.25,12.5375,15.6,12.8875],"tintindex":0,"rotation":90,"texture":"#0"}}},{"from":[7.4800005,6.6499996,9.17],"to":[8.52,7.950001,9.95],"faces":{"east":{"uv":[15.25,12.5375,15.6,12.8875],"tintindex":0,"rotation":90,"texture":"#0"},"south":{"uv":[15.25,12.5375,15.6,12.8875],"tintindex":0,"rotation":90,"texture":"#0"},"north":{"uv":[15.25,12.5375,15.6,12.8875],"tintindex":0,"rotation":90,"texture":"#0"},"west":{"uv":[15.25,12.5375,15.6,12.8875],"tintindex":0,"rotation":90,"texture":"#0"},"up":{"uv":[15.25,12.5375,15.6,12.8875],"tintindex":0,"rotation":90,"texture":"#0"},"down":{"uv":[15.25,12.5375,15.6,12.8875],"tintindex":0,"rotation":90,"texture":"#0"}}},{"from":[7.4800005,6.6499996,7.09],"to":[8.52,7.950001,7.87],"faces":{"east":{"uv":[15.25,12.5375,15.6,12.8875],"tintindex":0,"rotation":90,"texture":"#0"},"south":{"uv":[15.25,12.5375,15.6,12.8875],"tintindex":0,"rotation":90,"texture":"#0"},"north":{"uv":[15.25,12.5375,15.6,12.8875],"tintindex":0,"rotation":90,"texture":"#0"},"west":{"uv":[15.25,12.5375,15.6,12.8875],"tintindex":0,"rotation":90,"texture":"#0"},"up":{"uv":[15.25,12.5375,15.6,12.8875],"tintindex":0,"rotation":90,"texture":"#0"},"down":{"uv":[15.25,12.5375,15.6,12.8875],"tintindex":0,"rotation":90,"texture":"#0"}}}],"display":{"gui":{"rotation":[30,225,0]}}}