{"textures":{"0":"modelengine:entity/chaine"},"elements":[{"from":[9.536225,-5.445673,5.79],"to":[10.576225,-4.1456738,6.5699997],"faces":{"east":{"uv":[15.25,12.5375,15.6,12.8875],"tintindex":0,"rotation":90,"texture":"#0"},"south":{"uv":[15.25,12.5375,15.6,12.8875],"tintindex":0,"rotation":90,"texture":"#0"},"north":{"uv":[15.25,12.5375,15.6,12.8875],"tintindex":0,"rotation":90,"texture":"#0"},"west":{"uv":[15.25,12.5375,15.6,12.8875],"tintindex":0,"rotation":90,"texture":"#0"},"up":{"uv":[15.25,12.5375,15.6,12.8875],"tintindex":0,"rotation":90,"texture":"#0"},"down":{"uv":[15.25,12.5375,15.6,12.8875],"tintindex":0,"rotation":90,"texture":"#0"}}},{"from":[6.156225,-3.7556725,4.23],"to":[10.186226,-1.9356728,8.13],"faces":{"east":{"uv":[14.625,12.1875,14.8,12.575],"tintindex":0,"rotation":90,"texture":"#0"},"south":{"uv":[14.625,12.1875,14.8,12.575],"tintindex":0,"rotation":90,"texture":"#0"},"north":{"uv":[14.625,12.1875,14.8,12.575],"tintindex":0,"rotation":90,"texture":"#0"},"west":{"uv":[14.625,12.1875,14.8,12.575],"tintindex":0,"rotation":90,"texture":"#0"},"up":{"uv":[14.625,12.1875,14.8,12.575],"tintindex":0,"rotation":90,"texture":"#0"},"down":{"uv":[14.625,12.1875,14.8,12.575],"tintindex":0,"rotation":90,"texture":"#0"}}},{"from":[11.149787,-3.100975,5.79],"to":[12.189787,-1.8009758,6.5699997],"faces":{"east":{"uv":[15.25,12.5375,15.6,12.8875],"tintindex":0,"rotation":90,"texture":"#0"},"south":{"uv":[15.25,12.5375,15.6,12.8875],"tintindex":0,"rotation":90,"texture":"#0"},"north":{"uv":[15.25,12.5375,15.6,12.8875],"tintindex":0,"rotation":90,"texture":"#0"},"west":{"uv":[15.25,12.5375,15.6,12.8875],"tintindex":0,"rotation":90,"texture":"#0"},"up":{"uv":[15.25,12.5375,15.6,12.8875],"tintindex":0,"rotation":90,"texture":"#0"},"down":{"uv":[15.25,12.5375,15.6,12.8875],"tintindex":0,"rotation":90,"texture":"#0"}},"rotation":{"origin":[10.741261,-7.0292854,6.18],"angle":22.5,"axis":"z"}},{"from":[9.536225,-4.1456738,5.79],"to":[10.576225,-2.8456726,6.5699997],"faces":{"east":{"uv":[15.25,12.5375,15.6,12.8875],"tintindex":0,"rotation":90,"texture":"#0"},"south":{"uv":[15.25,12.5375,15.6,12.8875],"tintindex":0,"rotation":90,"texture":"#0"},"north":{"uv":[15.25,12.5375,15.6,12.8875],"tintindex":0,"rotation":90,"texture":"#0"},"west":{"uv":[15.25,12.5375,15.6,12.8875],"tintindex":0,"rotation":90,"texture":"#0"},"up":{"uv":[15.25,12.5375,15.6,12.8875],"tintindex":0,"rotation":90,"texture":"#0"},"down":{"uv":[15.25,12.5375,15.6,12.8875],"tintindex":0,"rotation":90,"texture":"#0"}}},{"from":[6.2862253,-1.2856731,3.9699998],"to":[10.576225,2.4843254,8.39],"faces":{"east":{"uv":[14.125,3.0625,15.2875,4.175],"tintindex":0,"rotation":0,"texture":"#0"},"south":{"uv":[14.125,3.0625,15.2875,4.175],"tintindex":0,"rotation":0,"texture":"#0"},"north":{"uv":[14.125,3.0625,15.2875,4.175],"tintindex":0,"rotation":0,"texture":"#0"},"west":{"uv":[14.125,3.0625,15.2875,4.175],"tintindex":0,"rotation":0,"texture":"#0"},"up":{"uv":[14.125,3.0625,15.2875,4.175],"tintindex":0,"rotation":0,"texture":"#0"},"down":{"uv":[14.125,3.0625,15.2875,4.175],"tintindex":0,"rotation":0,"texture":"#0"}}},{"from":[6.156225,3.5243263,3.8400002],"to":[10.706225,8.464329,8.5199995],"faces":{"east":{"uv":[14.125,0.0,16.0,2.0],"tintindex":0,"rotation":0,"texture":"#0"},"south":{"uv":[14.125,0.0,16.0,2.0],"tintindex":0,"rotation":0,"texture":"#0"},"north":{"uv":[14.125,0.0,16.0,2.0],"tintindex":0,"rotation":0,"texture":"#0"},"west":{"uv":[14.125,0.0,16.0,2.0],"tintindex":0,"rotation":0,"texture":"#0"},"up":{"uv":[14.125,0.0,16.0,2.0],"tintindex":0,"rotation":0,"texture":"#0"},"down":{"uv":[14.125,0.0,16.0,2.0],"tintindex":0,"rotation":0,"texture":"#0"}}},{"from":[6.156225,-1.9356728,3.8400002],"to":[10.706225,-0.7656727,8.5199995],"faces":{"east":{"uv":[12.75,14.25,13.3125,15.825],"tintindex":0,"rotation":90,"texture":"#0"},"south":{"uv":[12.75,14.25,13.3125,15.825],"tintindex":0,"rotation":90,"texture":"#0"},"north":{"uv":[12.75,14.25,13.3125,15.825],"tintindex":0,"rotation":90,"texture":"#0"},"west":{"uv":[12.75,14.25,13.3125,15.825],"tintindex":0,"rotation":90,"texture":"#0"},"up":{"uv":[12.75,14.25,13.3125,15.825],"tintindex":0,"rotation":90,"texture":"#0"},"down":{"uv":[12.75,14.25,13.3125,15.825],"tintindex":0,"rotation":90,"texture":"#0"}}},{"from":[6.026225,2.3543282,3.71],"to":[10.8362255,3.5243263,8.65],"faces":{"east":{"uv":[12.75,14.25,13.3125,15.825],"tintindex":0,"rotation":90,"texture":"#0"},"south":{"uv":[12.75,14.25,13.3125,15.825],"tintindex":0,"rotation":90,"texture":"#0"},"north":{"uv":[12.75,14.25,13.3125,15.825],"tintindex":0,"rotation":90,"texture":"#0"},"west":{"uv":[12.75,14.25,13.3125,15.825],"tintindex":0,"rotation":90,"texture":"#0"},"up":{"uv":[12.75,14.25,13.3125,15.825],"tintindex":0,"rotation":90,"texture":"#0"},"down":{"uv":[12.75,14.25,13.3125,15.825],"tintindex":0,"rotation":90,"texture":"#0"}}}],"display":{"gui":{"rotation":[30,225,0]}}}