{"textures":{"0":"modelengine:entity/chaine"},"elements":[{"from":[5.27,-7.03125,5.5950003],"to":[10.73,-3.5212498,8.065],"faces":{"east":{"uv":[8.375,7.4375,9.525,8.275],"tintindex":0,"rotation":0,"texture":"#0"},"south":{"uv":[8.375,7.4375,9.525,8.275],"tintindex":0,"rotation":0,"texture":"#0"},"north":{"uv":[8.375,7.4375,9.525,8.275],"tintindex":0,"rotation":0,"texture":"#0"},"west":{"uv":[8.375,7.4375,9.525,8.275],"tintindex":0,"rotation":0,"texture":"#0"},"up":{"uv":[8.375,7.4375,9.525,8.275],"tintindex":0,"rotation":0,"texture":"#0"},"down":{"uv":[8.375,7.4375,9.525,8.275],"tintindex":0,"rotation":0,"texture":"#0"}}},{"from":[5.3999996,-7.03125,2.605],"to":[10.6,-3.65125,5.5950003],"faces":{"east":{"uv":[8.375,7.4375,9.5,8.2625],"tintindex":0,"rotation":0,"texture":"#0"},"south":{"uv":[8.375,7.4375,9.5,8.2625],"tintindex":0,"rotation":0,"texture":"#0"},"north":{"uv":[8.375,7.4375,9.5,8.2625],"tintindex":0,"rotation":0,"texture":"#0"},"west":{"uv":[8.375,7.4375,9.5,8.2625],"tintindex":0,"rotation":0,"texture":"#0"},"up":{"uv":[8.375,7.4375,9.5,8.2625],"tintindex":0,"rotation":0,"texture":"#0"},"down":{"uv":[8.375,7.4375,9.5,8.2625],"tintindex":0,"rotation":0,"texture":"#0"}}},{"from":[5.14,-1.3112497,7.935],"to":[10.86,7.26875,13.135],"faces":{"east":{"uv":[0.0,6.0625,1.25,7.75],"tintindex":0,"rotation":0,"texture":"#0"},"south":{"uv":[2.75,11.0,3.1875,11.375],"tintindex":0,"rotation":0,"texture":"#0"},"north":{"uv":[4.1875,9.25,6.125,12.1875],"tintindex":0,"rotation":0,"texture":"#0"},"west":{"uv":[8.75,3.5,9.25,4.3125],"tintindex":0,"rotation":0,"texture":"#0"},"up":{"uv":[7.6875,9.8125,7.125,9.3125],"tintindex":0,"rotation":0,"texture":"#0"},"down":{"uv":[3.0,9.4375,3.5625,10.25],"tintindex":0,"rotation":0,"texture":"#0"}}},{"from":[5.27,-7.03125,8.065],"to":[10.73,7.26875,13.005],"faces":{"east":{"uv":[8.125,4.8125,9.9375,9.875],"tintindex":0,"rotation":0,"texture":"#0"},"south":{"uv":[8.125,4.8125,9.9375,9.875],"tintindex":0,"rotation":0,"texture":"#0"},"north":{"uv":[8.125,4.8125,9.9375,9.875],"tintindex":0,"rotation":0,"texture":"#0"},"west":{"uv":[8.125,4.8125,9.9375,9.875],"tintindex":0,"rotation":0,"texture":"#0"},"up":{"uv":[10.625,4.0,10.125,3.5],"tintindex":0,"rotation":0,"texture":"#0"},"down":{"uv":[9.375,10.125,8.875,10.625],"tintindex":0,"rotation":0,"texture":"#0"}}}],"display":{"gui":{"rotation":[30,225,0]}}}