{"textures":{"0":"modelengine:entity/chaine"},"elements":[{"from":[5.0075283,7.1480675,8.53],"to":[6.0475283,8.058067,9.31],"faces":{"east":{"uv":[15.25,12.5375,15.5875,12.8875],"tintindex":0,"rotation":90,"texture":"#0"},"south":{"uv":[15.25,12.5375,15.5875,12.8875],"tintindex":0,"rotation":90,"texture":"#0"},"north":{"uv":[15.25,12.5375,15.5875,12.8875],"tintindex":0,"rotation":90,"texture":"#0"},"west":{"uv":[15.25,12.5375,15.5875,12.8875],"tintindex":0,"rotation":90,"texture":"#0"},"up":{"uv":[15.25,12.5375,15.5875,12.8875],"tintindex":0,"rotation":90,"texture":"#0"},"down":{"uv":[15.25,12.5375,15.5875,12.8875],"tintindex":0,"rotation":90,"texture":"#0"}},"rotation":{"origin":[6.4560537,2.8297577,8.4],"angle":-22.5,"axis":"z"}},{"from":[5.0075283,6.758068,7.4900002],"to":[6.0475283,8.058067,8.27],"faces":{"east":{"uv":[15.25,12.5375,15.625,12.8875],"tintindex":0,"rotation":90,"texture":"#0"},"south":{"uv":[15.25,12.5375,15.625,12.8875],"tintindex":0,"rotation":90,"texture":"#0"},"north":{"uv":[15.25,12.5375,15.625,12.8875],"tintindex":0,"rotation":90,"texture":"#0"},"west":{"uv":[15.25,12.5375,15.625,12.8875],"tintindex":0,"rotation":90,"texture":"#0"},"up":{"uv":[15.25,12.5375,15.625,12.8875],"tintindex":0,"rotation":90,"texture":"#0"},"down":{"uv":[15.25,12.5375,15.625,12.8875],"tintindex":0,"rotation":90,"texture":"#0"}},"rotation":{"origin":[6.4560537,2.8297577,8.4],"angle":-22.5,"axis":"z"}},{"from":[5.0075283,7.4080677,9.57],"to":[6.0475283,8.318068,10.35],"faces":{"east":{"uv":[15.25,12.5375,15.5875,12.8875],"tintindex":0,"rotation":90,"texture":"#0"},"south":{"uv":[15.25,12.5375,15.5875,12.8875],"tintindex":0,"rotation":90,"texture":"#0"},"north":{"uv":[15.25,12.5375,15.5875,12.8875],"tintindex":0,"rotation":90,"texture":"#0"},"west":{"uv":[15.25,12.5375,15.5875,12.8875],"tintindex":0,"rotation":90,"texture":"#0"},"up":{"uv":[15.25,12.5375,15.5875,12.8875],"tintindex":0,"rotation":90,"texture":"#0"},"down":{"uv":[15.25,12.5375,15.5875,12.8875],"tintindex":0,"rotation":90,"texture":"#0"}},"rotation":{"origin":[6.4560537,3.089758,8.4],"angle":-22.5,"axis":"z"}},{"from":[5.0075283,7.0180664,6.45],"to":[6.0475283,8.058067,7.23],"faces":{"east":{"uv":[15.25,12.5375,15.6,12.8875],"tintindex":0,"rotation":90,"texture":"#0"},"south":{"uv":[15.25,12.5375,15.6,12.8875],"tintindex":0,"rotation":90,"texture":"#0"},"north":{"uv":[15.25,12.5375,15.6,12.8875],"tintindex":0,"rotation":90,"texture":"#0"},"west":{"uv":[15.25,12.5375,15.6,12.8875],"tintindex":0,"rotation":90,"texture":"#0"},"up":{"uv":[15.25,12.5375,15.6,12.8875],"tintindex":0,"rotation":90,"texture":"#0"},"down":{"uv":[15.25,12.5375,15.6,12.8875],"tintindex":0,"rotation":90,"texture":"#0"}},"rotation":{"origin":[6.4560537,2.8297577,8.4],"angle":-22.5,"axis":"z"}}],"display":{"gui":{"rotation":[30,225,0]}}}