{"textures":{"0":"modelengine:entity/chaine"},"elements":[{"from":[-12.245333,9.73875,6.4746666],"to":[-12.245333,10.38225,7.4756665],"faces":{"east":{"uv":[3.04375,9.05625,3.44375,9.95625],"tintindex":0,"rotation":90,"texture":"#0"},"south":{"uv":[3.04375,9.05625,3.44375,9.95625],"tintindex":0,"rotation":90,"texture":"#0"},"north":{"uv":[3.04375,9.05625,3.44375,9.95625],"tintindex":0,"rotation":90,"texture":"#0"},"west":{"uv":[2.54375,9.05625,2.94375,9.95625],"tintindex":0,"rotation":90,"texture":"#0"},"up":{"uv":[3.04375,9.05625,3.44375,9.95625],"tintindex":0,"rotation":90,"texture":"#0"},"down":{"uv":[3.04375,9.05625,3.44375,9.95625],"tintindex":0,"rotation":90,"texture":"#0"}},"rotation":{"origin":[-11.196667,9.9175,6.8083334],"angle":-22.5,"axis":"z"}},{"from":[-13.125,7.74,6.57],"to":[-9.225,9.559999,10.08],"faces":{"east":{"uv":[14.625,12.1875,14.975,12.8625],"tintindex":0,"rotation":90,"texture":"#0"},"south":{"uv":[14.625,12.1875,14.975,12.8625],"tintindex":0,"rotation":90,"texture":"#0"},"north":{"uv":[14.625,12.1875,14.975,12.8625],"tintindex":0,"rotation":90,"texture":"#0"},"west":{"uv":[14.625,12.1875,14.975,12.8625],"tintindex":0,"rotation":90,"texture":"#0"},"up":{"uv":[14.625,12.1875,14.975,12.8625],"tintindex":0,"rotation":90,"texture":"#0"},"down":{"uv":[14.625,12.1875,14.975,12.8625],"tintindex":0,"rotation":90,"texture":"#0"}}},{"from":[26.754667,9.73875,7.449667],"to":[28.899666,10.38225,7.449667],"faces":{"east":{"uv":[3.04375,9.18125,3.38125,10.64375],"tintindex":0,"rotation":90,"texture":"#0"},"south":{"uv":[3.04375,9.18125,3.38125,10.64375],"tintindex":0,"rotation":90,"texture":"#0"},"north":{"uv":[2.54375,9.05625,2.94375,10.83125],"tintindex":0,"rotation":90,"texture":"#0"},"west":{"uv":[3.04375,9.18125,3.38125,10.64375],"tintindex":0,"rotation":90,"texture":"#0"},"up":{"uv":[3.04375,9.18125,3.38125,10.64375],"tintindex":0,"rotation":90,"texture":"#0"},"down":{"uv":[3.04375,9.18125,3.38125,10.64375],"tintindex":0,"rotation":90,"texture":"#0"}},"rotation":{"origin":[27.803333,9.9175,6.8083334],"angle":-22.5,"axis":"z"}},{"from":[26.85,10.275,6.505],"to":[26.85,10.86,7.415],"faces":{"east":{"uv":[3.04375,9.05625,3.44375,9.95625],"tintindex":0,"rotation":90,"texture":"#0"},"south":{"uv":[3.04375,9.05625,3.44375,9.95625],"tintindex":0,"rotation":90,"texture":"#0"},"north":{"uv":[3.04375,9.05625,3.44375,9.95625],"tintindex":0,"rotation":90,"texture":"#0"},"west":{"uv":[2.54375,9.05625,2.94375,9.95625],"tintindex":0,"rotation":90,"texture":"#0"},"up":{"uv":[3.04375,9.05625,3.44375,9.95625],"tintindex":0,"rotation":90,"texture":"#0"},"down":{"uv":[3.04375,9.05625,3.44375,9.95625],"tintindex":0,"rotation":90,"texture":"#0"}}},{"from":[25.875,7.74,6.57],"to":[29.775,9.559999,10.08],"faces":{"east":{"uv":[14.625,12.1875,14.975,12.8625],"tintindex":0,"rotation":90,"texture":"#0"},"south":{"uv":[14.625,12.1875,14.975,12.8625],"tintindex":0,"rotation":90,"texture":"#0"},"north":{"uv":[14.625,12.1875,14.975,12.8625],"tintindex":0,"rotation":90,"texture":"#0"},"west":{"uv":[14.625,12.1875,14.975,12.8625],"tintindex":0,"rotation":90,"texture":"#0"},"up":{"uv":[14.625,12.1875,14.975,12.8625],"tintindex":0,"rotation":90,"texture":"#0"},"down":{"uv":[14.625,12.1875,14.975,12.8625],"tintindex":0,"rotation":90,"texture":"#0"}}},{"from":[29.207891,10.637865,6.4746666],"to":[29.207891,11.281364,7.4756665],"faces":{"east":{"uv":[2.54375,9.05625,2.94375,9.95625],"tintindex":0,"rotation":90,"texture":"#0"},"south":{"uv":[3.04375,9.05625,3.44375,9.95625],"tintindex":0,"rotation":90,"texture":"#0"},"north":{"uv":[3.04375,9.05625,3.44375,9.95625],"tintindex":0,"rotation":90,"texture":"#0"},"west":{"uv":[3.04375,9.05625,3.44375,9.95625],"tintindex":0,"rotation":90,"texture":"#0"},"up":{"uv":[3.04375,9.05625,3.44375,9.95625],"tintindex":0,"rotation":90,"texture":"#0"},"down":{"uv":[3.04375,9.05625,3.44375,9.95625],"tintindex":0,"rotation":90,"texture":"#0"}},"rotation":{"origin":[27.858057,10.049615,6.8083334],"angle":22.5,"axis":"z"}},{"from":[-11.889999,11.055,7.415],"to":[-10.459999,13.07,9.17],"faces":{"east":{"uv":[14.625,12.1875,15.0125,12.525],"tintindex":0,"rotation":90,"texture":"#0"},"south":{"uv":[14.625,12.1875,15.0125,12.525],"tintindex":0,"rotation":90,"texture":"#0"},"north":{"uv":[14.625,12.1875,15.0125,12.525],"tintindex":0,"rotation":90,"texture":"#0"},"west":{"uv":[14.625,12.1875,15.0125,12.525],"tintindex":0,"rotation":90,"texture":"#0"},"up":{"uv":[14.625,12.1875,15.0125,12.525],"tintindex":0,"rotation":90,"texture":"#0"},"down":{"uv":[14.625,12.1875,15.0125,12.525],"tintindex":0,"rotation":90,"texture":"#0"}}},{"from":[-12.15,10.275,7.48],"to":[-10.200001,10.86,7.48],"faces":{"east":{"uv":[3.04375,9.18125,3.38125,10.64375],"tintindex":0,"rotation":90,"texture":"#0"},"south":{"uv":[3.04375,9.18125,3.38125,10.64375],"tintindex":0,"rotation":90,"texture":"#0"},"north":{"uv":[2.54375,9.05625,2.94375,10.83125],"tintindex":0,"rotation":90,"texture":"#0"},"west":{"uv":[3.04375,9.18125,3.38125,10.64375],"tintindex":0,"rotation":90,"texture":"#0"},"up":{"uv":[3.04375,9.18125,3.38125,10.64375],"tintindex":0,"rotation":90,"texture":"#0"},"down":{"uv":[3.04375,9.18125,3.38125,10.64375],"tintindex":0,"rotation":90,"texture":"#0"}}},{"from":[-13.32,8.389999,6.31],"to":[-9.030001,9.04,10.34],"faces":{"east":{"uv":[0.625,9.375,1.45,9.5],"tintindex":0,"rotation":0,"texture":"#0"},"south":{"uv":[0.625,9.375,1.45,9.5],"tintindex":0,"rotation":0,"texture":"#0"},"north":{"uv":[0.625,9.375,1.45,9.5],"tintindex":0,"rotation":0,"texture":"#0"},"west":{"uv":[0.625,9.375,1.45,9.5],"tintindex":0,"rotation":0,"texture":"#0"},"up":{"uv":[0.625,9.375,1.45,9.5],"tintindex":0,"rotation":0,"texture":"#0"},"down":{"uv":[0.625,9.375,1.45,9.5],"tintindex":0,"rotation":0,"texture":"#0"}}},{"from":[28.828167,9.73875,6.4746666],"to":[28.828167,10.38225,7.4756665],"faces":{"east":{"uv":[2.54375,9.05625,2.94375,9.95625],"tintindex":0,"rotation":90,"texture":"#0"},"south":{"uv":[3.04375,9.05625,3.44375,9.95625],"tintindex":0,"rotation":90,"texture":"#0"},"north":{"uv":[3.04375,9.05625,3.44375,9.95625],"tintindex":0,"rotation":90,"texture":"#0"},"west":{"uv":[3.04375,9.05625,3.44375,9.95625],"tintindex":0,"rotation":90,"texture":"#0"},"up":{"uv":[3.04375,9.05625,3.44375,9.95625],"tintindex":0,"rotation":90,"texture":"#0"},"down":{"uv":[3.04375,9.05625,3.44375,9.95625],"tintindex":0,"rotation":90,"texture":"#0"}},"rotation":{"origin":[27.803333,9.9175,6.8083334],"angle":-22.5,"axis":"z"}},{"from":[27.13439,10.637865,6.4746666],"to":[29.27939,11.281364,6.4746666],"faces":{"east":{"uv":[3.04375,9.18125,3.38125,10.64375],"tintindex":0,"rotation":90,"texture":"#0"},"south":{"uv":[3.04375,9.18125,3.38125,10.64375],"tintindex":0,"rotation":90,"texture":"#0"},"north":{"uv":[2.54375,9.05625,2.94375,10.83125],"tintindex":0,"rotation":90,"texture":"#0"},"west":{"uv":[3.04375,9.18125,3.38125,10.64375],"tintindex":0,"rotation":90,"texture":"#0"},"up":{"uv":[3.04375,9.18125,3.38125,10.64375],"tintindex":0,"rotation":90,"texture":"#0"},"down":{"uv":[3.04375,9.18125,3.38125,10.64375],"tintindex":0,"rotation":90,"texture":"#0"}},"rotation":{"origin":[27.858057,10.049615,6.8083334],"angle":22.5,"axis":"z"}},{"from":[27.11,11.055,7.415],"to":[28.54,13.07,9.17],"faces":{"east":{"uv":[14.625,12.1875,15.0125,12.525],"tintindex":0,"rotation":90,"texture":"#0"},"south":{"uv":[14.625,12.1875,15.0125,12.525],"tintindex":0,"rotation":90,"texture":"#0"},"north":{"uv":[14.625,12.1875,15.0125,12.525],"tintindex":0,"rotation":90,"texture":"#0"},"west":{"uv":[14.625,12.1875,15.0125,12.525],"tintindex":0,"rotation":90,"texture":"#0"},"up":{"uv":[14.625,12.1875,15.0125,12.525],"tintindex":0,"rotation":90,"texture":"#0"},"down":{"uv":[14.625,12.1875,15.0125,12.525],"tintindex":0,"rotation":90,"texture":"#0"}}},{"from":[26.85,10.275,7.48],"to":[28.8,10.86,7.48],"faces":{"east":{"uv":[3.04375,9.18125,3.38125,10.64375],"tintindex":0,"rotation":90,"texture":"#0"},"south":{"uv":[3.04375,9.18125,3.38125,10.64375],