{"textures":{"0":"modelengine:entity/chaine"},"elements":[{"from":[5.3032823,11.668289,5.5299997],"to":[6.0832825,14.788288,10.469999],"faces":{"east":{"uv":[14.625,12.6875,15.1,12.7625],"tintindex":0,"rotation":90,"texture":"#0"},"south":{"uv":[14.625,12.6875,15.1,12.7625],"tintindex":0,"rotation":90,"texture":"#0"},"north":{"uv":[14.625,12.6875,15.1,12.7625],"tintindex":0,"rotation":90,"texture":"#0"},"west":{"uv":[14.625,12.6875,15.1,12.7625],"tintindex":0,"rotation":90,"texture":"#0"},"up":{"uv":[14.625,12.6875,15.1,12.7625],"tintindex":0,"rotation":90,"texture":"#0"},"down":{"uv":[14.625,12.6875,15.1,12.7625],"tintindex":0,"rotation":90,"texture":"#0"}},"rotation":{"origin":[7.8847566,7.739979,8.0],"angle":22.5,"axis":"z"}},{"from":[2.5375896,6.378948,4.75],"to":[7.60759,12.228947,11.25],"faces":{"east":{"uv":[15.0,15.0625,15.875,16.0],"tintindex":0,"rotation":180,"texture":"#0"},"south":{"uv":[15.0,15.0625,15.875,16.0],"tintindex":0,"rotation":180,"texture":"#0"},"north":{"uv":[15.0,15.0625,15.875,16.0],"tintindex":0,"rotation":180,"texture":"#0"},"west":{"uv":[15.0,15.0625,15.875,16.0],"tintindex":0,"rotation":180,"texture":"#0"},"up":{"uv":[15.0,15.0625,15.875,16.0],"tintindex":0,"rotation":180,"texture":"#0"},"down":{"uv":[15.0,15.0625,15.875,16.0],"tintindex":0,"rotation":180,"texture":"#0"}}},{"from":[2.0201783,8.081459,4.49],"to":[9.300179,9.251461,11.51],"faces":{"east":{"uv":[14.125,11.9375,14.4375,12.8],"tintindex":0,"rotation":270,"texture":"#0"},"south":{"uv":[14.125,11.9375,14.4375,12.8],"tintindex":0,"rotation":270,"texture":"#0"},"north":{"uv":[14.125,11.9375,14.4375,12.8],"tintindex":0,"rotation":270,"texture":"#0"},"west":{"uv":[14.125,11.9375,14.4375,12.8],"tintindex":0,"rotation":270,"texture":"#0"},"up":{"uv":[14.125,11.9375,14.4375,12.8],"tintindex":0,"rotation":270,"texture":"#0"},"down":{"uv":[14.125,11.9375,14.4375,12.8],"tintindex":0,"rotation":270,"texture":"#0"}},"rotation":{"origin":[3.0502887,4.7919846,8.0],"angle":45.0,"axis":"z"}},{"from":[2.6675897,2.0889473,5.5299997],"to":[7.47759,6.5089455,10.469999],"faces":{"east":{"uv":[14.125,0.0,16.0,2.0],"tintindex":0,"rotation":0,"texture":"#0"},"south":{"uv":[14.125,0.0,16.0,2.0],"tintindex":0,"rotation":0,"texture":"#0"},"north":{"uv":[14.125,0.0,16.0,2.0],"tintindex":0,"rotation":0,"texture":"#0"},"west":{"uv":[14.125,0.0,16.0,2.0],"tintindex":0,"rotation":0,"texture":"#0"},"up":{"uv":[14.125,0.0,16.0,2.0],"tintindex":0,"rotation":0,"texture":"#0"},"down":{"uv":[14.125,0.0,16.0,2.0],"tintindex":0,"rotation":0,"texture":"#0"}}},{"from":[3.3681264,11.742912,4.3599997],"to":[9.738127,13.692913,11.639999],"faces":{"east":{"uv":[14.125,11.9375,14.875,12.8],"tintindex":0,"rotation":90,"texture":"#0"},"south":{"uv":[14.125,11.9375,14.875,12.8],"tintindex":0,"rotation":90,"texture":"#0"},"north":{"uv":[14.125,11.9375,14.875,12.8],"tintindex":0,"rotation":90,"texture":"#0"},"west":{"uv":[14.125,11.9375,14.3125,12.55],"tintindex":0,"rotation":90,"texture":"#0"},"up":{"uv":[14.125,11.9375,14.825,12.55],"tintindex":0,"rotation":90,"texture":"#0"},"down":{"uv":[14.125,11.9375,14.3125,12.55],"tintindex":0,"rotation":90,"texture":"#0"}},"rotation":{"origin":[6.7946,7.619602,8.0],"angle":22.5,"axis":"z"}},{"from":[7.2532825,12.968288,4.88],"to":[8.033283,15.308289,11.12],"faces":{"east":{"uv":[14.625,12.6875,15.225,12.7625],"tintindex":0,"rotation":90,"texture":"#0"},"south":{"uv":[14.625,12.6875,15.225,12.7625],"tintindex":0,"rotation":90,"texture":"#0"},"north":{"uv":[14.625,12.6875,15.225,12.7625],"tintindex":0,"rotation":90,"texture":"#0"},"west":{"uv":[14.625,12.6875,15.225,12.7625],"tintindex":0,"rotation":90,"texture":"#0"},"up":{"uv":[14.625,12.6875,15.225,12.7625],"tintindex":0,"rotation":90,"texture":"#0"},"down":{"uv":[14.625,12.6875,15.225,12.7625],"tintindex":0,"rotation":90,"texture":"#0"}},"rotation":{"origin":[7.8847566,7.739979,8.0],"angle":22.5,"axis":"z"}},{"from":[0.1518979,3.9518852,4.62],"to":[0.9318986,10.191887,11.379999],"faces":{"east":{"uv":[9.0,7.125,9.625,7.75],"tintindex":0,"rotation":0,"texture":"#0"},"south":{"uv":[1.0,13.0,1.0625,13.625],"tintindex":0,"rotation":0,"texture":"#0"},"north":{"uv":[14.125,11.9375,14.725,12.0125],"tintindex":0,"rotation":90,"texture":"#0"},"west":{"uv":[9.0,7.875,9.625,8.5],"tintindex":0,"rotation":0,"texture":"#0"},"up":{"uv":[1.3125,13.625,1.25,13.0],"tintindex":0,"rotation":0,"texture":"#0"},"down":{"uv":[2.0625,13.0,2.0,13.625],"tintindex":0,"rotation":0,"texture":"#0"}},"rotation":{"origin":[3.122685,3.177967,8.0],"angle":-22.5,"axis":"z"}}],"display":{"gui":{"rotation":[30,225,0]}}}