{"textures":{"0":"modelengine:entity/chaine"},"elements":[{"from":[11.818114,6.7936096,9.17],"to":[12.858114,7.9636097,9.95],"faces":{"east":{"uv":[15.25,12.5375,15.6,12.8875],"tintindex":0,"rotation":90,"texture":"#0"},"south":{"uv":[15.25,12.5375,15.6,12.8875],"tintindex":0,"rotation":90,"texture":"#0"},"north":{"uv":[15.25,12.5375,15.6,12.8875],"tintindex":0,"rotation":90,"texture":"#0"},"west":{"uv":[15.25,12.5375,15.6,12.8875],"tintindex":0,"rotation":90,"texture":"#0"},"up":{"uv":[15.25,12.5375,15.6,12.8875],"tintindex":0,"rotation":90,"texture":"#0"},"down":{"uv":[15.25,12.5375,15.6,12.8875],"tintindex":0,"rotation":90,"texture":"#0"}},"rotation":{"origin":[9.728225,3.4391346,8.0],"angle":45.0,"axis":"z"}},{"from":[12.017109,6.5731926,6.05],"to":[13.05711,7.4831924,6.83],"faces":{"east":{"uv":[15.25,12.5375,15.6,12.8875],"tintindex":0,"rotation":90,"texture":"#0"},"south":{"uv":[15.25,12.5375,15.6,12.8875],"tintindex":0,"rotation":90,"texture":"#0"},"north":{"uv":[15.25,12.5375,15.6,12.8875],"tintindex":0,"rotation":90,"texture":"#0"},"west":{"uv":[15.25,12.5375,15.6,12.8875],"tintindex":0,"rotation":90,"texture":"#0"},"up":{"uv":[15.25,12.5375,15.6,12.8875],"tintindex":0,"rotation":90,"texture":"#0"},"down":{"uv":[15.25,12.5375,15.6,12.8875],"tintindex":0,"rotation":90,"texture":"#0"}},"rotation":{"origin":[9.92722,2.9587173,8.0],"angle":45.0,"axis":"z"}},{"from":[12.017109,6.183193,7.09],"to":[13.05711,7.4831924,7.87],"faces":{"east":{"uv":[15.25,12.5375,15.6,12.8875],"tintindex":0,"rotation":90,"texture":"#0"},"south":{"uv":[15.25,12.5375,15.6,12.8875],"tintindex":0,"rotation":90,"texture":"#0"},"north":{"uv":[15.25,12.5375,15.6,12.8875],"tintindex":0,"rotation":90,"texture":"#0"},"west":{"uv":[15.25,12.5375,15.6,12.8875],"tintindex":0,"rotation":90,"texture":"#0"},"up":{"uv":[15.25,12.5375,15.6,12.8875],"tintindex":0,"rotation":90,"texture":"#0"},"down":{"uv":[15.25,12.5375,15.6,12.8875],"tintindex":0,"rotation":90,"texture":"#0"}},"rotation":{"origin":[9.92722,2.9587173,8.0],"angle":45.0,"axis":"z"}},{"from":[11.867863,6.5435066,8.13],"to":[12.907864,7.843506,8.91],"faces":{"east":{"uv":[15.25,12.5375,15.6,12.8875],"tintindex":0,"rotation":90,"texture":"#0"},"south":{"uv":[15.25,12.5375,15.6,12.8875],"tintindex":0,"rotation":90,"texture":"#0"},"north":{"uv":[15.25,12.5375,15.6,12.8875],"tintindex":0,"rotation":90,"texture":"#0"},"west":{"uv":[15.25,12.5375,15.6,12.8875],"tintindex":0,"rotation":90,"texture":"#0"},"up":{"uv":[15.25,12.5375,15.6,12.8875],"tintindex":0,"rotation":90,"texture":"#0"},"down":{"uv":[15.25,12.5375,15.6,12.8875],"tintindex":0,"rotation":90,"texture":"#0"}},"rotation":{"origin":[9.777973,3.3190308,8.0],"angle":45.0,"axis":"z"}}],"display":{"gui":{"rotation":[30,225,0]}}}