{"textures":{"0":"modelengine:entity/chaine"},"elements":[{"from":[10.750061,13.1018715,5.27],"to":[10.750061,19.73187,10.73],"faces":{"east":{"uv":[2.41875,9.05,3.13125,10.80625],"tintindex":0,"rotation":0,"texture":"#0"},"south":{"uv":[2.8125,8.68125,3.775,8.8125],"tintindex":0,"rotation":0,"texture":"#0"},"north":{"uv":[2.8125,8.68125,3.775,8.8125],"tintindex":0,"rotation":0,"texture":"#0"},"west":{"uv":[2.8125,8.68125,3.775,8.8125],"tintindex":0,"rotation":0,"texture":"#0"},"up":{"uv":[2.8125,8.68125,3.775,8.8125],"tintindex":0,"rotation":0,"texture":"#0"},"down":{"uv":[2.8125,8.68125,3.775,8.8125],"tintindex":0,"rotation":0,"texture":"#0"}},"rotation":{"origin":[11.660061,5.626871,6.44],"angle":45.0,"axis":"z"}},{"from":[8.0200615,9.981871,8.0],"to":[13.480061,16.611872,8.0],"faces":{"east":{"uv":[2.375,9.05625,3.0875,10.8125],"tintindex":0,"rotation":0,"texture":"#0"},"south":{"uv":[2.41875,9.05,3.13125,10.80625],"tintindex":0,"rotation":0,"texture":"#0"},"north":{"uv":[2.375,9.05625,3.0875,10.8125],"tintindex":0,"rotation":0,"texture":"#0"},"west":{"uv":[2.375,9.05625,3.0875,10.8125],"tintindex":0,"rotation":0,"texture":"#0"},"up":{"uv":[2.375,9.05625,3.0875,10.8125],"tintindex":0,"rotation":0,"texture":"#0"},"down":{"uv":[2.375,9.05625,3.0875,10.8125],"tintindex":0,"rotation":0,"texture":"#0"}},"rotation":{"origin":[11.660061,5.626871,6.44],"angle":45.0,"axis":"z"}}],"display":{"gui":{"rotation":[30,225,0]}}}