{"textures":{"0":"modelengine:entity/chaine"},"elements":[{"from":[15.308434,-13.337637,6.635],"to":[15.308434,-10.022636,9.365],"faces":{"east":{"uv":[2.41875,9.05,3.13125,10.80625],"tintindex":0,"rotation":0,"texture":"#0"},"south":{"uv":[3.4375,8.61875,3.65,8.875],"tintindex":0,"rotation":0,"texture":"#0"},"north":{"uv":[3.4375,8.61875,3.65,8.875],"tintindex":0,"rotation":0,"texture":"#0"},"west":{"uv":[2.375,9.05625,3.0875,10.8125],"tintindex":0,"rotation":0,"texture":"#0"},"up":{"uv":[3.4375,8.61875,3.65,8.875],"tintindex":0,"rotation":0,"texture":"#0"},"down":{"uv":[3.4375,8.61875,3.65,8.875],"tintindex":0,"rotation":0,"texture":"#0"}},"rotation":{"origin":[39.553432,5.1548634,8.0],"angle":-45.0,"axis":"z"}},{"from":[13.878433,-15.0276375,8.0],"to":[16.608433,-11.712637,8.0],"faces":{"east":{"uv":[2.375,9.05625,3.0875,10.8125],"tintindex":0,"rotation":0,"texture":"#0"},"south":{"uv":[2.41875,9.05,3.13125,10.80625],"tintindex":0,"rotation":0,"texture":"#0"},"north":{"uv":[2.375,9.05625,3.0875,10.8125],"tintindex":0,"rotation":0,"texture":"#0"},"west":{"uv":[2.375,9.05625,3.0875,10.8125],"tintindex":0,"rotation":0,"texture":"#0"},"up":{"uv":[2.375,9.05625,3.0875,10.8125],"tintindex":0,"rotation":0,"texture":"#0"},"down":{"uv":[2.375,9.05625,3.0875,10.8125],"tintindex":0,"rotation":0,"texture":"#0"}},"rotation":{"origin":[39.553432,5.1548634,8.0],"angle":-45.0,"axis":"z"}}],"display":{"gui":{"rotation":[30,225,0]}}}