{"textures":{"0":"modelengine:entity/chaine"},"elements":[{"from":[9.068876,-10.653154,8.0],"to":[11.798877,-7.338155,8.0],"faces":{"east":{"uv":[2.375,9.05625,3.0875,10.8125],"tintindex":0,"rotation":0,"texture":"#0"},"south":{"uv":[2.41875,9.05,3.13125,10.80625],"tintindex":0,"rotation":0,"texture":"#0"},"north":{"uv":[2.375,9.05625,3.0875,10.8125],"tintindex":0,"rotation":0,"texture":"#0"},"west":{"uv":[2.375,9.05625,3.0875,10.8125],"tintindex":0,"rotation":0,"texture":"#0"},"up":{"uv":[2.375,9.05625,3.0875,10.8125],"tintindex":0,"rotation":0,"texture":"#0"},"down":{"uv":[2.375,9.05625,3.0875,10.8125],"tintindex":0,"rotation":0,"texture":"#0"}},"rotation":{"origin":[34.743877,0.36434555,8.0],"angle":-45.0,"axis":"z"}},{"from":[9.068876,-13.058155,8.0],"to":[11.798877,-9.743155,8.0],"faces":{"east":{"uv":[2.375,9.05625,3.0875,10.8125],"tintindex":0,"rotation":0,"texture":"#0"},"south":{"uv":[2.41875,9.05,3.13125,10.80625],"tintindex":0,"rotation":0,"texture":"#0"},"north":{"uv":[2.375,9.05625,3.0875,10.8125],"tintindex":0,"rotation":0,"texture":"#0"},"west":{"uv":[2.375,9.05625,3.0875,10.8125],"tintindex":0,"rotation":0,"texture":"#0"},"up":{"uv":[2.375,9.05625,3.0875,10.8125],"tintindex":0,"rotation":0,"texture":"#0"},"down":{"uv":[2.375,9.05625,3.0875,10.8125],"tintindex":0,"rotation":0,"texture":"#0"}},"rotation":{"origin":[34.743877,0.36434555,8.0],"angle":-45.0,"axis":"z"}},{"from":[9.068876,-9.458155,8.0],"to":[11.798877,-6.143154,8.0],"faces":{"east":{"uv":[2.375,9.05625,3.0875,10.8125],"tintindex":0,"rotation":0,"texture":"#0"},"south":{"uv":[2.41875,9.05,3.13125,10.80625],"tintindex":0,"rotation":0,"texture":"#0"},"north":{"uv":[2.375,9.05625,3.0875,10.8125],"tintindex":0,"rotation":0,"texture":"#0"},"west":{"uv":[2.375,9.05625,3.0875,10.8125],"tintindex":0,"rotation":0,"texture":"#0"},"up":{"uv":[2.375,9.05625,3.0875,10.8125],"tintindex":0,"rotation":0,"texture":"#0"},"down":{"uv":[2.375,9.05625,3.0875,10.8125],"tintindex":0,"rotation":0,"texture":"#0"}},"rotation":{"origin":[34.743877,0.36434555,8.0],"angle":-45.0,"axis":"z"}}],"display":{"gui":{"rotation":[30,225,0]}}}