{"textures":{"0":"modelengine:entity/chaine"},"elements":[{"from":[5.66,12.225,6.83],"to":[5.66,18.855,12.29],"faces":{"east":{"uv":[2.41875,9.05,3.13125,10.80625],"tintindex":0,"rotation":0,"texture":"#0"},"south":{"uv":[2.8125,8.68125,3.775,8.8125],"tintindex":0,"rotation":0,"texture":"#0"},"north":{"uv":[2.8125,8.68125,3.775,8.8125],"tintindex":0,"rotation":0,"texture":"#0"},"west":{"uv":[2.8125,8.68125,3.775,8.8125],"tintindex":0,"rotation":0,"texture":"#0"},"up":{"uv":[2.8125,8.68125,3.775,8.8125],"tintindex":0,"rotation":0,"texture":"#0"},"down":{"uv":[2.8125,8.68125,3.775,8.8125],"tintindex":0,"rotation":0,"texture":"#0"}},"rotation":{"origin":[6.5699997,11.38,8.0],"angle":45.0,"axis":"z"}},{"from":[2.9300003,8.065001,9.559999],"to":[8.389999,14.695,9.559999],"faces":{"east":{"uv":[2.375,9.05625,3.0875,10.8125],"tintindex":0,"rotation":0,"texture":"#0"},"south":{"uv":[2.41875,9.05,3.13125,10.80625],"tintindex":0,"rotation":0,"texture":"#0"},"north":{"uv":[2.375,9.05625,3.0875,10.8125],"tintindex":0,"rotation":0,"texture":"#0"},"west":{"uv":[2.375,9.05625,3.0875,10.8125],"tintindex":0,"rotation":0,"texture":"#0"},"up":{"uv":[2.375,9.05625,3.0875,10.8125],"tintindex":0,"rotation":0,"texture":"#0"},"down":{"uv":[2.375,9.05625,3.0875,10.8125],"tintindex":0,"rotation":0,"texture":"#0"}},"rotation":{"origin":[6.5699997,11.38,8.0],"angle":45.0,"axis":"z"}}],"display":{"gui":{"rotation":[30,225,0]}}}