{"textures":{"0":"modelengine:entity/chaine"},"elements":[{"from":[3.4644227,6.262846,6.05],"to":[4.5044227,7.562847,6.83],"faces":{"east":{"uv":[15.25,12.5375,15.625,12.8875],"tintindex":0,"rotation":90,"texture":"#0"},"south":{"uv":[15.25,12.5375,15.625,12.8875],"tintindex":0,"rotation":90,"texture":"#0"},"north":{"uv":[15.25,12.5375,15.625,12.8875],"tintindex":0,"rotation":90,"texture":"#0"},"west":{"uv":[15.25,12.5375,15.625,12.8875],"tintindex":0,"rotation":90,"texture":"#0"},"up":{"uv":[15.25,12.5375,15.625,12.8875],"tintindex":0,"rotation":90,"texture":"#0"},"down":{"uv":[15.25,12.5375,15.625,12.8875],"tintindex":0,"rotation":90,"texture":"#0"}},"rotation":{"origin":[6.5943127,3.038372,8.0],"angle":-45.0,"axis":"z"}},{"from":[3.364925,6.0226383,7.09],"to":[4.4049253,7.3226376,7.87],"faces":{"east":{"uv":[15.25,12.5375,15.625,12.8875],"tintindex":0,"rotation":90,"texture":"#0"},"south":{"uv":[15.25,12.5375,15.625,12.8875],"tintindex":0,"rotation":90,"texture":"#0"},"north":{"uv":[15.25,12.5375,15.625,12.8875],"tintindex":0,"rotation":90,"texture":"#0"},"west":{"uv":[15.25,12.5375,15.625,12.8875],"tintindex":0,"rotation":90,"texture":"#0"},"up":{"uv":[15.25,12.5375,15.625,12.8875],"tintindex":0,"rotation":90,"texture":"#0"},"down":{"uv":[15.25,12.5375,15.625,12.8875],"tintindex":0,"rotation":90,"texture":"#0"}},"rotation":{"origin":[6.494815,2.7981625,8.0],"angle":-45.0,"axis":"z"}},{"from":[3.5141716,6.3829517,8.13],"to":[4.5541716,7.682951,8.91],"faces":{"east":{"uv":[15.25,12.5375,15.625,12.8875],"tintindex":0,"rotation":90,"texture":"#0"},"south":{"uv":[15.25,12.5375,15.625,12.8875],"tintindex":0,"rotation":90,"texture":"#0"},"north":{"uv":[15.25,12.5375,15.625,12.8875],"tintindex":0,"rotation":90,"texture":"#0"},"west":{"uv":[15.25,12.5375,15.625,12.8875],"tintindex":0,"rotation":90,"texture":"#0"},"up":{"uv":[15.25,12.5375,15.625,12.8875],"tintindex":0,"rotation":90,"texture":"#0"},"down":{"uv":[15.25,12.5375,15.625,12.8875],"tintindex":0,"rotation":90,"texture":"#0"}},"rotation":{"origin":[6.644061,3.1584759,8.0],"angle":-45.0,"axis":"z"}},{"from":[3.5141716,6.772951,9.17],"to":[4.5541716,7.942951,9.95],"faces":{"east":{"uv":[15.25,12.5375,15.6125,12.8875],"tintindex":0,"rotation":90,"texture":"#0"},"south":{"uv":[15.25,12.5375,15.6125,12.8875],"tintindex":0,"rotation":90,"texture":"#0"},"north":{"uv":[15.25,12.5375,15.6125,12.8875],"tintindex":0,"rotation":90,"texture":"#0"},"west":{"uv":[15.25,12.5375,15.6125,12.8875],"tintindex":0,"rotation":90,"texture":"#0"},"up":{"uv":[15.25,12.5375,15.6125,12.8875],"tintindex":0,"rotation":90,"texture":"#0"},"down":{"uv":[15.25,12.5375,15.6125,12.8875],"tintindex":0,"rotation":90,"texture":"#0"}},"rotation":{"origin":[6.644061,3.418476,8.0],"angle":-45.0,"axis":"z"}}],"display":{"gui":{"rotation":[30,225,0]}}}