{"textures":{"0":"modelengine:entity/chaine"},"elements":[{"from":[6.675,7.09,6.050001],"to":[9.325001,8.91,9.950001],"faces":{"east":{"uv":[14.375,10.3125,14.675,10.75],"tintindex":0,"rotation":90,"texture":"#0"},"south":{"uv":[14.375,10.3125,14.675,10.75],"tintindex":0,"rotation":90,"texture":"#0"},"north":{"uv":[14.375,10.3125,14.675,10.75],"tintindex":0,"rotation":90,"texture":"#0"},"west":{"uv":[14.375,10.3125,14.675,10.75],"tintindex":0,"rotation":90,"texture":"#0"},"up":{"uv":[14.375,10.3125,14.675,10.75],"tintindex":0,"rotation":90,"texture":"#0"},"down":{"uv":[14.375,10.3125,14.675,10.75],"tintindex":0,"rotation":90,"texture":"#0"}}}],"display":{"gui":{"rotation":[30,225,0]}}}