{"textures":{"0":"modelengine:entity/chaine"},"elements":[{"from":[1.3699999,7.173294,5.3173437],"to":[14.63,19.393291,11.037344],"faces":{"east":{"uv":[10.25,14.375,12.25625,15.85625],"tintindex":0,"rotation":0,"texture":"#0"},"south":{"uv":[10.25,14.375,12.25625,15.85625],"tintindex":0,"rotation":0,"texture":"#0"},"north":{"uv":[10.25,14.375,12.25625,15.85625],"tintindex":0,"rotation":0,"texture":"#0"},"west":{"uv":[10.25,14.375,12.25625,15.85625],"tintindex":0,"rotation":0,"texture":"#0"},"up":{"uv":[5.25,2.9375,4.125,2.25],"tintindex":0,"rotation":0,"texture":"#0"},"down":{"uv":[5.375,3.125,4.25,3.8125],"tintindex":0,"rotation":0,"texture":"#0"}}},{"from":[0.7199998,15.493294,4.537344],"to":[15.28,23.423294,11.817345],"faces":{"east":{"uv":[13.875,14.8125,15.875,16.0],"tintindex":0,"rotation":0,"texture":"#0"},"south":{"uv":[13.875,14.8125,15.875,16.0],"tintindex":0,"rotation":0,"texture":"#0"},"north":{"uv":[13.875,14.8125,15.875,16.0],"tintindex":0,"rotation":180,"texture":"#0"},"west":{"uv":[13.875,14.8125,15.875,16.0],"tintindex":0,"rotation":0,"texture":"#0"},"up":{"uv":[11.625,15.375,10.875,15.0],"tintindex":0,"rotation":0,"texture":"#0"},"down":{"uv":[15.3125,10.0,14.8125,10.3125],"tintindex":0,"rotation":0,"texture":"#0"}}},{"from":[2.2799997,19.762623,5.982767],"to":[13.719999,24.312622,9.232767],"faces":{"east":{"uv":[11.99375,2.175,8.88125,0.0],"tintindex":0,"rotation":0,"texture":"#0"},"south":{"uv":[11.99375,2.175,8.88125,0.0],"tintindex":0,"rotation":0,"texture":"#0"},"north":{"uv":[11.99375,2.175,8.88125,0.0],"tintindex":0,"rotation":0,"texture":"#0"},"west":{"uv":[11.99375,2.175,8.88125,0.0],"tintindex":0,"rotation":0,"texture":"#0"},"up":{"uv":[11.99375,2.175,8.88125,0.0],"tintindex":0,"rotation":0,"texture":"#0"},"down":{"uv":[11.99375,2.175,8.88125,0.0],"tintindex":0,"rotation":0,"texture":"#0"}},"rotation":{"origin":[8.0,22.297623,6.5027666],"angle":-45.0,"axis":"x"}},{"from":[1.3699999,19.393291,5.3173437],"to":[14.63,23.813293,11.037344],"faces":{"east":{"uv":[0.9375,14.1875,2.2125,14.6125],"tintindex":0,"rotation":0,"texture":"#0"},"south":{"uv":[0.9375,14.1875,2.2125,14.6125],"tintindex":0,"rotation":0,"texture":"#0"},"north":{"uv":[0.9375,14.1875,2.2125,14.6125],"tintindex":0,"rotation":0,"texture":"#0"},"west":{"uv":[0.9375,14.1875,2.2125,14.6125],"tintindex":0,"rotation":0,"texture":"#0"},"up":{"uv":[0.9375,14.1875,2.2125,14.6125],"tintindex":0,"rotation":0,"texture":"#0"},"down":{"uv":[0.9375,14.1875,2.2125,14.6125],"tintindex":0,"rotation":0,"texture":"#0"}}}],"display":{"gui":{"rotation":[30,225,0]}}}