{"textures":{"0":"modelengine:entity/boar"},"elements":[{"from":[6.7816,9.04578,7.5085597],"to":[11.058399,11.54058,12.854559],"faces":{"east":{"uv":[13.625,10.5,14.25,10.75],"tintindex":0,"rotation":0,"texture":"#0"},"south":{"uv":[13.875,1.625,14.375,1.875],"tintindex":0,"rotation":0,"texture":"#0"},"north":{"uv":[13.875,1.25,14.375,1.5],"tintindex":0,"rotation":0,"texture":"#0"},"west":{"uv":[13.625,11.375,14.25,11.625],"tintindex":0,"rotation":0,"texture":"#0"},"up":{"uv":[13.25,7.375,12.75,6.75],"tintindex":0,"rotation":0,"texture":"#0"},"down":{"uv":[9.125,12.75,8.625,13.375],"tintindex":0,"rotation":0,"texture":"#0"}},"rotation":{"origin":[8.92,10.17904,6.2297797],"angle":45.0,"axis":"x"}},{"from":[7.138,4.0213003,3.71241],"to":[10.702,6.5161004,6.92001],"faces":{"east":{"uv":[2.375,14.0,2.75,14.25],"tintindex":0,"rotation":0,"texture":"#0"},"south":{"uv":[13.75,13.625,14.25,13.875],"tintindex":0,"rotation":0,"texture":"#0"},"north":{"uv":[13.75,13.25,14.25,13.5],"tintindex":0,"rotation":0,"texture":"#0"},"west":{"uv":[8.0,14.0,8.375,14.25],"tintindex":0,"rotation":0,"texture":"#0"},"up":{"uv":[14.0,4.25,13.5,3.875],"tintindex":0,"rotation":0,"texture":"#0"},"down":{"uv":[14.0,4.375,13.5,4.75],"tintindex":0,"rotation":0,"texture":"#0"}},"rotation":{"origin":[7.4944,-2.10878,0.65080976],"angle":22.5,"axis":"x"}},{"from":[7.4944,5.51338,2.9052],"to":[10.3456,11.21578,5.7563996],"faces":{"east":{"uv":[6.5,12.875,6.875,13.625],"tintindex":0,"rotation":0,"texture":"#0"},"south":{"uv":[13.0,0.0,13.375,0.75],"tintindex":0,"rotation":0,"texture":"#0"},"north":{"uv":[12.875,2.375,13.25,3.125],"tintindex":0,"rotation":0,"texture":"#0"},"west":{"uv":[13.0,4.0,13.375,4.75],"tintindex":0,"rotation":0,"texture":"#0"},"up":{"uv":[14.125,8.25,13.75,7.875],"tintindex":0,"rotation":0,"texture":"#0"},"down":{"uv":[14.125,8.375,13.75,8.75],"tintindex":0,"rotation":0,"texture":"#0"}},"rotation":{"origin":[7.4944,-0.68317986,2.0764098],"angle":45.0,"axis":"x"}}],"display":{"gui":{"rotation":[30,225,0]}}}