{"textures":{"0":"modelengine:entity/boar"},"elements":[{"from":[6.354,4.6399994,6.8508],"to":[10.9872,10.3424,12.5532],"faces":{"east":{"uv":[11.375,0.0,12.125,0.75],"tintindex":0,"rotation":0,"texture":"#0"},"south":{"uv":[11.875,5.875,12.5,6.625],"tintindex":0,"rotation":0,"texture":"#0"},"north":{"uv":[11.75,9.5,12.375,10.25],"tintindex":0,"rotation":0,"texture":"#0"},"west":{"uv":[11.375,4.125,12.125,4.875],"tintindex":0,"rotation":0,"texture":"#0"},"up":{"uv":[9.375,12.625,8.75,11.875],"tintindex":0,"rotation":0,"texture":"#0"},"down":{"uv":[12.125,11.875,11.5,12.625],"tintindex":0,"rotation":0,"texture":"#0"}},"rotation":{"origin":[5.0104,6.0655994,8.2764],"angle":-45.0,"axis":"x"}},{"from":[6.4360003,0.7195997,5.7816],"to":[8.9308,8.9168,10.7712],"faces":{"east":{"uv":[11.0,7.125,11.625,8.125],"tintindex":0,"rotation":0,"texture":"#0"},"south":{"uv":[10.5,13.0,10.75,14.0],"tintindex":0,"rotation":0,"texture":"#0"},"north":{"uv":[10.125,13.0,10.375,14.0],"tintindex":0,"rotation":0,"texture":"#0"},"west":{"uv":[10.75,11.0,11.375,12.0],"tintindex":0,"rotation":0,"texture":"#0"},"up":{"uv":[13.75,13.125,13.5,12.5],"tintindex":0,"rotation":0,"texture":"#0"},"down":{"uv":[13.875,9.75,13.625,10.375],"tintindex":0,"rotation":0,"texture":"#0"}}}],"display":{"gui":{"rotation":[30,225,0]}}}