{"textures":{"0":"modelengine:entity/boar"},"elements":[{"from":[12.1384,6.5251093,4.27151],"to":[13.564,8.55071,5.9227104],"faces":{"east":{"uv":[7.25,11.875,7.75,12.375],"tintindex":0,"rotation":0,"texture":"#0"},"south":{"uv":[7.25,11.875,7.75,12.375],"tintindex":0,"rotation":0,"texture":"#0"},"north":{"uv":[7.75,11.875,7.25,12.375],"tintindex":0,"rotation":0,"texture":"#0"},"west":{"uv":[7.25,11.875,7.75,12.375],"tintindex":0,"rotation":0,"texture":"#0"},"up":{"uv":[1.125,15.0,1.625,15.5],"tintindex":0,"rotation":0,"texture":"#0"},"down":{"uv":[7.25,11.875,7.75,12.375],"tintindex":0,"rotation":0,"texture":"#0"}}},{"from":[-1.7612,16.066399,5.9544],"to":[2.1592002,18.917599,7.0235996],"faces":{"east":{"uv":[13.375,14.125,13.5,14.5],"tintindex":0,"rotation":0,"texture":"#0"},"south":{"uv":[8.625,13.5,9.125,13.875],"tintindex":0,"rotation":0,"texture":"#0"},"north":{"uv":[8.0,13.5,8.5,13.875],"tintindex":0,"rotation":0,"texture":"#0"},"west":{"uv":[0.0,14.25,0.125,14.625],"tintindex":0,"rotation":0,"texture":"#0"},"up":{"uv":[14.625,4.5,14.125,4.375],"tintindex":0,"rotation":0,"texture":"#0"},"down":{"uv":[14.625,4.625,14.125,4.75],"tintindex":0,"rotation":0,"texture":"#0"}},"rotation":{"origin":[-4.6124,9.294799,13.4388],"angle":-45.0,"axis":"z"}},{"from":[6.436,2.1667995,-2.5991993],"to":[7.1488,4.6616,-1.8864002],"faces":{"east":{"uv":[5.5,14.25,5.625,14.5],"tintindex":0,"rotation":0,"texture":"#0"},"south":{"uv":[14.25,5.625,14.375,5.875],"tintindex":0,"rotation":0,"texture":"#0"},"north":{"uv":[5.25,14.25,5.375,14.5],"tintindex":0,"rotation":0,"texture":"#0"},"west":{"uv":[5.75,14.25,5.875,14.5],"tintindex":0,"rotation":0,"texture":"#0"},"up":{"uv":[14.25,14.375,14.125,14.25],"tintindex":0,"rotation":0,"texture":"#0"},"down":{"uv":[0.625,14.375,0.5,14.5],"tintindex":0,"rotation":0,"texture":"#0"}},"rotation":{"origin":[5.3668003,0.028399944,-0.46080017],"angle":-22.5,"axis":"x"}},{"from":[11.782,2.1667995,-2.5991993],"to":[12.494801,4.6616,-1.8864002],"faces":{"east":{"uv":[14.25,6.0,14.375,6.25],"tintindex":0,"rotation":0,"texture":"#0"},"south":{"uv":[6.25,14.25,6.375,14.5],"tintindex":0,"rotation":0,"texture":"#0"},"north":{"uv":[6.0,14.25,6.125,14.5],"tintindex":0,"rotation":0,"texture":"#0"},"west":{"uv":[6.5,14.25,6.625,14.5],"tintindex":0,"rotation":0,"texture":"#0"},"up":{"uv":[14.5,0.625,14.375,0.5],"tintindex":0,"rotation":0,"texture":"#0"},"down":{"uv":[0.875,14.375,0.75,14.5],"tintindex":0,"rotation":0,"texture":"#0"}},"rotation":{"origin":[10.7128,0.028399944,-0.46080017],"angle":-22.5,"axis":"x"}},{"from":[12.8512,-1.3971996,-4.7376003],"to":[13.564,-0.32800007,-0.8171997],"faces":{"east":{"uv":[8.0,6.0,8.5,6.125],"tintindex":0,"rotation":0,"texture":"#0"},"south":{"uv":[6.25,9.25,6.375,9.375],"tintindex":0,"rotation":0,"texture":"#0"},"north":{"uv":[8.75,4.5,8.875,4.625],"tintindex":0,"rotation":0,"texture":"#0"},"west":{"uv":[8.25,2.125,8.75,2.25],"tintindex":0,"rotation":0,"texture":"#0"},"up":{"uv":[12.0,14.5,11.875,14.0],"tintindex":0,"rotation":0,"texture":"#0"},"down":{"uv":[12.25,14.0,12.125,14.5],"tintindex":0,"rotation":0,"texture":"#0"}},"rotation":{"origin":[13.564,-3.5356007,-1.8864002],"angle":-22.5,"axis":"x"}},{"from":[4.6540003,2.5232,-0.46080017],"to":[6.0796,3.9488,3.1032],"faces":{"east":{"uv":[14.125,3.875,14.625,4.0],"tintindex":0,"rotation":0,"texture":"#0"},"south":{"uv":[13.25,12.5,13.375,12.625],"tintindex":0,"rotation":0,"texture":"#0"},"north":{"uv":[13.0,12.5,13.125,12.625],"tintindex":0,"rotation":0,"texture":"#0"},"west":{"uv":[14.125,4.125,14.625,4.25],"tintindex":0,"rotation":0,"texture":"#0"},"up":{"uv":[4.0,14.625,3.875,14.125],"tintindex":0,"rotation":0,"texture":"#0"},"down":{"uv":[4.25,14.125,4.125,14.625],"tintindex":0,"rotation":0,"texture":"#0"}},"rotation":{"origin":[5.0104,0.38479996,2.0340004],"angle":-22.5,"axis":"x"}},{"from":[6.436,2.5232,0.9647999],"to":[12.494801,4.3051996,5.5979996],"faces":{"east":{"uv":[13.75,4.875,14.375,5.125],"tintindex":0,"rotation":0,"texture":"#0"},"south":{"uv":[13.5,0.5,14.25,0.75],"tintindex":0,"rotation":0,"texture":"#0"},"north":{"uv":[13.0,11.0,13.75,11.25],"tintindex":0,"rotation":0,"texture":"#0"},"west":{"uv":[13.75,5.25,14.375,5.5],"tintindex":0,"rotation":0,"texture":"#0"},"up":{"uv":[12.75,3.25,12.0,2.625],"tintindex":0,"rotation":0,"texture":"#0"},"down":{"uv":[13.0,5.0,12.25,5.625],"tintindex":0,"rotation":0,"texture":"#0"}},"rotation":{"origin":[6.436,-2.1100006,4.5288],"angle":-45.0,"axis":"x"}},{"from":[4.2976,3.9488,2.0340004],"to":[14.6332,6.0872,6.3107996],"faces":{"east":{"uv":[14.0,7.0,14.5,7.25],"tintindex":0,"rotation":0,"texture":"#0"},"south":{"uv":[12.75,7.5,14.0,7.75],"tintindex":0,"rotation":0,"texture":"#0"},"north":{"uv":[10.5,1.75,11.75,2.0],"tintindex":0,"rotation":0,"texture":"#0"},"west":{"uv":[7.375,14.0,7.875,14.25],"tintindex":0,"rotation":0,"texture":"#0"},"up":{"uv":[12.375,8.75,11.125,8.25],"tintindex":0,"rotation":0,"texture":"#0"},"down":{"uv":[12.375,8.875,11.125,9.375],"tintindex":0,"rotation":0,"texture":"#0"}},"rotation":{"origin":[6.436,1.0976,6.3107996],"angle":-22.5,"axis":"x"}},{"from":[5.0104,-0.68440056,-3.6683998],"to":[6.436,3.236,-2.2427998],"faces":{"east":{"uv":[10.375,14.125,10.5,14.625],"tintindex":0,"rotation":0,"texture":"#0"},"south":{"uv":[10.625,14.125,10.75,14.625],"tintindex":0,"rotation":0,"texture":"#0"},"north":{"uv":[10.125,14.125,10.25,14.625],"tintindex":0,"rotation":0,"texture":"#0"},"west":{"uv":[12.625,14.125,12.75,14.625],"tintindex":0,"rotation":0,"texture":"#0"},"up":{"uv":[1.125,14.5,1.0,14.375],"tintindex":0,"rotation":0,"texture":"#0"},"down":{"uv":[1.375,14.375,1.25,14.5],"tintindex":0,"rotation":0,"texture":"#0"}},"rotation":{"origin":[6.0796,-2.4664001,-3.6683998],"angle":22.5,"axis":"x"}},{"from":[4.6540003,2.5232,2.7468004],"to":[14.2768,7.1563997,9.8748],"faces":{"east":{"uv":[11.625,3.375,12.5,4.0],"tintindex":0,"rotation":0,"texture":"#0"},"south":{"uv":[10.0,5.375,11.25,6.0],"tintindex":0,"rotation":0,"texture":"#0"},"north":{"uv":[9.75,9.375,11.0,10.0],"tintindex":0,"rotation":0,"texture":"#0"},"west":{"uv":[4.75,11.75,5.625,12.375],"tintindex":0,"rotation":0,"texture":"#0"},"up":{"uv":[8.5,8.125,7.25,7.25],"tintindex":0,"rotation":0,"texture":"#0"},"down":{"uv":[2.375,7.375,1.125,8.25],"tintindex":0,"rotation":0,"texture":"#0"}},"rotation":{"origin":[6.436,1.0976,6.3107996],"angle":-22.5,"axis":"x"}},{"from":[5.3668003,6.5251093,4.27151],"to":[6.7924,8.55071,5.9227104],"faces":{"east":{"uv":[7.25,11.875,7.75,12.375],"tintindex":0,"rotation":0,"texture":"#0"},"south":{"uv":[7.25,11.875,7.75,12.375],"tintindex":0,"rotation":0,"texture":"#0"},"north":{"uv":[7.25,11.875,7.75,12.375],"tintindex":0,"rotation":0,"texture":"#0"},"west":{"uv":[7.75,11.875,7.25,12.375],"tintindex":0,"rotation":0,"texture":"#0"},"up":{"uv":[7.25,11.875,7.75,12.375],"tintindex":0,"rotation":0,"texture":"#0"},"down":{"uv":[7.25,11.875,7.75,12.375],"tintindex":0,"rotation":0,"texture":"#0"}}},{"from":[5.1668,6.1251097,4.1715097],"to":[6.5924,8.15071,5.82271],"faces":{"east":{"uv":[1.125,15.0,1.625,15.5],"tintindex":0,"rotation":0,"texture":"#0"},"south":{"uv":[1.125,15.0,1.625,15.5],"tintindex":0,"rotation":0,"texture":"#0"},"north":{"uv":[0.0,14.75,0.5,15.25],"tintindex":0,"rotation":0,"texture":"#0"},"west":{"uv":[1.125,15.0,1.625,15.5],"tintindex":0,"rotation":0,"texture":"#0"},"up":{"uv":[1.125,15.0,1.625,15.5],"tintindex":0,"rotation":0,"texture":"#0"},"down":{"uv":[1.125,15.0,1.625,15.5],"tintindex":0,"rotation":0,"texture":"#0"}}},{"from":[6.436,2.1667995,-1.1735992],"to":[7.1488,4.6616,-0.104400635],"faces":{"east":{"uv":[11.125,5.0,11.25,5.25],"tintindex":0,"rotation":0,"texture":"#0"},"south":{"uv":[12.5,1.375,12.625,1.625],"tintindex":0,"rotation":0,"texture":"#0"},"north":{"uv":[1.75,10.875,1.875,11.125],"tintindex":0,"rotation":0,"texture":"#0"},"west":{"uv":[5.0,14.25,5.125,14.5],"tintindex":0,"rotation":0,"texture":"#0"},"up":{"uv":[5.25,13.625,5.125,13.5],"tintindex":0,