{"textures":{"0":"modelengine:entity/boar"},"elements":[{"from":[7.138,3.29137,4.61548],"to":[10.702,5.78617,7.82308],"faces":{"east":{"uv":[8.5,14.0,8.875,14.25],"tintindex":0,"rotation":0,"texture":"#0"},"south":{"uv":[13.875,12.875,14.375,13.125],"tintindex":0,"rotation":0,"texture":"#0"},"north":{"uv":[13.875,12.5,14.375,12.75],"tintindex":0,"rotation":0,"texture":"#0"},"west":{"uv":[14.0,9.75,14.375,10.0],"tintindex":0,"rotation":0,"texture":"#0"},"up":{"uv":[5.0,13.875,4.5,13.5],"tintindex":0,"rotation":0,"texture":"#0"},"down":{"uv":[7.875,13.5,7.375,13.875],"tintindex":0,"rotation":0,"texture":"#0"}},"rotation":{"origin":[-3.1975994,-2.8387108,1.5538797],"angle":22.5,"axis":"x"}},{"from":[6.7816,8.15008,8.438749],"to":[11.058399,10.64488,13.78475],"faces":{"east":{"uv":[13.625,11.75,14.25,12.0],"tintindex":0,"rotation":0,"texture":"#0"},"south":{"uv":[13.875,10.875,14.375,11.125],"tintindex":0,"rotation":0,"texture":"#0"},"north":{"uv":[5.625,13.875,6.125,14.125],"tintindex":0,"rotation":0,"texture":"#0"},"west":{"uv":[13.625,12.125,14.25,12.375],"tintindex":0,"rotation":0,"texture":"#0"},"up":{"uv":[12.0,13.375,11.5,12.75],"tintindex":0,"rotation":0,"texture":"#0"},"down":{"uv":[12.625,12.75,12.125,13.375],"tintindex":0,"rotation":0,"texture":"#0"}},"rotation":{"origin":[-2.4848003,9.612619,7.02359],"angle":45.0,"axis":"x"}},{"from":[7.4944,4.89419,3.3154697],"to":[10.3456,10.2401905,6.16667],"faces":{"east":{"uv":[12.75,13.375,13.125,14.0],"tintindex":0,"rotation":0,"texture":"#0"},"south":{"uv":[13.25,13.375,13.625,14.0],"tintindex":0,"rotation":0,"texture":"#0"},"north":{"uv":[9.25,13.375,9.625,14.0],"tintindex":0,"rotation":0,"texture":"#0"},"west":{"uv":[0.0,13.5,0.375,14.125],"tintindex":0,"rotation":0,"texture":"#0"},"up":{"uv":[14.125,9.25,13.75,8.875],"tintindex":0,"rotation":0,"texture":"#0"},"down":{"uv":[11.25,13.75,10.875,14.125],"tintindex":0,"rotation":0,"texture":"#0"}},"rotation":{"origin":[10.3456,-1.5223703,2.81596],"angle":45.0,"axis":"x"}}],"display":{"gui":{"rotation":[30,225,0]}}}