{"textures":{"0":"modelengine:entity/boar"},"elements":[{"from":[8.218,2.7544003,2.034],"to":[11.4256,10.2388,4.8852],"faces":{"east":{"uv":[3.0,12.75,3.375,13.625],"tintindex":0,"rotation":0,"texture":"#0"},"south":{"uv":[3.5,12.75,3.875,13.625],"tintindex":0,"rotation":0,"texture":"#0"},"north":{"uv":[12.75,1.375,13.125,2.25],"tintindex":0,"rotation":0,"texture":"#0"},"west":{"uv":[4.0,12.75,4.375,13.625],"tintindex":0,"rotation":0,"texture":"#0"},"up":{"uv":[14.125,6.5,13.75,6.125],"tintindex":0,"rotation":0,"texture":"#0"},"down":{"uv":[6.75,13.75,6.375,14.125],"tintindex":0,"rotation":0,"texture":"#0"}},"rotation":{"origin":[11.0692005,-3.3043995,1.6775994],"angle":22.5,"axis":"x"}},{"from":[7.5052004,0.9724002,3.4596],"to":[12.138401,2.7544003,7.0236],"faces":{"east":{"uv":[8.875,2.875,9.375,3.125],"tintindex":0,"rotation":0,"texture":"#0"},"south":{"uv":[11.75,7.875,12.375,8.125],"tintindex":0,"rotation":0,"texture":"#0"},"north":{"uv":[9.5,4.125,10.125,4.375],"tintindex":0,"rotation":0,"texture":"#0"},"west":{"uv":[13.75,9.375,14.25,9.625],"tintindex":0,"rotation":0,"texture":"#0"},"up":{"uv":[9.625,5.875,9.0,5.375],"tintindex":0,"rotation":0,"texture":"#0"},"down":{"uv":[13.25,3.375,12.625,3.875],"tintindex":0,"rotation":0,"texture":"#0"}}},{"from":[7.8616004,0.9724002,6.6672],"to":[11.782,2.7544003,10.2312],"faces":{"east":{"uv":[14.0,3.5,14.5,3.75],"tintindex":0,"rotation":0,"texture":"#0"},"south":{"uv":[4.375,14.0,4.875,14.25],"tintindex":0,"rotation":0,"texture":"#0"},"north":{"uv":[14.0,3.125,14.5,3.375],"tintindex":0,"rotation":0,"texture":"#0"},"west":{"uv":[14.0,6.625,14.5,6.875],"tintindex":0,"rotation":0,"texture":"#0"},"up":{"uv":[13.875,3.75,13.375,3.25],"tintindex":0,"rotation":0,"texture":"#0"},"down":{"uv":[13.875,6.75,13.375,7.25],"tintindex":0,"rotation":0,"texture":"#0"}},"rotation":{"origin":[8.5744,-4.7299995,3.4596],"angle":-22.5,"axis":"x"}}],"display":{"gui":{"rotation":[30,225,0]}}}