{"textures":{"0":"modelengine:entity/boar"},"elements":[{"from":[3.3668003,4.0796003,8.3564],"to":[11.2076,11.9384,15.4844],"faces":{"east":{"uv":[10.75,10.125,11.625,10.875],"tintindex":0,"rotation":0,"texture":"#0"},"south":{"uv":[10.25,4.125,11.25,4.875],"tintindex":0,"rotation":0,"texture":"#0"},"north":{"uv":[10.25,0.0,11.25,0.75],"tintindex":0,"rotation":0,"texture":"#0"},"west":{"uv":[0.75,10.875,1.625,11.625],"tintindex":0,"rotation":0,"texture":"#0"},"up":{"uv":[9.625,9.5,8.625,8.625],"tintindex":0,"rotation":0,"texture":"#0"},"down":{"uv":[1.0,8.75,0.0,9.625],"tintindex":0,"rotation":0,"texture":"#0"}},"rotation":{"origin":[4.436,2.2975998,12.6332],"angle":22.5,"axis":"x"}},{"from":[6.5744,7.7180004,13.7024],"to":[8.3564,9.5,20.1176],"faces":{"east":{"uv":[10.25,5.0,11.0,5.25],"tintindex":0,"rotation":0,"texture":"#0"},"south":{"uv":[10.75,8.25,11.0,8.5],"tintindex":0,"rotation":0,"texture":"#0"},"north":{"uv":[6.25,8.875,6.5,9.125],"tintindex":0,"rotation":0,"texture":"#0"},"west":{"uv":[11.875,6.75,12.625,7.0],"tintindex":0,"rotation":0,"texture":"#0"},"up":{"uv":[1.375,7.125,1.125,6.375],"tintindex":0,"rotation":0,"texture":"#0"},"down":{"uv":[10.0,13.375,9.75,14.125],"tintindex":0,"rotation":0,"texture":"#0"}},"rotation":{"origin":[4.436,4.0796003,17.622799],"angle":45.0,"axis":"x"}},{"from":[4.3668,6.2755203,-3.5749798],"to":[10.164,14.929119,2.6094198],"faces":{"east":{"uv":[3.875,6.375,4.875,7.5],"tintindex":0,"rotation":0,"texture":"#0"},"south":{"uv":[6.875,5.0,7.875,6.125],"tintindex":0,"rotation":0,"texture":"#0"},"north":{"uv":[6.5,1.125,7.5,2.25],"tintindex":0,"rotation":0,"texture":"#0"},"west":{"uv":[3.875,6.375,4.875,7.5],"tintindex":0,"rotation":0,"texture":"#0"},"up":{"uv":[3.0,11.125,2.0,10.375],"tintindex":0,"rotation":0,"texture":"#0"},"down":{"uv":[11.5,0.875,10.5,1.625],"tintindex":0,"rotation":0,"texture":"#0"}},"rotation":{"origin":[7.2654,12.20232,-1.9827805],"angle":-45.0,"axis":"x"}},{"from":[1.5847998,0.8720002,-3.4048004],"to":[12.9896,9.4256,5.8616],"faces":{"east":{"uv":[5.625,5.125,6.75,6.25],"tintindex":0,"rotation":0,"texture":"#0"},"south":{"uv":[3.5,0.0,4.875,1.125],"tintindex":0,"rotation":0,"texture":"#0"},"north":{"uv":[3.375,2.5,4.75,3.625],"tintindex":0,"rotation":0,"texture":"#0"},"west":{"uv":[5.875,3.75,7.0,4.875],"tintindex":0,"rotation":0,"texture":"#0"},"up":{"uv":[4.875,2.375,3.5,1.25],"tintindex":0,"rotation":0,"texture":"#0"},"down":{"uv":[3.0,3.75,1.625,4.875],"tintindex":0,"rotation":0,"texture":"#0"}},"rotation":{"origin":[4.436,1.5847998,7.2872],"angle":22.5,"axis":"x"}},{"from":[0.8720002,0.5156002,-3.7612],"to":[13.7024,9.782,6.218],"faces":{"east":{"uv":[4.875,2.5,6.125,3.625],"tintindex":0,"rotation":0,"texture":"#0"},"south":{"uv":[1.75,1.25,3.375,2.375],"tintindex":0,"rotation":0,"texture":"#0"},"north":{"uv":[1.75,0.0,3.375,1.125],"tintindex":0,"rotation":0,"texture":"#0"},"west":{"uv":[1.5,5.0,2.75,6.125],"tintindex":0,"rotation":0,"texture":"#0"},"up":{"uv":[1.625,1.25,0.0,0.0],"tintindex":0,"rotation":0,"texture":"#0"},"down":{"uv":[1.625,1.375,0.0,2.625],"tintindex":0,"rotation":0,"texture":"#0"}},"rotation":{"origin":[4.436,1.5847998,7.2872],"angle":22.5,"axis":"x"}},{"from":[2.2975998,5.5052004,-7.6815996],"to":[12.6332,12.6332,-2.6920004],"faces":{"east":{"uv":[3.25,11.75,3.875,12.625],"tintindex":0,"rotation":0,"texture":"#0"},"south":{"uv":[7.25,6.25,8.5,7.125],"tintindex":0,"rotation":0,"texture":"#0"},"north":{"uv":[7.125,3.75,8.375,4.625],"tintindex":0,"rotation":0,"texture":"#0"},"west":{"uv":[4.0,11.75,4.625,12.625],"tintindex":0,"rotation":0,"texture":"#0"},"up":{"uv":[5.5,10.375,4.25,9.75],"tintindex":0,"rotation":0,"texture":"#0"},"down":{"uv":[11.0,8.625,9.75,9.25],"tintindex":0,"rotation":0,"texture":"#0"}},"rotation":{"origin":[4.436,5.1488,-1.9792004],"angle":45.0,"axis":"x"}},{"from":[3.7231998,6.2180004,0.5156002],"to":[10.8512,14.771601,7.2872],"faces":{"east":{"uv":[5.625,7.625,6.5,8.75],"tintindex":0,"rotation":0,"texture":"#0"},"south":{"uv":[8.0,4.75,8.875,5.875],"tintindex":0,"rotation":0,"texture":"#0"},"north":{"uv":[4.625,7.625,5.5,8.75],"tintindex":0,"rotation":0,"texture":"#0"},"west":{"uv":[6.625,8.25,7.5,9.375],"tintindex":0,"rotation":0,"texture":"#0"},"up":{"uv":[0.875,10.625,0.0,9.75],"tintindex":0,"rotation":0,"texture":"#0"},"down":{"uv":[10.875,6.125,10.0,7.0],"tintindex":0,"rotation":0,"texture":"#0"}}},{"from":[3.0103998,4.7924004,8.0],"to":[11.564,11.2076,13.346001],"faces":{"east":{"uv":[12.25,0.0,12.875,0.75],"tintindex":0,"rotation":0,"texture":"#0"},"south":{"uv":[2.125,9.5,3.25,10.25],"tintindex":0,"rotation":0,"texture":"#0"},"north":{"uv":[9.0,4.5,10.125,5.25],"tintindex":0,"rotation":0,"texture":"#0"},"west":{"uv":[12.25,4.125,12.875,4.875],"tintindex":0,"rotation":0,"texture":"#0"},"up":{"uv":[11.5,4.0,10.375,3.375],"tintindex":0,"rotation":0,"texture":"#0"},"down":{"uv":[6.875,10.75,5.75,11.375],"tintindex":0,"rotation":0,"texture":"#0"}},"rotation":{"origin":[4.436,3.0103998,12.2768],"angle":22.5,"axis":"x"}},{"from":[1.9411998,7.2872,-8.038],"to":[12.9896,12.989599,-2.6920004],"faces":{"east":{"uv":[12.25,11.875,12.875,12.625],"tintindex":0,"rotation":0,"texture":"#0"},"south":{"uv":[7.5,0.0,8.875,0.75],"tintindex":0,"rotation":0,"texture":"#0"},"north":{"uv":[7.375,2.375,8.75,3.125],"tintindex":0,"rotation":0,"texture":"#0"},"west":{"uv":[5.75,12.375,6.375,13.125],"tintindex":0,"rotation":0,"texture":"#0"},"up":{"uv":[10.25,2.75,8.875,2.125],"tintindex":0,"rotation":0,"texture":"#0"},"down":{"uv":[4.875,8.875,3.5,9.5],"tintindex":0,"rotation":0,"texture":"#0"}},"rotation":{"origin":[4.436,5.1488,-1.9792004],"angle":45.0,"axis":"x"}},{"from":[3.7231998,5.1488,3.3668003],"to":[10.8512,14.0588,8.3564],"faces":{"east":{"uv":[0.0,10.75,0.625,11.875],"tintindex":0,"rotation":0,"texture":"#0"},"south":{"uv":[3.625,7.625,4.5,8.75],"tintindex":0,"rotation":0,"texture":"#0"},"north":{"uv":[7.625,0.875,8.5,2.0],"tintindex":0,"rotation":0,"texture":"#0"},"west":{"uv":[7.0,10.75,7.625,11.875],"tintindex":0,"rotation":0,"texture":"#0"},"up":{"uv":[12.625,7.75,11.75,7.125],"tintindex":0,"rotation":0,"texture":"#0"},"down":{"uv":[8.625,11.75,7.75,12.375],"tintindex":0,"rotation":0,"texture":"#0"}},"rotation":{"origin":[4.436,5.1488,7.6436],"angle":22.5,"axis":"x"}},{"from":[3.7231998,6.2180004,0.5156002],"to":[10.8512,14.771601,7.2872],"faces":{"east":{"uv":[1.125,8.375,2.0,9.5],"tintindex":0,"rotation":0,"texture":"#0"},"south":{"uv":[8.5,3.25,9.375,4.375],"tintindex":0,"rotation":0,"texture":"#0"},"north":{"uv":[7.625,8.25,8.5,9.375],"tintindex":0,"rotation":0,"texture":"#0"},"west":{"uv":[8.625,0.875,9.5,2.0],"tintindex":0,"rotation":0,"texture":"#0"},"up":{"uv":[10.875,8.0,10.0,7.125],"tintindex":0,"rotation":0,"texture":"#0"},"down":{"uv":[10.625,10.125,9.75,11.0],"tintindex":0,"rotation":0,"texture":"#0"}}},{"from":[3.3668003,6.2180004,-0.68440056],"to":[11.2076,17.428,7.0872],"faces":{"east":{"uv":[3.875,6.375,4.875,7.5],"tintindex":0,"rotation":0,"texture":"#0"},"south":{"uv":[5.0,6.375,6.0,7.5],"tintindex":0,"rotation":0,"texture":"#0"},"north":{"uv":[0.0,6.375,1.0,7.5],"tintindex":0,"rotation":0,"texture":"#0"},"west":{"uv":[3.875,6.375,4.875,7.5],"tintindex":0,"rotation":0,"texture":"#0"},"up":{"uv":[3.5,8.5,2.5,7.5],"tintindex":0,"rotation":0,"texture":"#0"},"down":{"uv":[1.0,7.625,0.0,8.625],"tintindex":0,"rotation":0,"texture":"#0"}}},{"from":[1.9411998,1.2284002,-3.0484],"to":[12.6332,9.0692,5.5052],"faces":{"east":{"uv":[6.25,0.0,7.375,1.0],"tintindex":0,"rotation":0,"texture":"#0"},"south":{"uv":[0.0,5.25,1.375,6.25],"tintindex":0,"rotation":0,"texture":"#0"},"north":{"uv":[5.0,1.375,6.375,2.375],"tintindex":0,"rotation":0,"texture":"#0"},"west":{"uv":[1.5,6.25,2.625,7.25],"tintindex":0,"rotation":0,"texture":"#0"},"up":{"uv":[4.5,4.875,3.125,3.75],"tintindex":0,"rotation":0,"texture":"#0"},"down":{"uv":[1.375,4.0,0.0,5.125],"tintindex":0,"rotation":0,"texture":"#0"}},"rotation":{"origin":[4.436,1.5847998,7.2872],