{"textures":{"0":"modelengine:entity/mso_angler_fish"},"elements":[{"from":[7.5,7.6453457,17.906475],"to":[8.5,11.645346,17.906475],"faces":{"south":{"uv":[12.25,3.25,12.5,4.25],"tintindex":0,"rotation":0,"texture":"#0"},"north":{"uv":[3.25,12.25,3.5,13.25],"tintindex":0,"rotation":0,"texture":"#0"}},"rotation":{"origin":[12.5,-4.3546543,7.906475],"angle":-45.0,"axis":"x"}},{"from":[7.5,4.593113,13.376184],"to":[8.5,8.593113,13.376184],"faces":{"south":{"uv":[3.75,12.25,4.0,13.25],"tintindex":0,"rotation":0,"texture":"#0"},"north":{"uv":[3.75,12.25,4.0,13.25],"tintindex":0,"rotation":0,"texture":"#0"}},"rotation":{"origin":[12.5,-7.406887,3.3761845],"angle":-22.5,"axis":"x"}},{"from":[7.5,14.029829,1.6645412],"to":[8.5,14.029829,3.6645412],"faces":{"up":{"uv":[4.75,12.75,4.5,12.25],"tintindex":0,"rotation":0,"texture":"#0"},"down":{"uv":[5.0,12.25,4.75,12.75],"tintindex":0,"rotation":0,"texture":"#0"}}}],"display":{"gui":{"rotation":[30,225,0]}}}