{"textures":{"0":"modelengine:entity/boar_female"},"elements":[{"from":[7.5479703,2.48626,6.9937897],"to":[10.91951,4.0187798,10.05883],"faces":{"east":{"uv":[14.0,2.0,14.5,2.25],"tintindex":0,"rotation":0,"texture":"#0"},"south":{"uv":[14.0,2.375,14.5,2.625],"tintindex":0,"rotation":0,"texture":"#0"},"north":{"uv":[1.75,14.0,2.25,14.25],"tintindex":0,"rotation":0,"texture":"#0"},"west":{"uv":[14.0,2.75,14.5,3.0],"tintindex":0,"rotation":0,"texture":"#0"},"up":{"uv":[2.75,13.875,2.25,13.375],"tintindex":0,"rotation":0,"texture":"#0"},"down":{"uv":[13.875,2.625,13.375,3.125],"tintindex":0,"rotation":0,"texture":"#0"}},"rotation":{"origin":[8.16098,-2.417801,4.2352595],"angle":-22.5,"axis":"x"}},{"from":[7.8544703,4.0187798,3.0092397],"to":[10.61301,10.45536,5.46127],"faces":{"east":{"uv":[10.25,11.125,10.625,12.0],"tintindex":0,"rotation":0,"texture":"#0"},"south":{"uv":[11.0,12.125,11.375,13.0],"tintindex":0,"rotation":0,"texture":"#0"},"north":{"uv":[5.75,9.75,6.125,10.625],"tintindex":0,"rotation":0,"texture":"#0"},"west":{"uv":[12.625,5.75,13.0,6.625],"tintindex":0,"rotation":0,"texture":"#0"},"up":{"uv":[5.5,14.125,5.125,13.75],"tintindex":0,"rotation":0,"texture":"#0"},"down":{"uv":[14.125,5.625,13.75,6.0],"tintindex":0,"rotation":0,"texture":"#0"}},"rotation":{"origin":[8.16098,-1.1917896,2.7027402],"angle":22.5,"axis":"x"}},{"from":[7.2414603,2.48626,4.2352595],"to":[11.226021,4.0187798,7.3002996],"faces":{"east":{"uv":[0.5,14.0,1.0,14.25],"tintindex":0,"rotation":0,"texture":"#0"},"south":{"uv":[3.625,13.75,4.25,14.0],"tintindex":0,"rotation":0,"texture":"#0"},"north":{"uv":[13.75,0.875,14.375,1.125],"tintindex":0,"rotation":0,"texture":"#0"},"west":{"uv":[1.125,14.0,1.625,14.25],"tintindex":0,"rotation":0,"texture":"#0"},"up":{"uv":[13.375,13.25,12.75,12.75],"tintindex":0,"rotation":0,"texture":"#0"},"down":{"uv":[0.625,12.875,0.0,13.375],"tintindex":0,"rotation":0,"texture":"#0"}}}],"display":{"gui":{"rotation":[30,225,0]}}}