{"textures":{"0":"modelengine:entity/boar_female"},"elements":[{"from":[7.23218,8.75961,7.46806],"to":[10.910231,10.90514,12.065619],"faces":{"east":{"uv":[13.625,10.5,14.25,10.75],"tintindex":0,"rotation":0,"texture":"#0"},"south":{"uv":[13.875,1.625,14.375,1.875],"tintindex":0,"rotation":0,"texture":"#0"},"north":{"uv":[13.875,1.25,14.375,1.5],"tintindex":0,"rotation":0,"texture":"#0"},"west":{"uv":[13.625,11.375,14.25,11.625],"tintindex":0,"rotation":0,"texture":"#0"},"up":{"uv":[13.25,7.375,12.75,6.75],"tintindex":0,"rotation":0,"texture":"#0"},"down":{"uv":[9.125,12.75,8.625,13.375],"tintindex":0,"rotation":0,"texture":"#0"}},"rotation":{"origin":[9.0712,9.7342205,6.36831],"angle":45.0,"axis":"x"}},{"from":[7.53868,4.43857,4.20337],"to":[10.60372,6.5841,6.96191],"faces":{"east":{"uv":[2.375,14.0,2.75,14.25],"tintindex":0,"rotation":0,"texture":"#0"},"south":{"uv":[13.75,13.625,14.25,13.875],"tintindex":0,"rotation":0,"texture":"#0"},"north":{"uv":[13.75,13.25,14.25,13.5],"tintindex":0,"rotation":0,"texture":"#0"},"west":{"uv":[8.0,14.0,8.375,14.25],"tintindex":0,"rotation":0,"texture":"#0"},"up":{"uv":[14.0,4.25,13.5,3.875],"tintindex":0,"rotation":0,"texture":"#0"},"down":{"uv":[14.0,4.375,13.5,4.75],"tintindex":0,"rotation":0,"texture":"#0"}},"rotation":{"origin":[7.84519,-0.83329964,1.5703998],"angle":22.5,"axis":"x"}},{"from":[7.84519,5.7217503,3.50917],"to":[10.29722,10.625811,5.9611998],"faces":{"east":{"uv":[6.5,12.875,6.875,13.625],"tintindex":0,"rotation":0,"texture":"#0"},"south":{"uv":[13.0,0.0,13.375,0.75],"tintindex":0,"rotation":0,"texture":"#0"},"north":{"uv":[12.875,2.375,13.25,3.125],"tintindex":0,"rotation":0,"texture":"#0"},"west":{"uv":[13.0,4.0,13.375,4.75],"tintindex":0,"rotation":0,"texture":"#0"},"up":{"uv":[14.125,8.25,13.75,7.875],"tintindex":0,"rotation":0,"texture":"#0"},"down":{"uv":[14.125,8.375,13.75,8.75],"tintindex":0,"rotation":0,"texture":"#0"}},"rotation":{"origin":[7.84519,0.39270973,2.7964096],"angle":45.0,"axis":"x"}}],"display":{"gui":{"rotation":[30,225,0]}}}