{"textures":{"0":"modelengine:entity/boar_female"},"elements":[{"from":[10.13902,8.76159,4.9334993],"to":[11.36504,10.50361,6.35353],"faces":{"east":{"uv":[7.25,11.875,7.75,12.375],"tintindex":0,"rotation":0,"texture":"#0"},"south":{"uv":[7.25,11.875,7.75,12.375],"tintindex":0,"rotation":0,"texture":"#0"},"north":{"uv":[7.75,11.875,7.25,12.375],"tintindex":0,"rotation":0,"texture":"#0"},"west":{"uv":[7.25,11.875,7.75,12.375],"tintindex":0,"rotation":0,"texture":"#0"},"up":{"uv":[1.125,15.0,1.625,15.5],"tintindex":0,"rotation":0,"texture":"#0"},"down":{"uv":[7.25,11.875,7.75,12.375],"tintindex":0,"rotation":0,"texture":"#0"}}},{"from":[-1.8146296,16.9671,6.38078],"to":[1.5569096,19.41913,7.30029],"faces":{"east":{"uv":[13.375,14.125,13.5,14.5],"tintindex":0,"rotation":0,"texture":"#0"},"south":{"uv":[8.625,13.5,9.125,13.875],"tintindex":0,"rotation":0,"texture":"#0"},"north":{"uv":[8.0,13.5,8.5,13.875],"tintindex":0,"rotation":0,"texture":"#0"},"west":{"uv":[0.0,14.25,0.125,14.625],"tintindex":0,"rotation":0,"texture":"#0"},"up":{"uv":[14.625,4.5,14.125,4.375],"tintindex":0,"rotation":0,"texture":"#0"},"down":{"uv":[14.625,4.625,14.125,4.75],"tintindex":0,"rotation":0,"texture":"#0"}},"rotation":{"origin":[-4.2666597,11.143519,12.81736],"angle":-45.0,"axis":"z"}},{"from":[3.7024403,5.31995,2.3637094],"to":[4.92846,6.5459595,5.42875],"faces":{"east":{"uv":[14.125,3.875,14.625,4.0],"tintindex":0,"rotation":0,"texture":"#0"},"south":{"uv":[13.25,12.5,13.375,12.625],"tintindex":0,"rotation":0,"texture":"#0"},"north":{"uv":[13.0,12.5,13.125,12.625],"tintindex":0,"rotation":0,"texture":"#0"},"west":{"uv":[14.125,4.125,14.625,4.25],"tintindex":0,"rotation":0,"texture":"#0"},"up":{"uv":[4.0,14.625,3.875,14.125],"tintindex":0,"rotation":0,"texture":"#0"},"down":{"uv":[4.25,14.125,4.125,14.625],"tintindex":0,"rotation":0,"texture":"#0"}},"rotation":{"origin":[4.0089397,3.4809198,3.0092402],"angle":-22.5,"axis":"x"}},{"from":[5.23496,5.31995,2.0897198],"to":[10.44553,6.8524694,6.07428],"faces":{"east":{"uv":[13.75,4.875,14.375,5.125],"tintindex":0,"rotation":0,"texture":"#0"},"south":{"uv":[13.5,0.5,14.25,0.75],"tintindex":0,"rotation":0,"texture":"#0"},"north":{"uv":[13.0,11.0,13.75,11.25],"tintindex":0,"rotation":0,"texture":"#0"},"west":{"uv":[13.75,5.25,14.375,5.5],"tintindex":0,"rotation":0,"texture":"#0"},"up":{"uv":[12.75,3.25,12.0,2.625],"tintindex":0,"rotation":0,"texture":"#0"},"down":{"uv":[13.0,5.0,12.25,5.625],"tintindex":0,"rotation":0,"texture":"#0"}},"rotation":{"origin":[5.23496,1.3353996,5.1547594],"angle":-45.0,"axis":"x"}},{"from":[3.3959398,6.5459595,3.0092402],"to":[12.28455,8.38499,6.6872797],"faces":{"east":{"uv":[14.0,7.0,14.5,7.25],"tintindex":0,"rotation":0,"texture":"#0"},"south":{"uv":[12.75,7.5,14.0,7.75],"tintindex":0,"rotation":0,"texture":"#0"},"north":{"uv":[10.5,1.75,11.75,2.0],"tintindex":0,"rotation":0,"texture":"#0"},"west":{"uv":[7.375,14.0,7.875,14.25],"tintindex":0,"rotation":0,"texture":"#0"},"up":{"uv":[12.375,8.75,11.125,8.25],"tintindex":0,"rotation":0,"texture":"#0"},"down":{"uv":[12.375,8.875,11.125,9.375],"tintindex":0,"rotation":0,"texture":"#0"}},"rotation":{"origin":[5.23496,4.09393,6.6872797],"angle":-22.5,"axis":"x"}},{"from":[3.7024403,5.31995,3.62224],"to":[11.97805,9.3045,9.752319],"faces":{"east":{"uv":[11.625,3.375,12.5,4.0],"tintindex":0,"rotation":0,"texture":"#0"},"south":{"uv":[10.0,5.375,11.25,6.0],"tintindex":0,"rotation":0,"texture":"#0"},"north":{"uv":[9.75,9.375,11.0,10.0],"tintindex":0,"rotation":0,"texture":"#0"},"west":{"uv":[4.75,11.75,5.625,12.375],"tintindex":0,"rotation":0,"texture":"#0"},"up":{"uv":[8.5,8.125,7.25,7.25],"tintindex":0,"rotation":0,"texture":"#0"},"down":{"uv":[2.375,7.375,1.125,8.25],"tintindex":0,"rotation":0,"texture":"#0"}},"rotation":{"origin":[5.23496,4.09393,6.6872797],"angle":-22.5,"axis":"x"}},{"from":[4.3154497,8.76159,4.9334993],"to":[5.54146,10.50361,6.35353],"faces":{"east":{"uv":[7.25,11.875,7.75,12.375],"tintindex":0,"rotation":0,"texture":"#0"},"south":{"uv":[7.25,11.875,7.75,12.375],"tintindex":0,"rotation":0,"texture":"#0"},"north":{"uv":[7.25,11.875,7.75,12.375],"tintindex":0,"rotation":0,"texture":"#0"},"west":{"uv":[7.75,11.875,7.25,12.375],"tintindex":0,"rotation":0,"texture":"#0"},"up":{"uv":[7.25,11.875,7.75,12.375],"tintindex":0,"rotation":0,"texture":"#0"},"down":{"uv":[7.25,11.875,7.75,12.375],"tintindex":0,"rotation":0,"texture":"#0"}}},{"from":[4.14345,8.41759,4.8475],"to":[5.36946,10.15961,6.2675295],"faces":{"east":{"uv":[1.125,15.0,1.625,15.5],"tintindex":0,"rotation":0,"texture":"#0"},"south":{"uv":[1.125,15.0,1.625,15.5],"tintindex":0,"rotation":0,"texture":"#0"},"north":{"uv":[0.0,14.75,0.5,15.25],"tintindex":0,"rotation":0,"texture":"#0"},"west":{"uv":[1.125,15.0,1.625,15.5],"tintindex":0,"rotation":0,"texture":"#0"},"up":{"uv":[1.125,15.0,1.625,15.5],"tintindex":0,"rotation":0,"texture":"#0"},"down":{"uv":[1.125,15.0,1.625,15.5],"tintindex":0,"rotation":0,"texture":"#0"}}},{"from":[5.23496,9.3045,3.92875],"to":[10.44553,14.208559,10.05883],"faces":{"east":{"uv":[3.125,10.875,4.0,11.625],"tintindex":0,"rotation":0,"texture":"#0"},"south":{"uv":[11.625,0.875,12.375,1.625],"tintindex":0,"rotation":0,"texture":"#0"},"north":{"uv":[11.5,11.0,12.25,11.75],"tintindex":0,"rotation":0,"texture":"#0"},"west":{"uv":[7.75,10.875,8.625,11.625],"tintindex":0,"rotation":0,"texture":"#0"},"up":{"uv":[9.5,11.75,8.75,10.875],"tintindex":0,"rotation":0,"texture":"#0"},"down":{"uv":[11.75,6.125,11.0,7.0],"tintindex":0,"rotation":0,"texture":"#0"}},"rotation":{"origin":[5.23496,5.9329596,9.139319],"angle":-45.0,"axis":"x"}},{"from":[5.84797,6.23946,0.2507],"to":[9.83252,8.998,4.84826],"faces":{"east":{"uv":[2.375,11.25,3.0,11.625],"tintindex":0,"rotation":0,"texture":"#0"},"south":{"uv":[13.5,0.0,14.125,0.375],"tintindex":0,"rotation":0,"texture":"#0"},"north":{"uv":[10.0,8.125,10.625,8.5],"tintindex":0,"rotation":0,"texture":"#0"},"west":{"uv":[1.375,13.5,2.0,13.875],"tintindex":0,"rotation":0,"texture":"#0"},"up":{"uv":[1.375,13.25,0.75,12.625],"tintindex":0,"rotation":0,"texture":"#0"},"down":{"uv":[2.875,12.625,2.25,13.25],"tintindex":0,"rotation":0,"texture":"#0"}},"rotation":{"origin":[4.92846,2.56141,3.92875],"angle":-45.0,"axis":"x"}},{"from":[13.81707,16.9671,6.38078],"to":[17.188622,19.41913,7.30029],"faces":{"east":{"uv":[14.25,0.0,14.375,0.375],"tintindex":0,"rotation":0,"texture":"#0"},"south":{"uv":[12.125,13.5,12.625,13.875],"tintindex":0,"rotation":0,"texture":"#0"},"north":{"uv":[11.5,13.5,12.0,13.875],"tintindex":0,"rotation":0,"texture":"#0"},"west":{"uv":[0.25,14.25,0.375,14.625],"tintindex":0,"rotation":0,"texture":"#0"},"up":{"uv":[14.625,7.5,14.125,7.375],"tintindex":0,"rotation":0,"texture":"#0"},"down":{"uv":[14.625,7.625,14.125,7.75],"tintindex":0,"rotation":0,"texture":"#0"}},"rotation":{"origin":[19.64065,11.143519,12.81736],"angle":45.0,"axis":"z"}},{"from":[4.3154497,8.38499,7.30029],"to":[11.36504,15.82708,12.618879],"faces":{"east":{"uv":[9.5,2.875,10.25,4.0],"tintindex":0,"rotation":0,"texture":"#0"},"south":{"uv":[6.875,5.0,7.875,6.125],"tintindex":0,"rotation":0,"texture":"#0"},"north":{"uv":[6.5,1.125,7.5,2.25],"tintindex":0,"rotation":0,"texture":"#0"},"west":{"uv":[6.25,9.5,7.0,10.625],"tintindex":0,"rotation":0,"texture":"#0"},"up":{"uv":[3.0,11.125,2.0,10.375],"tintindex":0,"rotation":0,"texture":"#0"},"down":{"uv":[11.5,0.875,10.5,1.625],"tintindex":0,"rotation":0,"texture":"#0"}},"rotation":{"origin":[5.23496,7.7719803,12.81736],"angle":-22.5,"axis":"x"}},{"from":[10.59345,8.41759,4.8475],"to":[11.81946,10.15961,6.2675295],"faces":{"east":{"uv":[1.5,15.0,1.0,15.5],"tintindex":0,"rotation":0,"texture":"#0"},"south":{"uv":[7.25,11.875,7.75,12.375],"tintindex":0,"rotation":0,"texture":"#0"},"north":{"uv":[0.0,14.75,0.5,15.25],"tintindex":0,"rotation":0,"texture":"#0"},"west":{"uv":[1.5,15.0,1.0,15.5],"tintindex":0,"rotation":0,"texture":"#0"},"up":{"uv":[1.125,15.0,1.625,15.5],"tintindex":0,"rotation":0,