{"textures":{"0":"modelengine:entity/boar_female"},"elements":[{"from":[6.97398,1.9486704,6.68729],"to":[10.03902,8.37424,9.752331],"faces":{"east":{"uv":[12.375,10.375,12.875,11.25],"tintindex":0,"rotation":0,"texture":"#0"},"south":{"uv":[1.625,12.5,2.125,13.375],"tintindex":0,"rotation":0,"texture":"#0"},"north":{"uv":[9.5,12.375,10.0,13.25],"tintindex":0,"rotation":0,"texture":"#0"},"west":{"uv":[4.75,12.5,5.25,13.375],"tintindex":0,"rotation":0,"texture":"#0"},"up":{"uv":[13.75,1.875,13.25,1.375],"tintindex":0,"rotation":0,"texture":"#0"},"down":{"uv":[6.25,13.25,5.75,13.75],"tintindex":0,"rotation":0,"texture":"#0"}}},{"from":[6.3719797,5.4318104,8.832821],"to":[10.05003,9.10985,12.51087],"faces":{"east":{"uv":[13.125,6.125,13.625,6.625],"tintindex":0,"rotation":0,"texture":"#0"},"south":{"uv":[13.125,7.875,13.625,8.375],"tintindex":0,"rotation":0,"texture":"#0"},"north":{"uv":[13.125,5.5,13.625,6.0],"tintindex":0,"rotation":0,"texture":"#0"},"west":{"uv":[13.125,8.5,13.625,9.0],"tintindex":0,"rotation":0,"texture":"#0"},"up":{"uv":[13.625,9.625,13.125,9.125],"tintindex":0,"rotation":0,"texture":"#0"},"down":{"uv":[11.375,13.125,10.875,13.625],"tintindex":0,"rotation":0,"texture":"#0"}},"rotation":{"origin":[10.65203,4.6962004,8.832821],"angle":-45.0,"axis":"x"}}],"display":{"gui":{"rotation":[30,225,0]}}}