{"textures":{"0":"modelengine:entity/boar_female"},"elements":[{"from":[8.46748,4.21878,3.0092397],"to":[11.22602,10.65536,5.46127],"faces":{"east":{"uv":[3.0,12.75,3.375,13.625],"tintindex":0,"rotation":0,"texture":"#0"},"south":{"uv":[3.5,12.75,3.875,13.625],"tintindex":0,"rotation":0,"texture":"#0"},"north":{"uv":[12.75,1.375,13.125,2.25],"tintindex":0,"rotation":0,"texture":"#0"},"west":{"uv":[4.0,12.75,4.375,13.625],"tintindex":0,"rotation":0,"texture":"#0"},"up":{"uv":[14.125,6.5,13.75,6.125],"tintindex":0,"rotation":0,"texture":"#0"},"down":{"uv":[6.75,13.75,6.375,14.125],"tintindex":0,"rotation":0,"texture":"#0"}},"rotation":{"origin":[10.91951,-0.9917898,2.7027402],"angle":22.5,"axis":"x"}},{"from":[7.85447,2.6862602,4.2352595],"to":[11.83902,4.21878,7.3002996],"faces":{"east":{"uv":[8.875,2.875,9.375,3.125],"tintindex":0,"rotation":0,"texture":"#0"},"south":{"uv":[11.75,7.875,12.375,8.125],"tintindex":0,"rotation":0,"texture":"#0"},"north":{"uv":[9.5,4.125,10.125,4.375],"tintindex":0,"rotation":0,"texture":"#0"},"west":{"uv":[13.75,9.375,14.25,9.625],"tintindex":0,"rotation":0,"texture":"#0"},"up":{"uv":[9.625,5.875,9.0,5.375],"tintindex":0,"rotation":0,"texture":"#0"},"down":{"uv":[13.25,3.375,12.625,3.875],"tintindex":0,"rotation":0,"texture":"#0"}}},{"from":[8.16098,2.6862602,6.9937897],"to":[11.532519,4.21878,10.05883],"faces":{"east":{"uv":[14.0,3.5,14.5,3.75],"tintindex":0,"rotation":0,"texture":"#0"},"south":{"uv":[4.375,14.0,4.875,14.25],"tintindex":0,"rotation":0,"texture":"#0"},"north":{"uv":[14.0,3.125,14.5,3.375],"tintindex":0,"rotation":0,"texture":"#0"},"west":{"uv":[14.0,6.625,14.5,6.875],"tintindex":0,"rotation":0,"texture":"#0"},"up":{"uv":[13.875,3.75,13.375,3.25],"tintindex":0,"rotation":0,"texture":"#0"},"down":{"uv":[13.875,6.75,13.375,7.25],"tintindex":0,"rotation":0,"texture":"#0"}},"rotation":{"origin":[8.773979,-2.2178001,4.2352595],"angle":-22.5,"axis":"x"}}],"display":{"gui":{"rotation":[30,225,0]}}}