{"textures":{"0":"modelengine:entity/boar_female"},"elements":[{"from":[7.53868,4.22521,4.50222],"to":[10.60372,6.37074,7.26075],"faces":{"east":{"uv":[8.5,14.0,8.875,14.25],"tintindex":0,"rotation":0,"texture":"#0"},"south":{"uv":[13.875,12.875,14.375,13.125],"tintindex":0,"rotation":0,"texture":"#0"},"north":{"uv":[13.875,12.5,14.375,12.75],"tintindex":0,"rotation":0,"texture":"#0"},"west":{"uv":[14.0,9.75,14.375,10.0],"tintindex":0,"rotation":0,"texture":"#0"},"up":{"uv":[5.0,13.875,4.5,13.5],"tintindex":0,"rotation":0,"texture":"#0"},"down":{"uv":[7.875,13.5,7.375,13.875],"tintindex":0,"rotation":0,"texture":"#0"}},"rotation":{"origin":[-1.3499298,-1.0466595,1.8692398],"angle":22.5,"axis":"x"}},{"from":[7.23218,8.40371,7.79023],"to":[10.91023,10.54924,12.38779],"faces":{"east":{"uv":[13.625,11.75,14.25,12.0],"tintindex":0,"rotation":0,"texture":"#0"},"south":{"uv":[13.875,10.875,14.375,11.125],"tintindex":0,"rotation":0,"texture":"#0"},"north":{"uv":[5.625,13.875,6.125,14.125],"tintindex":0,"rotation":0,"texture":"#0"},"west":{"uv":[13.625,12.125,14.25,12.375],"tintindex":0,"rotation":0,"texture":"#0"},"up":{"uv":[12.0,13.375,11.5,12.75],"tintindex":0,"rotation":0,"texture":"#0"},"down":{"uv":[12.625,12.75,12.125,13.375],"tintindex":0,"rotation":0,"texture":"#0"}},"rotation":{"origin":[-0.7369299,9.66148,6.5731897],"angle":45.0,"axis":"x"}},{"from":[7.84519,5.6036406,3.3842096],"to":[10.29722,10.2012005,5.83625],"faces":{"east":{"uv":[12.75,13.375,13.125,14.0],"tintindex":0,"rotation":0,"texture":"#0"},"south":{"uv":[13.25,13.375,13.625,14.0],"tintindex":0,"rotation":0,"texture":"#0"},"north":{"uv":[9.25,13.375,9.625,14.0],"tintindex":0,"rotation":0,"texture":"#0"},"west":{"uv":[0.0,13.5,0.375,14.125],"tintindex":0,"rotation":0,"texture":"#0"},"up":{"uv":[14.125,9.25,13.75,8.875],"tintindex":0,"rotation":0,"texture":"#0"},"down":{"uv":[11.25,13.75,10.875,14.125],"tintindex":0,"rotation":0,"texture":"#0"}},"rotation":{"origin":[10.29722,0.08539009,2.95463],"angle":45.0,"axis":"x"}}],"display":{"gui":{"rotation":[30,225,0]}}}