{"textures":{"0":"modelengine:entity/boar_female"},"elements":[{"from":[4.01545,4.62846,8.3064995],"to":[10.75854,9.839021,14.436581],"faces":{"east":{"uv":[10.75,10.125,11.625,10.875],"tintindex":0,"rotation":0,"texture":"#0"},"south":{"uv":[10.25,4.125,11.25,4.875],"tintindex":0,"rotation":0,"texture":"#0"},"north":{"uv":[10.25,0.0,11.25,0.75],"tintindex":0,"rotation":0,"texture":"#0"},"west":{"uv":[0.75,10.875,1.625,11.625],"tintindex":0,"rotation":0,"texture":"#0"},"up":{"uv":[9.625,9.5,8.625,8.625],"tintindex":0,"rotation":0,"texture":"#0"},"down":{"uv":[1.0,8.75,0.0,9.625],"tintindex":0,"rotation":0,"texture":"#0"}},"rotation":{"origin":[4.93496,3.0959406,11.98455],"angle":22.5,"axis":"x"}},{"from":[6.77398,6.4674807,12.90406],"to":[8.3064995,8.0,18.421139],"faces":{"east":{"uv":[10.25,5.0,11.0,5.25],"tintindex":0,"rotation":0,"texture":"#0"},"south":{"uv":[10.75,8.25,11.0,8.5],"tintindex":0,"rotation":0,"texture":"#0"},"north":{"uv":[6.25,8.875,6.5,9.125],"tintindex":0,"rotation":0,"texture":"#0"},"west":{"uv":[11.875,6.75,12.625,7.0],"tintindex":0,"rotation":0,"texture":"#0"},"up":{"uv":[1.375,7.125,1.125,6.375],"tintindex":0,"rotation":0,"texture":"#0"},"down":{"uv":[10.0,13.375,9.75,14.125],"tintindex":0,"rotation":0,"texture":"#0"}},"rotation":{"origin":[4.93496,4.62846,16.27561],"angle":45.0,"axis":"x"}},{"from":[2.4829302,1.8699203,-1.8081303],"to":[12.2910595,9.226021,6.16098],"faces":{"east":{"uv":[5.625,5.125,6.75,6.25],"tintindex":0,"rotation":0,"texture":"#0"},"south":{"uv":[3.5,0.0,4.875,1.125],"tintindex":0,"rotation":0,"texture":"#0"},"north":{"uv":[3.375,2.5,4.75,3.625],"tintindex":0,"rotation":0,"texture":"#0"},"west":{"uv":[5.875,3.75,7.0,4.875],"tintindex":0,"rotation":0,"texture":"#0"},"up":{"uv":[4.875,2.375,3.5,1.25],"tintindex":0,"rotation":0,"texture":"#0"},"down":{"uv":[3.0,3.75,1.625,4.875],"tintindex":0,"rotation":0,"texture":"#0"}},"rotation":{"origin":[4.93496,2.4829302,7.38699],"angle":22.5,"axis":"x"}},{"from":[1.8699198,1.5634203,-2.1146297],"to":[12.90406,9.53252,6.4674797],"faces":{"east":{"uv":[4.875,2.5,6.125,3.625],"tintindex":0,"rotation":0,"texture":"#0"},"south":{"uv":[1.75,1.25,3.375,2.375],"tintindex":0,"rotation":0,"texture":"#0"},"north":{"uv":[1.75,0.0,3.375,1.125],"tintindex":0,"rotation":0,"texture":"#0"},"west":{"uv":[1.5,5.0,2.75,6.125],"tintindex":0,"rotation":0,"texture":"#0"},"up":{"uv":[1.625,1.25,0.0,0.0],"tintindex":0,"rotation":0,"texture":"#0"},"down":{"uv":[1.625,1.375,0.0,2.625],"tintindex":0,"rotation":0,"texture":"#0"}},"rotation":{"origin":[4.93496,2.4829302,7.38699],"angle":22.5,"axis":"x"}},{"from":[3.09594,5.8544703,-5.4861803],"to":[11.98455,11.98455,-1.1951199],"faces":{"east":{"uv":[3.25,11.75,3.875,12.625],"tintindex":0,"rotation":0,"texture":"#0"},"south":{"uv":[7.25,6.25,8.5,7.125],"tintindex":0,"rotation":0,"texture":"#0"},"north":{"uv":[7.125,3.75,8.375,4.625],"tintindex":0,"rotation":0,"texture":"#0"},"west":{"uv":[4.0,11.75,4.625,12.625],"tintindex":0,"rotation":0,"texture":"#0"},"up":{"uv":[5.5,10.375,4.25,9.75],"tintindex":0,"rotation":0,"texture":"#0"},"down":{"uv":[11.0,8.625,9.75,9.25],"tintindex":0,"rotation":0,"texture":"#0"}},"rotation":{"origin":[4.93496,5.547971,-0.58210945],"angle":45.0,"axis":"x"}},{"from":[4.32195,6.4674807,1.5634198],"to":[10.45203,13.82358,7.38699],"faces":{"east":{"uv":[5.625,7.625,6.5,8.75],"tintindex":0,"rotation":0,"texture":"#0"},"south":{"uv":[8.0,4.75,8.875,5.875],"tintindex":0,"rotation":0,"texture":"#0"},"north":{"uv":[4.625,7.625,5.5,8.75],"tintindex":0,"rotation":0,"texture":"#0"},"west":{"uv":[6.625,8.25,7.5,9.375],"tintindex":0,"rotation":0,"texture":"#0"},"up":{"uv":[0.875,10.625,0.0,9.75],"tintindex":0,"rotation":0,"texture":"#0"},"down":{"uv":[10.875,6.125,10.0,7.0],"tintindex":0,"rotation":0,"texture":"#0"}}},{"from":[3.70894,5.241461,8.0],"to":[11.065041,10.75854,12.59756],"faces":{"east":{"uv":[12.25,0.0,12.875,0.75],"tintindex":0,"rotation":0,"texture":"#0"},"south":{"uv":[2.125,9.5,3.25,10.25],"tintindex":0,"rotation":0,"texture":"#0"},"north":{"uv":[9.0,4.5,10.125,5.25],"tintindex":0,"rotation":0,"texture":"#0"},"west":{"uv":[12.25,4.125,12.875,4.875],"tintindex":0,"rotation":0,"texture":"#0"},"up":{"uv":[11.5,4.0,10.375,3.375],"tintindex":0,"rotation":0,"texture":"#0"},"down":{"uv":[6.875,10.75,5.75,11.375],"tintindex":0,"rotation":0,"texture":"#0"}},"rotation":{"origin":[4.93496,3.7089405,11.67805],"angle":22.5,"axis":"x"}},{"from":[2.7894297,7.3869905,-5.79268],"to":[12.2910595,12.2910595,-1.1951199],"faces":{"east":{"uv":[12.25,11.875,12.875,12.625],"tintindex":0,"rotation":0,"texture":"#0"},"south":{"uv":[7.5,0.0,8.875,0.75],"tintindex":0,"rotation":0,"texture":"#0"},"north":{"uv":[7.375,2.375,8.75,3.125],"tintindex":0,"rotation":0,"texture":"#0"},"west":{"uv":[5.75,12.375,6.375,13.125],"tintindex":0,"rotation":0,"texture":"#0"},"up":{"uv":[10.25,2.75,8.875,2.125],"tintindex":0,"rotation":0,"texture":"#0"},"down":{"uv":[4.875,8.875,3.5,9.5],"tintindex":0,"rotation":0,"texture":"#0"}},"rotation":{"origin":[4.93496,5.547971,-0.58210945],"angle":45.0,"axis":"x"}},{"from":[4.32195,5.547971,4.01545],"to":[10.45203,13.210571,8.3064995],"faces":{"east":{"uv":[0.0,10.75,0.625,11.875],"tintindex":0,"rotation":0,"texture":"#0"},"south":{"uv":[3.625,7.625,4.5,8.75],"tintindex":0,"rotation":0,"texture":"#0"},"north":{"uv":[7.625,0.875,8.5,2.0],"tintindex":0,"rotation":0,"texture":"#0"},"west":{"uv":[7.0,10.75,7.625,11.875],"tintindex":0,"rotation":0,"texture":"#0"},"up":{"uv":[12.625,7.75,11.75,7.125],"tintindex":0,"rotation":0,"texture":"#0"},"down":{"uv":[8.625,11.75,7.75,12.375],"tintindex":0,"rotation":0,"texture":"#0"}},"rotation":{"origin":[4.93496,5.547971,7.6935],"angle":22.5,"axis":"x"}},{"from":[4.32195,6.4674807,1.5634198],"to":[10.45203,13.82358,7.38699],"faces":{"east":{"uv":[1.125,8.375,2.0,9.5],"tintindex":0,"rotation":0,"texture":"#0"},"south":{"uv":[8.5,3.25,9.375,4.375],"tintindex":0,"rotation":0,"texture":"#0"},"north":{"uv":[7.625,8.25,8.5,9.375],"tintindex":0,"rotation":0,"texture":"#0"},"west":{"uv":[8.625,0.875,9.5,2.0],"tintindex":0,"rotation":0,"texture":"#0"},"up":{"uv":[10.875,8.0,10.0,7.125],"tintindex":0,"rotation":0,"texture":"#0"},"down":{"uv":[10.625,10.125,9.75,11.0],"tintindex":0,"rotation":0,"texture":"#0"}}},{"from":[4.01545,6.4674807,0.53142023],"to":[10.75854,13.95808,7.21499],"faces":{"east":{"uv":[3.875,6.375,4.875,7.5],"tintindex":0,"rotation":0,"texture":"#0"},"south":{"uv":[5.0,6.375,6.0,7.5],"tintindex":0,"rotation":0,"texture":"#0"},"north":{"uv":[0.0,6.375,1.0,7.5],"tintindex":0,"rotation":0,"texture":"#0"},"west":{"uv":[6.125,6.375,7.125,7.5],"tintindex":0,"rotation":0,"texture":"#0"},"up":{"uv":[3.5,8.5,2.5,7.5],"tintindex":0,"rotation":0,"texture":"#0"},"down":{"uv":[1.0,7.625,0.0,8.625],"tintindex":0,"rotation":0,"texture":"#0"}}},{"from":[2.7894297,2.1764202,-1.5016203],"to":[11.98455,8.919511,5.8544703],"faces":{"east":{"uv":[6.25,0.0,7.375,1.0],"tintindex":0,"rotation":0,"texture":"#0"},"south":{"uv":[0.0,5.25,1.375,6.25],"tintindex":0,"rotation":0,"texture":"#0"},"north":{"uv":[5.0,1.375,6.375,2.375],"tintindex":0,"rotation":0,"texture":"#0"},"west":{"uv":[1.5,6.25,2.625,7.25],"tintindex":0,"rotation":0,"texture":"#0"},"up":{"uv":[4.5,4.875,3.125,3.75],"tintindex":0,"rotation":0,"texture":"#0"},"down":{"uv":[1.375,4.0,0.0,5.125],"tintindex":0,"rotation":0,"texture":"#0"}},"rotation":{"origin":[4.93496,2.4829302,7.38699],"angle":22.5,"axis":"x"}},{"from":[3.0209398,5.8544703,4.01545],"to":[11.66704,13.210571,9.53252],"faces":{"east":{"uv":[7.125,9.5,7.875,10.625],"tintindex":0,"rotation":0,"texture":"#0"},"south":{"uv":[4.25,5.125,5.5,6.25],"tintindex":0,"rotation":0,"texture":"#0"},"north":{"uv":[2.875,5.0,4.125,6.125],"tintindex":0,"rotation":0,"texture":"#0"},"west":{"uv":[9.625,0.875,10.375,2.0],"tintindex":0,"rotation":0,"texture":"#0"},"up":{"uv":[9.875,7.625,8.625,6.875],"tintindex":0,"rotation":0,"texture":"#0"},"down":{"uv":[9.875,7.75,8.625,8.5],"tintindex":0,