{"textures":{"2":"modelengine:entity/fallen_knight"},"elements":[{"from":[7.8125,2.4529347,-7.0506496],"to":[8.1875,3.3529348,-4.0506496],"faces":{"east":{"uv":[11.75,8.625,12.125,8.75],"tintindex":0,"rotation":0,"texture":"#2"},"south":{"uv":[8.625,13.0,8.75,13.125],"tintindex":0,"rotation":0,"texture":"#2"},"north":{"uv":[13.0,8.375,13.125,8.5],"tintindex":0,"rotation":0,"texture":"#2"},"west":{"uv":[10.75,11.75,11.125,11.875],"tintindex":0,"rotation":0,"texture":"#2"},"up":{"uv":[11.375,12.125,11.25,11.75],"tintindex":0,"rotation":0,"texture":"#2"},"down":{"uv":[11.625,11.75,11.5,12.125],"tintindex":0,"rotation":0,"texture":"#2"}},"rotation":{"origin":[8.0,7.996296,5.412519],"angle":22.5,"axis":"x"}},{"from":[7.5,6.876567,9.419628],"to":[8.5,10.876566,10.419628],"faces":{"east":{"uv":[3.125,11.375,3.25,11.875],"tintindex":0,"rotation":0,"texture":"#2"},"south":{"uv":[3.375,11.375,3.5,11.875],"tintindex":0,"rotation":0,"texture":"#2"},"north":{"uv":[2.5,11.375,2.625,11.875],"tintindex":0,"rotation":0,"texture":"#2"},"west":{"uv":[5.5,11.375,5.625,11.875],"tintindex":0,"rotation":0,"texture":"#2"},"up":{"uv":[4.625,13.125,4.5,13.0],"tintindex":0,"rotation":0,"texture":"#2"},"down":{"uv":[13.125,5.0,13.0,5.125],"tintindex":0,"rotation":0,"texture":"#2"}},"rotation":{"origin":[8.0,7.996296,5.412519],"angle":-22.5,"axis":"x"}},{"from":[7.65,12.937189,16.006676],"to":[8.35,13.63719,17.706676],"faces":{"east":{"uv":[8.625,12.25,8.875,12.375],"tintindex":0,"rotation":0,"texture":"#2"},"south":{"uv":[3.25,13.0,3.375,13.125],"tintindex":0,"rotation":0,"texture":"#2"},"north":{"uv":[13.0,3.0,13.125,3.125],"tintindex":0,"rotation":0,"texture":"#2"},"west":{"uv":[12.25,8.625,12.5,8.75],"tintindex":0,"rotation":0,"texture":"#2"},"up":{"uv":[9.125,12.5,9.0,12.25],"tintindex":0,"rotation":0,"texture":"#2"},"down":{"uv":[9.75,12.25,9.625,12.5],"tintindex":0,"rotation":0,"texture":"#2"}},"rotation":{"origin":[8.0,7.996296,5.412519],"angle":22.5,"axis":"x"}},{"from":[7.5,7.496296,12.548338],"to":[8.5,8.496296,16.548338],"faces":{"east":{"uv":[0.0,11.125,0.5,11.25],"tintindex":0,"rotation":0,"texture":"#2"},"south":{"uv":[5.875,12.875,6.0,13.0],"tintindex":0,"rotation":0,"texture":"#2"},"north":{"uv":[5.625,12.875,5.75,13.0],"tintindex":0,"rotation":0,"texture":"#2"},"west":{"uv":[11.125,3.75,11.625,3.875],"tintindex":0,"rotation":0,"texture":"#2"},"up":{"uv":[4.25,11.625,4.125,11.125],"tintindex":0,"rotation":0,"texture":"#2"},"down":{"uv":[4.5,11.125,4.375,11.625],"tintindex":0,"rotation":0,"texture":"#2"}}},{"from":[7.5,5.116025,9.419628],"to":[8.5,9.116025,10.419628],"faces":{"east":{"uv":[8.375,11.375,8.5,11.875],"tintindex":0,"rotation":0,"texture":"#2"},"south":{"uv":[11.375,9.25,11.5,9.75],"tintindex":0,"rotation":0,"texture":"#2"},"north":{"uv":[5.75,11.375,5.875,11.875],"tintindex":0,"rotation":0,"texture":"#2"},"west":{"uv":[9.375,11.375,9.5,11.875],"tintindex":0,"rotation":0,"texture":"#2"},"up":{"uv":[5.375,13.125,5.25,13.0],"tintindex":0,"rotation":0,"texture":"#2"},"down":{"uv":[13.125,5.25,13.0,5.375],"tintindex":0,"rotation":0,"texture":"#2"}},"rotation":{"origin":[8.0,7.996296,5.412519],"angle":22.5,"axis":"x"}},{"from":[7.6529994,7.3375716,5.3701363],"to":[8.347,8.038678,6.0712433],"faces":{"east":{"uv":[12.875,8.625,13.0,8.75],"tintindex":0,"rotation":0,"texture":"#2"},"south":{"uv":[12.875,8.875,13.0,9.0],"tintindex":0,"rotation":0,"texture":"#2"},"north":{"uv":[12.875,7.375,13.0,7.5],"tintindex":0,"rotation":0,"texture":"#2"},"west":{"uv":[9.0,12.875,9.125,13.0],"tintindex":0,"rotation":0,"texture":"#2"},"up":{"uv":[9.375,13.0,9.25,12.875],"tintindex":0,"rotation":0,"texture":"#2"},"down":{"uv":[13.0,9.375,12.875,9.5],"tintindex":0,"rotation":0,"texture":"#2"}},"rotation":{"origin":[8.0,7.996296,5.412519],"angle":-45.0,"axis":"x"}},{"from":[7.504,3.4899113,5.6226087],"to":[8.496,5.481911,7.6146083],"faces":{"east":{"uv":[8.625,11.125,8.875,11.375],"tintindex":0,"rotation":0,"texture":"#2"},"south":{"uv":[1.25,12.25,1.375,12.5],"tintindex":0,"rotation":0,"texture":"#2"},"north":{"uv":[1.0,12.25,1.125,12.5],"tintindex":0,"rotation":0,"texture":"#2"},"west":{"uv":[9.0,11.125,9.25,11.375],"tintindex":0,"rotation":0,"texture":"#2"},"up":{"uv":[2.0,12.5,1.875,12.25],"tintindex":0,"rotation":0,"texture":"#2"},"down":{"uv":[2.25,12.25,2.125,12.5],"tintindex":0,"rotation":0,"texture":"#2"}},"rotation":{"origin":[8.0,7.996296,5.412519],"angle":-45.0,"axis":"x"}},{"from":[7.8125,6.496296,-5.451662],"to":[8.1875,9.496296,8.548338],"faces":{"east":{"uv":[3.125,3.75,4.875,4.125],"tintindex":0,"rotation":0,"texture":"#2"},"south":{"uv":[8.625,11.75,8.75,12.125],"tintindex":0,"rotation":0,"texture":"#2"},"north":{"uv":[7.5,11.75,7.625,12.125],"tintindex":0,"rotation":0,"texture":"#2"},"west":{"uv":[4.25,2.625,6.0,3.0],"tintindex":0,"rotation":0,"texture":"#2"},"up":{"uv":[7.625,10.125,7.5,8.375],"tintindex":0,"rotation":0,"texture":"#2"},"down":{"uv":[7.875,8.375,7.75,10.125],"tintindex":0,"rotation":0,"texture":"#2"}}},{"from":[7.6529994,5.8526473,5.0872936],"to":[8.347,6.5537543,5.7884007],"faces":{"east":{"uv":[10.5,12.875,10.625,13.0],"tintindex":0,"rotation":0,"texture":"#2"},"south":{"uv":[10.75,12.875,10.875,13.0],"tintindex":0,"rotation":0,"texture":"#2"},"north":{"uv":[10.25,12.875,10.375,13.0],"tintindex":0,"rotation":0,"texture":"#2"},"west":{"uv":[11.0,12.875,11.125,13.0],"tintindex":0,"rotation":0,"texture":"#2"},"up":{"uv":[11.375,13.0,11.25,12.875],"tintindex":0,"rotation":0,"texture":"#2"},"down":{"uv":[13.0,12.0,12.875,12.125],"tintindex":0,"rotation":0,"texture":"#2"}},"rotation":{"origin":[8.0,7.996296,5.412519],"angle":-45.0,"axis":"x"}},{"from":[7.5,6.876567,10.419628],"to":[8.5,8.876567,11.419628],"faces":{"east":{"uv":[3.25,12.375,3.375,12.625],"tintindex":0,"rotation":0,"texture":"#2"},"south":{"uv":[12.375,3.25,12.5,3.5],"tintindex":0,"rotation":0,"texture":"#2"},"north":{"uv":[11.5,12.25,11.625,12.5],"tintindex":0,"rotation":0,"texture":"#2"},"west":{"uv":[4.125,12.375,4.25,12.625],"tintindex":0,"rotation":0,"texture":"#2"},"up":{"uv":[13.125,5.625,13.0,5.5],"tintindex":0,"rotation":0,"texture":"#2"},"down":{"uv":[6.5,13.0,6.375,13.125],"tintindex":0,"rotation":0,"texture":"#2"}},"rotation":{"origin":[8.0,7.996296,5.412519],"angle":-22.5,"axis":"x"}},{"from":[7.44,7.436296,15.9883375],"to":[8.56,8.556296,16.858337],"faces":{"east":{"uv":[13.0,1.25,13.125,1.375],"tintindex":0,"rotation":0,"texture":"#2"},"south":{"uv":[13.0,1.5,13.125,1.625],"tintindex":0,"rotation":0,"texture":"#2"},"north":{"uv":[13.0,1.0,13.125,1.125],"tintindex":0,"rotation":0,"texture":"#2"},"west":{"uv":[13.0,1.75,13.125,1.875],"tintindex":0,"rotation":0,"texture":"#2"},"up":{"uv":[13.125,2.125,13.0,2.0],"tintindex":0,"rotation":0,"texture":"#2"},"down":{"uv":[13.125,2.25,13.0,2.375],"tintindex":0,"rotation":0,"texture":"#2"}}},{"from":[7.8155,17.39241,-4.475327],"to":[8.1845,17.884142,-3.9835947],"faces":{"east":{"uv":[7.625,13.0,7.75,13.125],"tintindex":0,"rotation":270,"texture":"#2"},"south":{"uv":[13.125,8.0,13.0,7.875],"tintindex":0,"rotation":0,"texture":"#2"},"north":{"uv":[8.25,13.0,8.125,13.125],"tintindex":0,"rotation":180,"texture":"#2"},"west":{"uv":[7.875,13.0,8.0,13.125],"tintindex":0,"rotation":90,"texture":"#2"},"up":{"uv":[7.125,13.0,7.25,13.125],"tintindex":0,"rotation":180,"texture":"#2"},"down":{"uv":[13.0,7.625,13.125,7.75],"tintindex":0,"rotation":0,"texture":"#2"}},"rotation":{"origin":[8.0,7.996296,5.412519],"angle":-45.0,"axis":"x"}},{"from":[7.15,4.5753837,7.133432],"to":[8.85,6.2753835,8.833432],"faces":{"east":{"uv":[11.375,7.0,11.625,7.25],"tintindex":0,"rotation":0,"texture":"#2"},"south":{"uv":[11.375,8.625,11.625,8.875],"tintindex":0,"rotation":0,"texture":"#2"},"north":{"uv":[11.375,4.75,11.625,5.0],"tintindex":0,"rotation":0,"texture":"#2"},"west":{"uv":[9.625,11.375,9.875,11.625],"tintindex":0,"rotation":0,"texture":"#2"},"up":{"uv":[0.75,11.75,0.5,11.5],"tintindex":0,"rotation":0,"texture":"#2"},