{"textures":{"2":"modelengine:entity/fallen_knight"},"elements":[{"from":[5.840261,5.7101307,6.4071302],"to":[6.840261,6.7101307,7.4071302],"faces":{"east":{"uv":[1.75,12.875,1.875,13.0],"tintindex":0,"rotation":0,"texture":"#2"},"south":{"uv":[2.0,12.875,2.125,13.0],"tintindex":0,"rotation":0,"texture":"#2"},"north":{"uv":[1.5,12.875,1.625,13.0],"tintindex":0,"rotation":0,"texture":"#2"},"west":{"uv":[2.25,12.875,2.375,13.0],"tintindex":0,"rotation":0,"texture":"#2"},"up":{"uv":[2.625,13.0,2.5,12.875],"tintindex":0,"rotation":0,"texture":"#2"},"down":{"uv":[2.875,12.875,2.75,13.0],"tintindex":0,"rotation":0,"texture":"#2"}},"rotation":{"origin":[6.340261,6.7101307,5.9071302],"angle":-45.0,"axis":"z"}},{"from":[6.340261,4.4101305,6.4071302],"to":[10.340261,8.4101305,10.40713],"faces":{"east":{"uv":[0.625,6.75,1.125,7.25],"tintindex":0,"rotation":0,"texture":"#2"},"south":{"uv":[7.125,5.5,6.625,6.0],"tintindex":0,"rotation":0,"texture":"#2"},"north":{"uv":[6.625,5.5,7.125,6.0],"tintindex":0,"rotation":0,"texture":"#2"},"west":{"uv":[6.625,5.375,7.125,4.875],"tintindex":0,"rotation":270,"texture":"#2"},"up":{"uv":[4.25,7.25,3.75,6.75],"tintindex":0,"rotation":0,"texture":"#2"},"down":{"uv":[4.875,6.75,4.375,7.25],"tintindex":0,"rotation":0,"texture":"#2"}}},{"from":[5.840261,5.7101307,5.4071302],"to":[6.840261,7.7101307,6.4071302],"faces":{"east":{"uv":[12.125,6.25,12.25,6.5],"tintindex":0,"rotation":0,"texture":"#2"},"south":{"uv":[6.5,12.125,6.625,12.375],"tintindex":0,"rotation":0,"texture":"#2"},"north":{"uv":[12.125,5.875,12.25,6.125],"tintindex":0,"rotation":0,"texture":"#2"},"west":{"uv":[12.125,6.625,12.25,6.875],"tintindex":0,"rotation":0,"texture":"#2"},"up":{"uv":[1.125,13.0,1.0,12.875],"tintindex":0,"rotation":0,"texture":"#2"},"down":{"uv":[1.375,12.875,1.25,13.0],"tintindex":0,"rotation":0,"texture":"#2"}},"rotation":{"origin":[6.340261,6.7101307,5.9071302],"angle":-45.0,"axis":"z"}}],"display":{"gui":{"rotation":[30,225,0]}}}