{"textures":{"0":"modelengine:entity/mso_lord_of_water"},"elements":[{"from":[-2.1105366,8.309255,2.8571424],"to":[-2.1105366,12.309256,13.142858],"rotation":{"angle":-22.5,"axis":"z","origin":[-2.8571434,8.0,8.0]},"faces":{"east":{"uv":[8.375,3.0,10.625,3.625],"rotation":0,"texture":"#0","tintindex":0},"south":{"uv":[4.5,5.25,4.5,5.875],"rotation":0,"texture":"#0","tintindex":0},"north":{"uv":[2.25,5.25,2.25,5.875],"rotation":0,"texture":"#0","tintindex":0},"west":{"uv":[10.625,3.0,8.375,3.625],"rotation":0,"texture":"#0","tintindex":0},"up":{"uv":[2.25,5.25,2.25,3.0],"rotation":0,"texture":"#0","tintindex":0},"down":{"uv":[2.25,3.0,2.25,5.25],"rotation":0,"texture":"#0","tintindex":0}}},{"from":[2.8571424,8.309255,18.110537],"to":[13.142858,12.309256,18.110537],"rotation":{"angle":-22.5,"axis":"x","origin":[8.0,8.0,18.857143]},"faces":{"east":{"uv":[10.625,3.625,10.625,4.25],"rotation":0,"texture":"#0","tintindex":0},"south":{"uv":[10.625,3.0,8.375,3.625],"rotation":0,"texture":"#0","tintindex":0},"north":{"uv":[8.375,3.0,10.625,3.625],"rotation":0,"texture":"#0","tintindex":0},"west":{"uv":[8.375,3.625,8.375,4.25],"rotation":0,"texture":"#0","tintindex":0},"up":{"uv":[8.375,3.625,10.625,3.625],"rotation":0,"texture":"#0","tintindex":0},"down":{"uv":[10.625,3.625,12.875,3.625],"rotation":0,"texture":"#0","tintindex":0}}},{"from":[2.8571424,8.309255,-2.1105366],"to":[13.142858,12.309256,-2.1105366],"rotation":{"angle":22.5,"axis":"x","origin":[8.0,8.0,-2.8571434]},"faces":{"east":{"uv":[10.625,3.625,10.625,4.25],"rotation":0,"texture":"#0","tintindex":0},"south":{"uv":[8.375,3.0,10.625,3.625],"rotation":0,"texture":"#0","tintindex":0},"north":{"uv":[10.625,3.0,8.375,3.625],"rotation":0,"texture":"#0","tintindex":0},"west":{"uv":[8.375,3.625,8.375,4.25],"rotation":0,"texture":"#0","tintindex":0},"up":{"uv":[8.375,3.625,10.625,3.625],"rotation":0,"texture":"#0","tintindex":0},"down":{"uv":[10.625,3.625,12.875,3.625],"rotation":0,"texture":"#0","tintindex":0}}},{"from":[18.110537,8.309255,2.8571424],"to":[18.110537,12.309256,13.142858],"rotation":{"angle":22.5,"axis":"z","origin":[18.857143,8.0,8.0]},"faces":{"east":{"uv":[10.625,3.0,8.375,3.625],"rotation":0,"texture":"#0","tintindex":0},"south":{"uv":[4.5,5.25,4.5,5.875],"rotation":0,"texture":"#0","tintindex":0},"north":{"uv":[2.25,5.25,2.25,5.875],"rotation":0,"texture":"#0","tintindex":0},"west":{"uv":[8.375,3.0,10.625,3.625],"rotation":0,"texture":"#0","tintindex":0},"up":{"uv":[2.25,5.25,2.25,3.0],"rotation":0,"texture":"#0","tintindex":0},"down":{"uv":[2.25,3.0,2.25,5.25],"rotation":0,"texture":"#0","tintindex":0}}}],"display":{"head":{"translation":[0.0,-6.4,0.0],"scale":[4.0,4.0,4.0]}}}