{"textures":{"0":"modelengine:entity/mso_lord_of_water"},"elements":[{"from":[1.7142854,8.0,5.142857],"to":[1.7142854,13.714286,10.857143],"rotation":{"angle":-22.5,"axis":"z","origin":[1.7142854,8.0,8.0]},"faces":{"east":{"uv":[9.125,12.625,7.875,13.75],"rotation":0,"texture":"#0","tintindex":0},"south":{"uv":[2.5,9.625,2.5,10.75],"rotation":0,"texture":"#0","tintindex":0},"north":{"uv":[1.25,9.625,1.25,10.75],"rotation":0,"texture":"#0","tintindex":0},"west":{"uv":[7.875,12.625,9.125,13.75],"rotation":0,"texture":"#0","tintindex":0},"up":{"uv":[1.25,9.625,1.25,8.375],"rotation":0,"texture":"#0","tintindex":0},"down":{"uv":[1.25,8.375,1.25,9.625],"rotation":0,"texture":"#0","tintindex":0}}},{"from":[14.285715,8.0,5.142857],"to":[14.285715,13.714286,10.857143],"rotation":{"angle":22.5,"axis":"z","origin":[14.285715,8.0,8.0]},"faces":{"east":{"uv":[7.875,12.625,9.125,13.75],"rotation":0,"texture":"#0","tintindex":0},"south":{"uv":[2.5,9.625,2.5,10.75],"rotation":0,"texture":"#0","tintindex":0},"north":{"uv":[1.25,9.625,1.25,10.75],"rotation":0,"texture":"#0","tintindex":0},"west":{"uv":[9.125,12.625,7.875,13.75],"rotation":0,"texture":"#0","tintindex":0},"up":{"uv":[1.25,9.625,1.25,8.375],"rotation":0,"texture":"#0","tintindex":0},"down":{"uv":[1.25,8.375,1.25,9.625],"rotation":0,"texture":"#0","tintindex":0}}},{"from":[5.142857,8.0,1.7142854],"to":[10.857143,13.714286,1.7142854],"rotation":{"angle":22.5,"axis":"x","origin":[8.0,8.0,1.7142854]},"faces":{"east":{"uv":[7.875,12.625,7.875,13.75],"rotation":0,"texture":"#0","tintindex":0},"south":{"uv":[9.125,12.625,7.875,13.75],"rotation":0,"texture":"#0","tintindex":0},"north":{"uv":[7.875,12.625,9.125,13.75],"rotation":0,"texture":"#0","tintindex":0},"west":{"uv":[9.125,12.625,9.125,13.75],"rotation":0,"texture":"#0","tintindex":0},"up":{"uv":[9.125,12.625,7.875,12.625],"rotation":0,"texture":"#0","tintindex":0},"down":{"uv":[10.375,12.625,9.125,12.625],"rotation":0,"texture":"#0","tintindex":0}}},{"from":[5.142857,8.0,14.285715],"to":[10.857143,13.714286,14.285715],"rotation":{"angle":-22.5,"axis":"x","origin":[8.0,8.0,14.285715]},"faces":{"east":{"uv":[7.875,12.625,7.875,13.75],"rotation":0,"texture":"#0","tintindex":0},"south":{"uv":[7.875,12.625,9.125,13.75],"rotation":0,"texture":"#0","tintindex":0},"north":{"uv":[9.125,12.625,7.875,13.75],"rotation":0,"texture":"#0","tintindex":0},"west":{"uv":[9.125,12.625,9.125,13.75],"rotation":0,"texture":"#0","tintindex":0},"up":{"uv":[9.125,12.625,7.875,12.625],"rotation":0,"texture":"#0","tintindex":0},"down":{"uv":[10.375,12.625,9.125,12.625],"rotation":0,"texture":"#0","tintindex":0}}}],"display":{"head":{"translation":[0.0,-6.4,0.0],"scale":[4.0,4.0,4.0]}}}