{"textures":{"0":"modelengine:entity/mso_lord_of_water"},"elements":[{"from":[18.693436,8.541196,3.0],"to":[18.693436,18.541195,13.0],"faces":{"east":{"uv":[7.875,12.625,9.125,13.75],"tintindex":0,"rotation":0,"texture":"#0"},"west":{"uv":[9.125,12.625,7.875,13.75],"tintindex":0,"rotation":0,"texture":"#0"}},"rotation":{"origin":[20.0,8.0,8.0],"angle":22.5,"axis":"z"}},{"from":[3.0,8.541196,18.693436],"to":[13.0,18.541195,18.693436],"faces":{"south":{"uv":[7.875,12.625,9.125,13.75],"tintindex":0,"rotation":0,"texture":"#0"},"north":{"uv":[9.125,12.625,7.875,13.75],"tintindex":0,"rotation":0,"texture":"#0"}},"rotation":{"origin":[8.0,8.0,20.0],"angle":-22.5,"axis":"x"}},{"from":[3.0,8.541196,-2.6934366],"to":[13.0,18.541195,-2.6934366],"faces":{"south":{"uv":[9.125,12.625,7.875,13.75],"tintindex":0,"rotation":0,"texture":"#0"},"north":{"uv":[7.875,12.625,9.125,13.75],"tintindex":0,"rotation":0,"texture":"#0"}},"rotation":{"origin":[8.0,8.0,-4.0],"angle":22.5,"axis":"x"}},{"from":[-2.6934366,8.541196,3.0],"to":[-2.6934366,18.541195,13.0],"faces":{"east":{"uv":[9.125,12.625,7.875,13.75],"tintindex":0,"rotation":0,"texture":"#0"},"west":{"uv":[7.875,12.625,9.125,13.75],"tintindex":0,"rotation":0,"texture":"#0"}},"rotation":{"origin":[-4.0,8.0,8.0],"angle":-22.5,"axis":"z"}}],"display":{"gui":{"rotation":[30,225,0]}}}