{"textures":{"0":"modelengine:entity/mso_lord_of_water"},"elements":[{"from":[1.8894644,8.309255,5.142857],"to":[1.8894644,14.0235405,10.857143],"rotation":{"angle":-22.5,"axis":"z","origin":[1.1428566,8.0,8.0]},"faces":{"east":{"uv":[9.125,12.625,7.875,13.75],"rotation":0,"texture":"#0","tintindex":0},"south":{"uv":[5.0,9.625,5.0,10.75],"rotation":0,"texture":"#0","tintindex":0},"north":{"uv":[3.75,9.625,3.75,10.75],"rotation":0,"texture":"#0","tintindex":0},"west":{"uv":[7.875,12.625,9.125,13.75],"rotation":0,"texture":"#0","tintindex":0},"up":{"uv":[3.75,9.625,3.75,8.375],"rotation":0,"texture":"#0","tintindex":0},"down":{"uv":[3.75,8.375,3.75,9.625],"rotation":0,"texture":"#0","tintindex":0}}},{"from":[5.142857,8.309255,14.110536],"to":[10.857143,14.0235405,14.110536],"rotation":{"angle":-22.5,"axis":"x","origin":[8.0,8.0,14.857143]},"faces":{"east":{"uv":[11.625,12.625,11.625,13.75],"rotation":0,"texture":"#0","tintindex":0},"south":{"uv":[7.875,12.625,9.125,13.75],"rotation":0,"texture":"#0","tintindex":0},"north":{"uv":[9.125,12.625,7.875,13.75],"rotation":0,"texture":"#0","tintindex":0},"west":{"uv":[10.375,12.625,10.375,13.75],"rotation":0,"texture":"#0","tintindex":0},"up":{"uv":[10.375,12.625,11.625,12.625],"rotation":0,"texture":"#0","tintindex":0},"down":{"uv":[11.625,12.625,12.875,12.625],"rotation":0,"texture":"#0","tintindex":0}}},{"from":[5.142857,8.309255,1.8894644],"to":[10.857143,14.0235405,1.8894644],"rotation":{"angle":22.5,"axis":"x","origin":[8.0,8.0,1.1428566]},"faces":{"east":{"uv":[11.625,12.625,11.625,13.75],"rotation":0,"texture":"#0","tintindex":0},"south":{"uv":[9.125,12.625,7.875,13.75],"rotation":0,"texture":"#0","tintindex":0},"north":{"uv":[7.875,12.625,9.125,13.75],"rotation":0,"texture":"#0","tintindex":0},"west":{"uv":[10.375,12.625,10.375,13.75],"rotation":0,"texture":"#0","tintindex":0},"up":{"uv":[10.375,12.625,11.625,12.625],"rotation":0,"texture":"#0","tintindex":0},"down":{"uv":[11.625,12.625,12.875,12.625],"rotation":0,"texture":"#0","tintindex":0}}},{"from":[14.110536,8.309255,5.142857],"to":[14.110536,14.0235405,10.857143],"rotation":{"angle":22.5,"axis":"z","origin":[14.857143,8.0,8.0]},"faces":{"east":{"uv":[7.875,12.625,9.125,13.75],"rotation":0,"texture":"#0","tintindex":0},"south":{"uv":[5.0,9.625,5.0,10.75],"rotation":0,"texture":"#0","tintindex":0},"north":{"uv":[3.75,9.625,3.75,10.75],"rotation":0,"texture":"#0","tintindex":0},"west":{"uv":[9.125,12.625,7.875,13.75],"rotation":0,"texture":"#0","tintindex":0},"up":{"uv":[3.75,9.625,3.75,8.375],"rotation":0,"texture":"#0","tintindex":0},"down":{"uv":[3.75,8.375,3.75,9.625],"rotation":0,"texture":"#0","tintindex":0}}}],"display":{"head":{"translation":[0.0,-6.4,0.0],"scale":[4.0,4.0,4.0]}}}