{"textures":{"0":"modelengine:entity/mso_lord_of_water"},"elements":[{"from":[10.857143,6.857143,5.142857],"to":[12.571428,8.571428,6.285714],"rotation":{"angle":0.0,"axis":"y","origin":[11.714286,7.714286,5.714286]},"faces":{"east":{"uv":[4.625,14.75,4.375,15.125],"rotation":0,"texture":"#0","tintindex":0},"south":{"uv":[5.0,14.75,4.625,15.125],"rotation":0,"texture":"#0","tintindex":0},"north":{"uv":[4.375,14.75,4.0,15.125],"rotation":0,"texture":"#0","tintindex":0},"west":{"uv":[4.0,14.75,3.75,15.125],"rotation":0,"texture":"#0","tintindex":0},"up":{"uv":[4.0,14.75,4.375,14.5],"rotation":0,"texture":"#0","tintindex":0},"down":{"uv":[4.375,14.5,4.75,14.75],"rotation":0,"texture":"#0","tintindex":0}}},{"from":[12.142858,6.5714283,5.0],"to":[13.857143,8.857143,6.428571],"rotation":{"angle":22.5,"axis":"z","origin":[12.714286,8.0,5.714286]},"faces":{"east":{"uv":[15.125,11.0,14.875,11.5],"rotation":0,"texture":"#0","tintindex":0},"south":{"uv":[15.5,11.0,15.125,11.5],"rotation":0,"texture":"#0","tintindex":0},"north":{"uv":[14.875,11.0,14.5,11.5],"rotation":0,"texture":"#0","tintindex":0},"west":{"uv":[14.5,11.0,14.25,11.5],"rotation":0,"texture":"#0","tintindex":0},"up":{"uv":[14.5,11.0,14.875,10.75],"rotation":0,"texture":"#0","tintindex":0},"down":{"uv":[14.875,10.75,15.25,11.0],"rotation":0,"texture":"#0","tintindex":0}}},{"from":[12.571428,5.714286,5.142857],"to":[14.0,6.857143,6.285714],"rotation":{"angle":0.0,"axis":"y","origin":[13.142858,6.285714,5.714286]},"faces":{"east":{"uv":[3.75,12.375,3.5,12.625],"rotation":0,"texture":"#0","tintindex":0},"south":{"uv":[4.0,12.375,3.75,12.625],"rotation":0,"texture":"#0","tintindex":0},"north":{"uv":[3.5,12.375,3.25,12.625],"rotation":0,"texture":"#0","tintindex":0},"west":{"uv":[3.25,12.375,3.0,12.625],"rotation":0,"texture":"#0","tintindex":0},"up":{"uv":[3.25,12.375,3.5,12.125],"rotation":0,"texture":"#0","tintindex":0},"down":{"uv":[3.5,12.125,3.75,12.375],"rotation":0,"texture":"#0","tintindex":0}}},{"from":[12.0,5.142857,5.285714],"to":[13.142858,6.285714,6.142857],"rotation":{"angle":-22.5,"axis":"z","origin":[12.0,4.8571424,7.714286]},"faces":{"east":{"uv":[0.5,13.0,0.375,13.25],"rotation":0,"texture":"#0","tintindex":0},"south":{"uv":[0.75,13.0,0.5,13.25],"rotation":0,"texture":"#0","tintindex":0},"north":{"uv":[0.375,13.0,0.125,13.25],"rotation":0,"texture":"#0","tintindex":0},"west":{"uv":[0.125,13.0,0.0,13.25],"rotation":0,"texture":"#0","tintindex":0},"up":{"uv":[0.125,13.0,0.375,12.875],"rotation":0,"texture":"#0","tintindex":0},"down":{"uv":[0.375,12.875,0.625,13.0],"rotation":0,"texture":"#0","tintindex":0}}},{"from":[12.0,5.142857,7.0],"to":[13.142858,6.285714,7.857143],"rotation":{"angle":-22.5,"axis":"z","origin":[12.0,4.8571424,9.428572]},"faces":{"east":{"uv":[0.5,13.0,0.375,13.25],"rotation":0,"texture":"#0","tintindex":0},"south":{"uv":[0.75,13.0,0.5,13.25],"rotation":0,"texture":"#0","tintindex":0},"north":{"uv":[0.375,13.0,0.125,13.25],"rotation":0,"texture":"#0","tintindex":0},"west":{"uv":[0.125,13.0,0.0,13.25],"rotation":0,"texture":"#0","tintindex":0},"up":{"uv":[0.125,13.0,0.375,12.875],"rotation":0,"texture":"#0","tintindex":0},"down":{"uv":[0.375,12.875,0.625,13.0],"rotation":0,"texture":"#0","tintindex":0}}},{"from":[12.571428,5.714286,6.857143],"to":[14.0,6.857143,8.0],"rotation":{"angle":0.0,"axis":"y","origin":[13.142858,6.285714,7.428571]},"faces":{"east":{"uv":[3.75,12.375,3.5,12.625],"rotation":0,"texture":"#0","tintindex":0},"south":{"uv":[4.0,12.375,3.75,12.625],"rotation":0,"texture":"#0","tintindex":0},"north":{"uv":[3.5,12.375,3.25,12.625],"rotation":0,"texture":"#0","tintindex":0},"west":{"uv":[3.25,12.375,3.0,12.625],"rotation":0,"texture":"#0","tintindex":0},"up":{"uv":[3.25,12.375,3.5,12.125],"rotation":0,"texture":"#0","tintindex":0},"down":{"uv":[3.5,12.125,3.75,12.375],"rotation":0,"texture":"#0","tintindex":0}}},{"from":[10.857143,6.857143,6.857143],"to":[12.571428,8.571428,8.0],"rotation":{"angle":0.0,"axis":"y","origin":[11.714286,7.714286,7.428571]},"faces":{"east":{"uv":[4.625,14.75,4.375,15.125],"rotation":0,"texture":"#0","tintindex":0},"south":{"uv":[5.0,14.75,4.625,15.125],"rotation":0,"texture":"#0","tintindex":0},"north":{"uv":[4.375,14.75,4.0,15.125],"rotation":0,"texture":"#0","tintindex":0},"west":{"uv":[4.0,14.75,3.75,15.125],"rotation":0,"texture":"#0","tintindex":0},"up":{"uv":[4.0,14.75,4.375,14.5],"rotation":0,"texture":"#0","tintindex":0},"down":{"uv":[4.375,14.5,4.75,14.75],"rotation":0,"texture":"#0","tintindex":0}}},{"from":[12.142858,6.5714283,6.714286],"to":[13.857143,8.857143,8.142858],"rotation":{"angle":22.5,"axis":"z","origin":[12.714286,8.0,7.428571]},"faces":{"east":{"uv":[15.125,11.0,14.875,11.5],"rotation":0,"texture":"#0","tintindex":0},"south":{"uv":[15.5,11.0,15.125,11.5],"rotation":0,"texture":"#0","tintindex":0},"north":{"uv":[14.875,11.0,14.5,11.5],"rotation":0,"texture":"#0","tintindex":0},"west":{"uv":[14.5,11.0,14.25,11.5],"rotation":0,"texture":"#0","tintindex":0},"up":{"uv":[14.5,11.0,14.875,10.75],"rotation":0,"texture":"#0","tintindex":0},"down":{"uv":[14.875,10.75,15.25,11.0],"rotation":0,"texture":"#0","tintindex":0}}},{"from":[12.0,5.142857,8.714286],"to":[13.142858,6.285714,9.571428],"rotation":{"angle":-22.5,"axis":"z","origin":[12.0,4.8571424,11.142858]},"faces":{"east":{"uv":[0.5,13.0,0.375,13.25],"rotation":0,"texture":"#0","tintindex":0},"south":{"uv":[0.75,13.0,0.5,13.25],"rotation":0,"texture":"#0","tintindex":0},"north":{"uv":[0.375,13.0,0.125,13.25],"rotation":0,"texture":"#0","tintindex":0},"west":{"uv":[0.125,13.0,0.0,13.25],"rotation":0,"texture":"#0","tintindex":0},"up":{"uv":[0.125,13.0,0.375,12.875],"rotation":0,"texture":"#0","tintindex":0},"down":{"uv":[0.375,12.875,0.625,13.0],"rotation":0,"texture":"#0","tintindex":0}}},{"from":[12.571428,5.714286,8.571428],"to":[14.0,6.857143,9.714286],"rotation":{"angle":0.0,"axis":"y","origin":[13.142858,6.285714,9.142858]},"faces":{"east":{"uv":[3.75,12.375,3.5,12.625],"rotation":0,"texture":"#0","tintindex":0},"south":{"uv":[4.0,12.375,3.75,12.625],"rotation":0,"texture":"#0","tintindex":0},"north":{"uv":[3.5,12.375,3.25,12.625],"rotation":0,"texture":"#0","tintindex":0},"west":{"uv":[3.25,12.375,3.0,12.625],"rotation":0,"texture":"#0","tintindex":0},"up":{"uv":[3.25,12.375,3.5,12.125],"rotation":0,"texture":"#0","tintindex":0},"down":{"uv":[3.5,12.125,3.75,12.375],"rotation":0,"texture":"#0","tintindex":0}}},{"from":[10.857143,6.857143,8.571428],"to":[12.571428,8.571428,9.714286],"rotation":{"angle":0.0,"axis":"y","origin":[11.714286,7.714286,9.142858]},"faces":{"east":{"uv":[4.625,14.75,4.375,15.125],"rotation":0,"texture":"#0","tintindex":0},"south":{"uv":[5.0,14.75,4.625,15.125],"rotation":0,"texture":"#0","tintindex":0},"north":{"uv":[4.375,14.75,4.0,15.125],"rotation":0,"texture":"#0","tintindex":0},"west":{"uv":[4.0,14.75,3.75,15.125],"rotation":0,"texture":"#0","tintindex":0},"up":{"uv":[4.0,14.75,4.375,14.5],"rotation":0,"texture":"#0","tintindex":0},"down":{"uv":[4.375,14.5,4.75,14.75],"rotation":0,"texture":"#0","tintindex":0}}},{"from":[12.142858,6.5714283,8.428572],"to":[13.857143,8.857143,9.857143],"rotation":{"angle":22.5,"axis":"z","origin":[12.714286,8.0,9.142858]},"faces":{"east":{"uv":[15.125,11.0,14.875,11.5],"rotation":0,"texture":"#0","tintindex":0},"south":{"uv":[15.5,11.0,15.125,11.5],"rotation":0,"texture":"#0","tintindex":0},"north":{"uv":[14.875,11.0,14.5,11.5],"rotation":0,"texture":"#0","tintindex":0},"west":{"uv":[14.5,11.0,14.25,11.5],"rotation":0,"texture":"#0","tintindex":0},"up":{"uv":[14.5,11.0,14.875,10.75],"rotation":0,"texture":"#0","tintindex":0},"down":{"uv":[14.875,10.75,15.25,11.0],"rotation":0,"texture":"#0","tintindex":0}}},{"from":[7.428571,5.428571,4.5714283],"to":[9.142858,7.142857,6.285714],"rotation":{"angle":0.0,"axis":"y","origin":[8.285714,6.285714,5.142857]},"faces":{"east":{"uv":[14.875,14.125,14.5,14.5],"rotation":0,"texture":"#0","tintindex":0},"south":{"uv":[15.25,14.125,14.875,14.5],