{"textures":{"0":"modelengine:entity/mso_lord_of_water"},"elements":[{"from":[8.0,6.9551845,4.0980415],"to":[12.571428,8.66947,5.2408986],"rotation":{"angle":0.0,"axis":"y","origin":[8.0,8.66947,5.2408986]},"faces":{"east":{"uv":[14.0,7.25,13.75,7.625],"rotation":0,"texture":"#0","tintindex":0},"south":{"uv":[15.0,7.25,14.0,7.625],"rotation":0,"texture":"#0","tintindex":0},"north":{"uv":[13.75,7.25,12.75,7.625],"rotation":0,"texture":"#0","tintindex":0},"west":{"uv":[12.75,7.25,12.5,7.625],"rotation":0,"texture":"#0","tintindex":0},"up":{"uv":[12.75,7.25,13.75,7.0],"rotation":0,"texture":"#0","tintindex":0},"down":{"uv":[13.75,7.0,14.75,7.25],"rotation":0,"texture":"#0","tintindex":0}}},{"from":[8.0,9.142858,3.4285712],"to":[12.571428,10.285714,5.714286],"rotation":{"angle":-45.0,"axis":"x","origin":[8.0,10.285714,5.714286]},"faces":{"east":{"uv":[9.875,12.375,9.375,12.625],"rotation":0,"texture":"#0","tintindex":0},"south":{"uv":[10.875,12.375,9.875,12.625],"rotation":0,"texture":"#0","tintindex":0},"north":{"uv":[9.375,12.375,8.375,12.625],"rotation":0,"texture":"#0","tintindex":0},"west":{"uv":[8.375,12.375,7.875,12.625],"rotation":0,"texture":"#0","tintindex":0},"up":{"uv":[8.375,12.375,9.375,11.875],"rotation":0,"texture":"#0","tintindex":0},"down":{"uv":[9.375,11.875,10.375,12.375],"rotation":0,"texture":"#0","tintindex":0}}},{"from":[8.571428,10.285714,2.8571424],"to":[9.142858,10.857143,5.714286],"rotation":{"angle":-45.0,"axis":"x","origin":[6.857143,10.857143,5.714286]},"faces":{"east":{"uv":[6.0,14.375,5.375,14.5],"rotation":0,"texture":"#0","tintindex":0},"south":{"uv":[6.125,14.375,6.0,14.5],"rotation":0,"texture":"#0","tintindex":0},"north":{"uv":[5.375,14.375,5.25,14.5],"rotation":0,"texture":"#0","tintindex":0},"west":{"uv":[5.25,14.375,4.625,14.5],"rotation":0,"texture":"#0","tintindex":0},"up":{"uv":[5.25,14.375,5.375,13.75],"rotation":0,"texture":"#0","tintindex":0},"down":{"uv":[5.375,13.75,5.5,14.375],"rotation":0,"texture":"#0","tintindex":0}}},{"from":[7.428571,10.285714,2.2857141],"to":[8.571428,11.428572,5.714286],"rotation":{"angle":-45.0,"axis":"x","origin":[5.714286,11.428572,5.714286]},"faces":{"east":{"uv":[8.0,14.0,7.25,14.25],"rotation":0,"texture":"#0","tintindex":0},"south":{"uv":[8.25,14.0,8.0,14.25],"rotation":0,"texture":"#0","tintindex":0},"north":{"uv":[7.25,14.0,7.0,14.25],"rotation":0,"texture":"#0","tintindex":0},"west":{"uv":[7.0,14.0,6.25,14.25],"rotation":0,"texture":"#0","tintindex":0},"up":{"uv":[7.0,14.0,7.25,13.25],"rotation":0,"texture":"#0","tintindex":0},"down":{"uv":[7.25,13.25,7.5,14.0],"rotation":0,"texture":"#0","tintindex":0}}},{"from":[11.428572,10.285714,2.8571424],"to":[12.0,10.857143,5.714286],"rotation":{"angle":-45.0,"axis":"x","origin":[9.714286,10.857143,5.714286]},"faces":{"east":{"uv":[13.75,14.5,13.125,14.625],"rotation":0,"texture":"#0","tintindex":0},"south":{"uv":[13.875,14.5,13.75,14.625],"rotation":0,"texture":"#0","tintindex":0},"north":{"uv":[13.125,14.5,13.0,14.625],"rotation":0,"texture":"#0","tintindex":0},"west":{"uv":[13.0,14.5,12.375,14.625],"rotation":0,"texture":"#0","tintindex":0},"up":{"uv":[13.0,14.5,13.125,13.875],"rotation":0,"texture":"#0","tintindex":0},"down":{"uv":[13.125,13.875,13.25,14.5],"rotation":0,"texture":"#0","tintindex":0}}},{"from":[11.428572,10.285714,5.714286],"to":[12.0,10.857143,10.285714],"rotation":{"angle":0.0,"axis":"y","origin":[9.714286,10.857143,8.0]},"faces":{"east":{"uv":[14.0,13.75,13.0,13.875],"rotation":0,"texture":"#0","tintindex":0},"south":{"uv":[14.125,13.75,14.0,13.875],"rotation":0,"texture":"#0","tintindex":0},"north":{"uv":[13.0,13.75,12.875,13.875],"rotation":0,"texture":"#0","tintindex":0},"west":{"uv":[12.875,13.75,11.875,13.875],"rotation":0,"texture":"#0","tintindex":0},"up":{"uv":[12.875,13.75,13.0,12.75],"rotation":0,"texture":"#0","tintindex":0},"down":{"uv":[13.0,12.75,13.125,13.75],"rotation":0,"texture":"#0","tintindex":0}}},{"from":[8.0,9.142858,5.714286],"to":[12.571428,10.285714,10.285714],"rotation":{"angle":0.0,"axis":"y","origin":[8.0,8.0,8.0]},"faces":{"east":{"uv":[8.5,1.0,7.5,1.25],"rotation":0,"texture":"#0","tintindex":0},"south":{"uv":[9.5,1.0,8.5,1.25],"rotation":0,"texture":"#0","tintindex":0},"north":{"uv":[7.5,1.0,6.5,1.25],"rotation":0,"texture":"#0","tintindex":0},"west":{"uv":[6.5,1.0,5.5,1.25],"rotation":0,"texture":"#0","tintindex":0},"up":{"uv":[6.5,1.0,7.5,0.0],"rotation":0,"texture":"#0","tintindex":0},"down":{"uv":[7.5,0.0,8.5,1.0],"rotation":0,"texture":"#0","tintindex":0}}},{"from":[8.0,9.142858,10.285714],"to":[12.571428,10.285714,12.571428],"rotation":{"angle":45.0,"axis":"x","origin":[8.0,10.285714,10.285714]},"faces":{"east":{"uv":[13.125,9.625,12.625,9.875],"rotation":0,"texture":"#0","tintindex":0},"south":{"uv":[14.125,9.625,13.125,9.875],"rotation":0,"texture":"#0","tintindex":0},"north":{"uv":[12.625,9.625,11.625,9.875],"rotation":0,"texture":"#0","tintindex":0},"west":{"uv":[11.625,9.625,11.125,9.875],"rotation":0,"texture":"#0","tintindex":0},"up":{"uv":[11.625,9.625,12.625,9.125],"rotation":0,"texture":"#0","tintindex":0},"down":{"uv":[12.625,9.125,13.625,9.625],"rotation":0,"texture":"#0","tintindex":0}}},{"from":[11.428572,10.285714,10.285714],"to":[12.0,10.857143,12.571428],"rotation":{"angle":45.0,"axis":"x","origin":[9.714286,10.857143,10.285714]},"faces":{"east":{"uv":[15.75,9.375,15.25,9.5],"rotation":0,"texture":"#0","tintindex":0},"south":{"uv":[15.875,9.375,15.75,9.5],"rotation":0,"texture":"#0","tintindex":0},"north":{"uv":[15.25,9.375,15.125,9.5],"rotation":0,"texture":"#0","tintindex":0},"west":{"uv":[15.125,9.375,14.625,9.5],"rotation":0,"texture":"#0","tintindex":0},"up":{"uv":[15.125,9.375,15.25,8.875],"rotation":0,"texture":"#0","tintindex":0},"down":{"uv":[15.25,8.875,15.375,9.375],"rotation":0,"texture":"#0","tintindex":0}}},{"from":[8.0,6.9551845,10.759102],"to":[12.571428,8.66947,11.901958],"rotation":{"angle":0.0,"axis":"y","origin":[8.0,8.66947,10.759102]},"faces":{"east":{"uv":[14.0,1.25,13.75,1.625],"rotation":0,"texture":"#0","tintindex":0},"south":{"uv":[15.0,1.25,14.0,1.625],"rotation":0,"texture":"#0","tintindex":0},"north":{"uv":[13.75,1.25,12.75,1.625],"rotation":0,"texture":"#0","tintindex":0},"west":{"uv":[12.75,1.25,12.5,1.625],"rotation":0,"texture":"#0","tintindex":0},"up":{"uv":[12.75,1.25,13.75,1.0],"rotation":0,"texture":"#0","tintindex":0},"down":{"uv":[13.75,1.0,14.75,1.25],"rotation":0,"texture":"#0","tintindex":0}}},{"from":[8.571428,10.285714,5.714286],"to":[9.142858,10.857143,10.285714],"rotation":{"angle":0.0,"axis":"y","origin":[6.857143,10.857143,8.0]},"faces":{"east":{"uv":[2.125,13.375,1.125,13.5],"rotation":0,"texture":"#0","tintindex":0},"south":{"uv":[2.25,13.375,2.125,13.5],"rotation":0,"texture":"#0","tintindex":0},"north":{"uv":[1.125,13.375,1.0,13.5],"rotation":0,"texture":"#0","tintindex":0},"west":{"uv":[1.0,13.375,0.0,13.5],"rotation":0,"texture":"#0","tintindex":0},"up":{"uv":[1.0,13.375,1.125,12.375],"rotation":0,"texture":"#0","tintindex":0},"down":{"uv":[1.125,12.375,1.25,13.375],"rotation":0,"texture":"#0","tintindex":0}}},{"from":[7.428571,10.285714,5.714286],"to":[8.571428,11.428572,10.285714],"rotation":{"angle":0.0,"axis":"y","origin":[5.714286,11.428572,8.0]},"faces":{"east":{"uv":[3.75,12.875,2.75,13.125],"rotation":0,"texture":"#0","tintindex":0},"south":{"uv":[4.0,12.875,3.75,13.125],"rotation":0,"texture":"#0","tintindex":0},"north":{"uv":[2.75,12.875,2.5,13.125],"rotation":0,"texture":"#0","tintindex":0},"west":{"uv":[2.5,12.875,1.5,13.125],"rotation":0,"texture":"#0","tintindex":0},"up":{"uv":[2.5,12.875,2.75,11.875],"rotation":0,"texture":"#0","tintindex":0},"down":{"uv":[2.75,11.875,3.0,12.875],"rotation":0,"texture":"#0","tintindex":0}}},{"from":[7.428571,10.285714,10.285714],"to":[8.571428,11.428572,13.714286],"rotation":{"angle":45.0,"axis":"x","origin":[5.714286,11.428572,10.285714]},"faces":{"east":{"uv":[15.125,9.875,14.375,10.125],"rotation":0,"texture":"#0","tintindex":0},