{"textures":{"0":"modelengine:entity/wu2"},"elements":[{"from":[1.1777859,1.4554062,3.5858297],"to":[8.177787,9.555405,11.38583],"faces":{"east":{"uv":[8.522917,11.815625,8.664583,12.059375],"tintindex":0,"rotation":0,"texture":"#0"},"south":{"uv":[8.522917,11.815625,8.664583,12.059375],"tintindex":0,"rotation":0,"texture":"#0"},"north":{"uv":[6.54375,8.753125,6.6895833,9.00625],"tintindex":0,"rotation":0,"texture":"#0"},"west":{"uv":[8.29375,10.596875,8.45625,10.840625],"tintindex":0,"rotation":0,"texture":"#0"},"up":{"uv":[6.54375,8.753125,6.6895833,8.996875],"tintindex":0,"rotation":0,"texture":"#0"},"down":{"uv":[8.664583,12.315625,8.522917,12.559375],"tintindex":0,"rotation":0,"texture":"#0"}}},{"from":[-1.5655346,-0.48859406,5.633581],"to":[0.7544651,9.607407,11.041582],"faces":{"east":{"uv":[7.5645833,12.753125,7.664583,13.059375],"tintindex":0,"rotation":0,"texture":"#0"},"south":{"uv":[7.5625,12.753125,7.6666665,13.059375],"tintindex":0,"rotation":90,"texture":"#0"},"north":{"uv":[7.5645833,12.753125,7.664583,13.059375],"tintindex":0,"rotation":0,"texture":"#0"},"west":{"uv":[7.5645833,12.753125,7.664583,13.059375],"tintindex":0,"rotation":0,"texture":"#0"},"up":{"uv":[7.5645833,12.753125,7.664583,13.059375],"tintindex":0,"rotation":0,"texture":"#0"},"down":{"uv":[7.5645833,12.753125,7.664583,13.059375],"tintindex":0,"rotation":0,"texture":"#0"}},"rotation":{"origin":[6.199704,15.807404,5.5716324],"angle":45.0,"axis":"y"}},{"from":[1.7777863,-8.844593,4.5858297],"to":[8.177787,1.5554047,10.38583],"faces":{"east":{"uv":[6.5645833,8.753125,6.6979165,9.053125],"tintindex":0,"rotation":0,"texture":"#0"},"south":{"uv":[6.5645833,8.753125,6.6979165,9.053125],"tintindex":0,"rotation":0,"texture":"#0"},"north":{"uv":[6.5645833,8.753125,6.6979165,9.053125],"tintindex":0,"rotation":0,"texture":"#0"},"west":{"uv":[6.5645833,8.753125,6.6979165,9.053125],"tintindex":0,"rotation":0,"texture":"#0"},"up":{"uv":[6.5645833,8.753125,6.6979165,9.053125],"tintindex":0,"rotation":0,"texture":"#0"},"down":{"uv":[6.5645833,8.753125,6.6979165,9.053125],"tintindex":0,"rotation":0,"texture":"#0"}}},{"from":[2.1777859,-6.648617,6.7738075],"to":[7.7777863,-2.5486183,11.673808],"faces":{"east":{"uv":[8.460417,13.815625,8.560416,13.934375],"tintindex":0,"rotation":0,"texture":"#0"},"south":{"uv":[9.127084,9.190625,9.247916,9.309375],"tintindex":0,"rotation":0,"texture":"#0"},"north":{"uv":[8.91875,13.659375,9.039583,13.778125],"tintindex":0,"rotation":0,"texture":"#0"},"west":{"uv":[8.564584,13.815625,8.664583,13.934375],"tintindex":0,"rotation":0,"texture":"#0"},"up":{"uv":[9.060416,12.496875,8.939584,12.346875],"tintindex":0,"rotation":0,"texture":"#0"},"down":{"uv":[9.060416,12.503125,8.939584,12.653125],"tintindex":0,"rotation":0,"texture":"#0"}}},{"from":[-2.0124893,-0.48859406,4.422023],"to":[0.30751038,10.767403,8.830023],"faces":{"east":{"uv":[6.397917,12.909375,6.477083,13.246875],"tintindex":0,"rotation":0,"texture":"#0"},"south":{"uv":[6.397917,12.909375,6.477083,13.246875],"tintindex":0,"rotation":0,"texture":"#0"},"north":{"uv":[6.397917,12.909375,6.477083,13.246875],"tintindex":0,"rotation":0,"texture":"#0"},"west":{"uv":[6.397917,12.909375,6.477083,13.246875],"tintindex":0,"rotation":0,"texture":"#0"},"up":{"uv":[6.397917,12.909375,6.477083,13.246875],"tintindex":0,"rotation":0,"texture":"#0"},"down":{"uv":[6.397917,12.909375,6.477083,13.246875],"tintindex":0,"rotation":0,"texture":"#0"}},"rotation":{"origin":[5.0918684,15.807404,3.0174952],"angle":22.5,"axis":"y"}},{"from":[-2.0124893,10.767403,4.422023],"to":[0.30751038,13.08741,6.510023],"faces":{"east":{"uv":[5.460417,14.503125,5.4979167,14.559375],"tintindex":0,"rotation":0,"texture":"#0"},"south":{"uv":[5.460417,14.503125,5.4979167,14.559375],"tintindex":0,"rotation":0,"texture":"#0"},"north":{"uv":[5.460417,14.503125,5.4979167,14.559375],"tintindex":0,"rotation":0,"texture":"#0"},"west":{"uv":[5.460417,14.503125,5.4979167,14.559375],"tintindex":0,"rotation":0,"texture":"#0"},"up":{"uv":[5.460417,14.503125,5.4979167,14.559375],"tintindex":0,"rotation":0,"texture":"#0"},"down":{"uv":[5.460417,14.503125,5.4979167,14.559375],"tintindex":0,"rotation":0,"texture":"#0"}},"rotation":{"origin":[5.0918684,15.807404,3.0174952],"angle":22.5,"axis":"y"}},{"from":[1.2375813,10.767403,6.039544],"to":[3.557581,14.247406,8.127544],"faces":{"east":{"uv":[9.585417,10.221875,9.622916,10.309375],"tintindex":0,"rotation":0,"texture":"#0"},"south":{"uv":[9.585417,10.221875,9.622916,10.309375],"tintindex":0,"rotation":0,"texture":"#0"},"north":{"uv":[9.585417,10.221875,9.622916,10.309375],"tintindex":0,"rotation":0,"texture":"#0"},"west":{"uv":[9.585417,10.221875,9.622916,10.309375],"tintindex":0,"rotation":0,"texture":"#0"},"up":{"uv":[9.585417,10.221875,9.622916,10.309375],"tintindex":0,"rotation":0,"texture":"#0"},"down":{"uv":[9.585417,10.221875,9.622916,10.309375],"tintindex":0,"rotation":0,"texture":"#0"}},"rotation":{"origin":[2.9009209,19.809402,2.1215115],"angle":-22.5,"axis":"y"}},{"from":[4.8813114,-0.48859406,0.40438843],"to":[7.201312,9.607407,4.8123884],"faces":{"east":{"uv":[5.335417,13.128125,5.414583,13.434375],"tintindex":0,"rotation":0,"texture":"#0"},"south":{"uv":[5.335417,13.128125,5.414583,13.434375],"tintindex":0,"rotation":0,"texture":"#0"},"north":{"uv":[5.335417,13.128125,5.414583,13.434375],"tintindex":0,"rotation":0,"texture":"#0"},"west":{"uv":[5.335417,13.128125,5.414583,13.434375],"tintindex":0,"rotation":0,"texture":"#0"},"up":{"uv":[5.335417,13.128125,5.414583,13.434375],"tintindex":0,"rotation":0,"texture":"#0"},"down":{"uv":[5.335417,13.128125,5.414583,13.434375],"tintindex":0,"rotation":0,"texture":"#0"}},"rotation":{"origin":[5.051362,19.809402,-1.0968513],"angle":-45.0,"axis":"y"}},{"from":[2.1777859,-9.943577,6.1183996],"to":[7.7777863,-5.5435753,11.0184],"faces":{"east":{"uv":[8.252084,13.815625,8.352083,13.934375],"tintindex":0,"rotation":0,"texture":"#0"},"south":{"uv":[9.10625,13.315625,9.227083,13.434375],"tintindex":0,"rotation":0,"texture":"#0"},"north":{"uv":[8.79375,13.659375,8.914583,13.778125],"tintindex":0,"rotation":0,"texture":"#0"},"west":{"uv":[6.5645833,8.753125,6.6979165,9.053125],"tintindex":0,"rotation":180,"texture":"#0"},"up":{"uv":[9.060416,12.184375,8.939584,12.034375],"tintindex":0,"rotation":0,"texture":"#0"},"down":{"uv":[6.5645833,8.753125,6.6979165,9.053125],"tintindex":0,"rotation":180,"texture":"#0"}},"rotation":{"origin":[4.5277863,-7.743576,8.568399],"angle":22.5,"axis":"x"}},{"from":[1.2375813,-0.48859406,3.7195444],"to":[3.557581,10.767403,8.127544],"faces":{"east":{"uv":[7.79375,12.940625,7.8729167,13.278125],"tintindex":0,"rotation":0,"texture":"#0"},"south":{"uv":[7.79375,12.940625,7.8729167,13.278125],"tintindex":0,"rotation":0,"texture":"#0"},"north":{"uv":[7.79375,12.940625,7.8729167,13.278125],"tintindex":0,"rotation":0,"texture":"#0"},"west":{"uv":[7.79375,12.940625,7.8729167,13.278125],"tintindex":0,"rotation":0,"texture":"#0"},"up":{"uv":[7.79375,12.940625,7.8729167,13.278125],"tintindex":0,"rotation":0,"texture":"#0"},"down":{"uv":[7.79375,12.940625,7.8729167,13.278125],"tintindex":0,"rotation":0,"texture":"#0"}},"rotation":{"origin":[2.9009209,19.809402,2.1215115],"angle":-22.5,"axis":"y"}},{"from":[2.1777859,-2.844593,8.08583],"to":[7.7777863,1.5554047,12.985829],"faces":{"east":{"uv":[8.98125,13.784375,9.08125,13.903125],"tintindex":0,"rotation":0,"texture":"#0"},"south":{"uv":[8.16875,13.659375,8.289583,13.778125],"tintindex":0,"rotation":0,"texture":"#0"},"north":{"uv":[7.73125,13.659375,7.852083,13.778125],"tintindex":0,"rotation":0,"texture":"#0"},"west":{"uv":[9.210417,10.721875,9.310416,10.840625],"tintindex":0,"rotation":0,"texture":"#0"},"up":{"uv":[9.060416,11.871875,8.939584,11.721875],"tintindex":0,"rotation":0,"texture":"#0"},"down":{"uv":[9.060416,11.878125,8.939584,12.028125],"tintindex":0,"rotation":0,"texture":"#0"}},"rotation":{"origin":[4.5277863,-5.9945946,11.58583],"angle":-22.5,"axis":"x"}}],