{"textures":{"0":"modelengine:entity/wu2"},"elements":[{"from":[7.7608385,-9.772503,4.307143],"to":[14.160838,0.6274948,10.107143],"faces":{"east":{"uv":[8.48125,10.690625,8.602083,10.996875],"tintindex":0,"rotation":0,"texture":"#0"},"south":{"uv":[8.48125,10.690625,8.602083,10.996875],"tintindex":0,"rotation":0,"texture":"#0"},"north":{"uv":[8.48125,10.690625,8.602083,10.996875],"tintindex":0,"rotation":0,"texture":"#0"},"west":{"uv":[8.48125,10.690625,8.602083,10.996875],"tintindex":0,"rotation":0,"texture":"#0"},"up":{"uv":[8.48125,10.690625,8.602083,10.996875],"tintindex":0,"rotation":0,"texture":"#0"},"down":{"uv":[8.48125,10.690625,8.602083,10.996875],"tintindex":0,"rotation":0,"texture":"#0"}}},{"from":[7.160839,0.52749634,3.3071432],"to":[14.160838,8.627495,11.107143],"faces":{"east":{"uv":[8.54375,9.096875,8.685416,9.340625],"tintindex":0,"rotation":0,"texture":"#0"},"south":{"uv":[8.54375,9.096875,8.685416,9.340625],"tintindex":0,"rotation":0,"texture":"#0"},"north":{"uv":[8.54375,9.096875,8.685416,9.340625],"tintindex":0,"rotation":0,"texture":"#0"},"west":{"uv":[8.54375,9.096875,8.685416,9.340625],"tintindex":0,"rotation":0,"texture":"#0"},"up":{"uv":[8.54375,9.096875,8.685416,9.340625],"tintindex":0,"rotation":0,"texture":"#0"},"down":{"uv":[8.54375,9.096875,8.685416,9.340625],"tintindex":0,"rotation":0,"texture":"#0"}}}],"display":{"gui":{"rotation":[30,225,0]}}}