{"textures":{"0":"modelengine:entity/wu2"},"elements":[{"from":[13.587729,19.67352,1.2691898],"to":[14.76877,21.66264,4.31503],"faces":{"east":{"uv":[9.585417,11.440625,9.64375,11.496875],"tintindex":0,"rotation":0,"texture":"#0"},"south":{"uv":[7.335417,14.596875,7.352083,14.653125],"tintindex":0,"rotation":0,"texture":"#0"},"north":{"uv":[9.73125,10.971875,9.747916,11.028125],"tintindex":0,"rotation":0,"texture":"#0"},"west":{"uv":[9.585417,11.909375,9.64375,11.965625],"tintindex":0,"rotation":0,"texture":"#0"},"up":{"uv":[5.5604167,14.653125,5.54375,14.565625],"tintindex":0,"rotation":0,"texture":"#0"},"down":{"uv":[9.727083,8.315625,9.710417,8.403125],"tintindex":0,"rotation":0,"texture":"#0"}},"rotation":{"origin":[13.0515995,20.108643,0.9040003],"angle":-22.5,"axis":"y"}}],"display":{"gui":{"rotation":[30,225,0]}}}