{"textures":{"0":"modelengine:entity/wu2"},"elements":[{"from":[-5.5800734,7.511343,10.1548],"to":[-5.1926994,7.98394,10.639018],"faces":{"east":{"uv":[6.85625,13.190625,6.89375,13.215625],"tintindex":0,"rotation":0,"texture":"#0"},"south":{"uv":[6.85625,13.190625,6.89375,13.215625],"tintindex":0,"rotation":0,"texture":"#0"},"north":{"uv":[6.85625,13.190625,6.89375,13.215625],"tintindex":0,"rotation":0,"texture":"#0"},"west":{"uv":[6.85625,13.190625,6.89375,13.215625],"tintindex":0,"rotation":0,"texture":"#0"},"up":{"uv":[6.85625,13.190625,6.89375,13.215625],"tintindex":0,"rotation":0,"texture":"#0"},"down":{"uv":[6.85625,13.190625,6.89375,13.215625],"tintindex":0,"rotation":0,"texture":"#0"}},"rotation":{"origin":[-4.998043,7.650799,10.381414],"angle":22.5,"axis":"x"}},{"from":[-3.7400455,6.630726,10.508057],"to":[-2.9652958,7.103323,9.6054735],"faces":{"east":{"uv":[6.85625,13.190625,6.89375,13.215625],"tintindex":0,"rotation":0,"texture":"#0"},"south":{"uv":[6.85625,13.190625,6.89375,13.215625],"tintindex":0,"rotation":0,"texture":"#0"},"north":{"uv":[6.85625,13.190625,6.89375,13.215625],"tintindex":0,"rotation":0,"texture":"#0"},"west":{"uv":[6.85625,13.190625,6.89375,13.215625],"tintindex":0,"rotation":0,"texture":"#0"},"up":{"uv":[6.85625,13.190625,6.89375,13.215625],"tintindex":0,"rotation":0,"texture":"#0"},"down":{"uv":[6.85625,13.190625,6.89375,13.215625],"tintindex":0,"rotation":0,"texture":"#0"}},"rotation":{"origin":[-5.386387,6.8670254,10.056765],"angle":22.5,"axis":"x"}},{"from":[-7.0476627,5.274338,8.958558],"to":[-6.1876926,6.3279953,9.896005],"faces":{"east":{"uv":[5.460417,14.440625,5.4979167,14.496875],"tintindex":0,"rotation":0,"texture":"#0"},"south":{"uv":[5.460417,14.440625,5.4979167,14.496875],"tintindex":0,"rotation":0,"texture":"#0"},"north":{"uv":[5.460417,14.440625,5.4979167,14.496875],"tintindex":0,"rotation":0,"texture":"#0"},"west":{"uv":[5.460417,14.440625,5.4979167,14.496875],"tintindex":0,"rotation":0,"texture":"#0"},"up":{"uv":[5.460417,14.440625,5.4979167,14.496875],"tintindex":0,"rotation":0,"texture":"#0"},"down":{"uv":[5.460417,14.440625,5.4979167,14.496875],"tintindex":0,"rotation":0,"texture":"#0"}},"rotation":{"origin":[-5.9397726,5.704323,9.427281],"angle":-22.5,"axis":"z"}},{"from":[-6.541627,4.8991632,8.861715],"to":[-5.294281,6.146509,9.992848],"faces":{"east":{"uv":[9.502084,14.409375,9.539583,14.465625],"tintindex":0,"rotation":0,"texture":"#0"},"south":{"uv":[9.502084,14.409375,9.539583,14.465625],"tintindex":0,"rotation":0,"texture":"#0"},"north":{"uv":[9.502084,14.409375,9.539583,14.465625],"tintindex":0,"rotation":0,"texture":"#0"},"west":{"uv":[9.502084,14.409375,9.539583,14.465625],"tintindex":0,"rotation":0,"texture":"#0"},"up":{"uv":[9.502084,14.409375,9.539583,14.465625],"tintindex":0,"rotation":0,"texture":"#0"},"down":{"uv":[9.502084,14.409375,9.539583,14.465625],"tintindex":0,"rotation":0,"texture":"#0"}},"rotation":{"origin":[-5.9595966,5.522835,9.572547],"angle":-45.0,"axis":"z"}},{"from":[-2.9258575,3.555377,9.055402],"to":[-2.0658865,4.6090355,9.992848],"faces":{"east":{"uv":[7.73125,14.409375,7.76875,14.465625],"tintindex":0,"rotation":0,"texture":"#0"},"south":{"uv":[7.73125,14.409375,7.76875,14.465625],"tintindex":0,"rotation":0,"texture":"#0"},"north":{"uv":[7.73125,14.409375,7.76875,14.465625],"tintindex":0,"rotation":0,"texture":"#0"},"west":{"uv":[7.73125,14.409375,7.76875,14.465625],"tintindex":0,"rotation":0,"texture":"#0"},"up":{"uv":[7.73125,14.409375,7.76875,14.465625],"tintindex":0,"rotation":0,"texture":"#0"},"down":{"uv":[7.73125,14.409375,7.76875,14.465625],"tintindex":0,"rotation":0,"texture":"#0"}},"rotation":{"origin":[-7.338052,6.0190773,9.524125],"angle":22.5,"axis":"z"}},{"from":[-5.423477,5.964443,8.061034],"to":[-3.0004501,6.630726,10.644821],"faces":{"east":{"uv":[7.4395833,9.596875,7.539583,9.621875],"tintindex":0,"rotation":0,"texture":"#0"},"south":{"uv":[7.710417,8.659375,7.8104167,8.684375],"tintindex":0,"rotation":0,"texture":"#0"},"north":{"uv":[6.54375,9.409375,6.64375,9.434375],"tintindex":0,"rotation":0,"texture":"#0"},"west":{"uv":[8.689584,11.471875,8.789583,11.496875],"tintindex":0,"rotation":0,"texture":"#0"},"up":{"uv":[8.26875,13.653125,8.16875,13.503125],"tintindex":0,"rotation":0,"texture":"#0"},"down":{"uv":[8.935416,13.503125,8.835417,13.653125],"tintindex":0,"rotation":0,"texture":"#0"}},"rotation":{"origin":[-3.388792,5.764944,9.885568],"angle":45.0,"axis":"y"}},{"from":[-3.345788,4.8991632,8.861715],"to":[-2.098443,6.146509,9.992848],"faces":{"east":{"uv":[9.60625,12.846875,9.64375,12.903125],"tintindex":0,"rotation":0,"texture":"#0"},"south":{"uv":[9.60625,12.846875,9.64375,12.903125],"tintindex":0,"rotation":0,"texture":"#0"},"north":{"uv":[9.60625,12.846875,9.64375,12.903125],"tintindex":0,"rotation":0,"texture":"#0"},"west":{"uv":[9.60625,12.846875,9.64375,12.903125],"tintindex":0,"rotation":0,"texture":"#0"},"up":{"uv":[9.60625,12.846875,9.64375,12.903125],"tintindex":0,"rotation":0,"texture":"#0"},"down":{"uv":[9.60625,12.846875,9.64375,12.903125],"tintindex":0,"rotation":0,"texture":"#0"}},"rotation":{"origin":[-2.7221155,5.522835,9.427281],"angle":45.0,"axis":"z"}},{"from":[-5.676917,7.0010033,10.247706],"to":[-5.0958557,7.4736004,10.9256115],"faces":{"east":{"uv":[6.85625,13.190625,6.89375,13.215625],"tintindex":0,"rotation":0,"texture":"#0"},"south":{"uv":[6.85625,13.190625,6.89375,13.215625],"tintindex":0,"rotation":0,"texture":"#0"},"north":{"uv":[6.85625,13.190625,6.89375,13.215625],"tintindex":0,"rotation":0,"texture":"#0"},"west":{"uv":[6.85625,13.190625,6.89375,13.215625],"tintindex":0,"rotation":0,"texture":"#0"},"up":{"uv":[6.85625,13.190625,6.89375,13.215625],"tintindex":0,"rotation":0,"texture":"#0"},"down":{"uv":[6.85625,13.190625,6.89375,13.215625],"tintindex":0,"rotation":0,"texture":"#0"}},"rotation":{"origin":[-4.998043,8.108894,10.571164],"angle":22.5,"axis":"x"}},{"from":[-4.1841297,4.8023195,10.609121],"to":[-3.5042877,5.468603,12.127629],"faces":{"east":{"uv":[6.335417,13.221875,6.39375,13.246875],"tintindex":0,"rotation":0,"texture":"#0"},"south":{"uv":[8.127084,14.503125,8.14375,14.528125],"tintindex":0,"rotation":0,"texture":"#0"},"north":{"uv":[9.66875,12.128125,9.685416,12.153125],"tintindex":0,"rotation":0,"texture":"#0"},"west":{"uv":[7.60625,13.221875,7.664583,13.246875],"tintindex":0,"rotation":0,"texture":"#0"},"up":{"uv":[9.039583,14.621875,9.022917,14.534375],"tintindex":0,"rotation":0,"texture":"#0"},"down":{"uv":[9.060416,14.534375,9.04375,14.621875],"tintindex":0,"rotation":0,"texture":"#0"}},"rotation":{"origin":[-5.0063324,5.135462,10.981001],"angle":22.5,"axis":"y"}},{"from":[-3.6432018,7.0010033,10.247706],"to":[-3.0621395,7.4736004,10.9256115],"faces":{"east":{"uv":[6.85625,13.190625,6.89375,13.215625],"tintindex":0,"rotation":0,"texture":"#0"},"south":{"uv":[6.85625,13.190625,6.89375,13.215625],"tintindex":0,"rotation":0,"texture":"#0"},"north":{"uv":[6.85625,13.190625,6.89375,13.215625],"tintindex":0,"rotation":0,"texture":"#0"},"west":{"uv":[6.85625,13.190625,6.89375,13.215625],"tintindex":0,"rotation":0,"texture":"#0"},"up":{"uv":[6.85625,13.190625,6.89375,13.215625],"tintindex":0,"rotation":0,"texture":"#0"},"down":{"uv":[6.85625,13.190625,6.89375,13.215625],"tintindex":0,"rotation":0,"texture":"#0"}},"rotation":{"origin":[-4.998043,8.108894,10.571164],"angle":22.5,"axis":"x"}},{"from":[-5.1306496,4.8023195,10.079319],"to":[-4.4508076,5.468603,11.597826],"faces":{"east":{"uv":[6.66875,9.721875,6.727083,9.746875],"tintindex":0,"rotation":0,"texture":"#0"},"south":{"uv":[7.9395833,14.503125,7.95625,14.528125],"tintindex":0,"rotation":0,"texture":"#0"},"north":{"uv":[9.66875,11.503125,9.685416,11.528125],"tintindex":0,"rotation":0,"texture":"#0"},"west":{"uv":[6.335417,12.659375,6.39375,12.684375],"tintindex":0,"rotation":0,"texture":"#0"},"up":{"uv":[8.997916,14.621875,8.98125,14.534375],"tintindex":0,"rotation":0,"texture":"#0"},"down":{"uv":[9.01875,14.534375,9.002084,14.621875],