{"textures":{"0":"modelengine:entity/wu2"},"elements":[{"from":[7.158163,7.1681824,5.9477043],"to":[8.841837,8.851856,8.052297],"faces":{"east":{"uv":[6.5645833,8.815625,6.608429,8.868239],"tintindex":0,"rotation":0,"texture":"#0"},"south":{"uv":[6.5645833,8.815625,6.608429,8.868239],"tintindex":0,"rotation":0,"texture":"#0"},"north":{"uv":[6.5645833,8.815625,6.608429,8.868239],"tintindex":0,"rotation":0,"texture":"#0"},"west":{"uv":[6.5645833,8.815625,6.608429,8.868239],"tintindex":0,"rotation":0,"texture":"#0"},"up":{"uv":[6.5645833,8.815625,6.608429,8.868239],"tintindex":0,"rotation":0,"texture":"#0"},"down":{"uv":[6.5645833,8.815625,6.608429,8.868239],"tintindex":0,"rotation":0,"texture":"#0"}}},{"from":[7.158163,4.883198,5.9477043],"to":[8.841837,6.747265,8.052297],"faces":{"east":{"uv":[6.5645833,8.815625,6.608429,8.873878],"tintindex":0,"rotation":0,"texture":"#0"},"south":{"uv":[6.5645833,8.815625,6.608429,8.873878],"tintindex":0,"rotation":0,"texture":"#0"},"north":{"uv":[6.5645833,8.815625,6.608429,8.873878],"tintindex":0,"rotation":0,"texture":"#0"},"west":{"uv":[6.5645833,8.815625,6.608429,8.873878],"tintindex":0,"rotation":0,"texture":"#0"},"up":{"uv":[6.5645833,8.815625,6.608429,8.873878],"tintindex":0,"rotation":0,"texture":"#0"},"down":{"uv":[6.5645833,8.815625,6.608429,8.873878],"tintindex":0,"rotation":0,"texture":"#0"}}},{"from":[7.158163,9.332909,5.9477043],"to":[8.841837,11.016579,8.052297],"faces":{"east":{"uv":[6.5645833,8.815625,6.608429,8.868239],"tintindex":0,"rotation":0,"texture":"#0"},"south":{"uv":[6.5645833,8.815625,6.608429,8.868239],"tintindex":0,"rotation":0,"texture":"#0"},"north":{"uv":[6.5645833,8.815625,6.608429,8.868239],"tintindex":0,"rotation":0,"texture":"#0"},"west":{"uv":[6.5645833,8.815625,6.608429,8.868239],"tintindex":0,"rotation":0,"texture":"#0"},"up":{"uv":[6.5645833,8.815625,6.608429,8.868239],"tintindex":0,"rotation":0,"texture":"#0"},"down":{"uv":[6.5645833,8.815625,6.608429,8.868239],"tintindex":0,"rotation":0,"texture":"#0"}}}],"display":{"gui":{"rotation":[30,225,0]}}}