{"textures":{"0":"modelengine:entity/wu2"},"elements":[{"from":[5.74508,5.3241615,7.098032],"to":[10.194789,10.856232,9.50328],"faces":{"east":{"uv":[6.5645833,8.815625,6.6572857,8.890789],"tintindex":0,"rotation":0,"texture":"#0"},"south":{"uv":[6.5645833,8.815625,6.6572857,8.890789],"tintindex":0,"rotation":0,"texture":"#0"},"north":{"uv":[6.5645833,8.815625,6.6572857,8.890789],"tintindex":0,"rotation":0,"texture":"#0"},"west":{"uv":[6.5645833,8.815625,6.6572857,8.890789],"tintindex":0,"rotation":0,"texture":"#0"},"up":{"uv":[6.5645833,8.815625,6.6572857,8.890789],"tintindex":0,"rotation":0,"texture":"#0"},"down":{"uv":[6.5645833,8.815625,6.6572857,8.890789],"tintindex":0,"rotation":0,"texture":"#0"}}},{"from":[5.624818,5.2038994,6.4967203],"to":[10.435314,10.615707,8.901968],"faces":{"east":{"uv":[6.5645833,8.815625,6.6572857,8.890789],"tintindex":0,"rotation":0,"texture":"#0"},"south":{"uv":[6.5645833,8.815625,6.6572857,8.890789],"tintindex":0,"rotation":0,"texture":"#0"},"north":{"uv":[6.5645833,8.815625,6.6572857,8.890789],"tintindex":0,"rotation":0,"texture":"#0"},"west":{"uv":[6.5645833,8.815625,6.6572857,8.890789],"tintindex":0,"rotation":0,"texture":"#0"},"up":{"uv":[6.5645833,8.815625,6.6572857,8.890789],"tintindex":0,"rotation":0,"texture":"#0"},"down":{"uv":[6.5645833,8.815625,6.6572857,8.890789],"tintindex":0,"rotation":0,"texture":"#0"}}}],"display":{"gui":{"rotation":[30,225,0]}}}