{"textures":{"0":"modelengine:entity/wu2"},"elements":[{"from":[-10.370945,7.211851,-10.23027],"to":[-5.566042,8.788149,-5.2933426],"faces":{"east":{"uv":[9.48125,10.221875,9.58125,10.278125],"tintindex":0,"rotation":0,"texture":"#0"},"south":{"uv":[9.460417,10.846875,9.560416,10.903125],"tintindex":0,"rotation":0,"texture":"#0"},"north":{"uv":[9.48125,10.096875,9.58125,10.153125],"tintindex":0,"rotation":0,"texture":"#0"},"west":{"uv":[9.460417,11.846875,9.560416,11.903125],"tintindex":0,"rotation":0,"texture":"#0"},"up":{"uv":[9.122916,9.778125,9.022917,9.628125],"tintindex":0,"rotation":0,"texture":"#0"},"down":{"uv":[9.460417,11.846875,9.560416,11.903125],"tintindex":0,"rotation":0,"texture":"#0"}},"rotation":{"origin":[9.909546,12.000753,9.61614],"angle":45.0,"axis":"y"}}],"display":{"gui":{"rotation":[30,225,0]}}}