{"textures":{"0":"modelengine:entity/wu2"},"elements":[{"from":[3.1515207,4.8251076,3.9755678],"to":[8.12432,10.41951,6.4619675],"faces":{"east":{"uv":[6.5645833,8.815625,6.6572857,8.890789],"tintindex":0,"rotation":0,"texture":"#0"},"south":{"uv":[6.5645833,8.815625,6.6572857,8.890789],"tintindex":0,"rotation":0,"texture":"#0"},"north":{"uv":[6.5645833,8.815625,6.6572857,8.890789],"tintindex":0,"rotation":0,"texture":"#0"},"west":{"uv":[6.5645833,8.815625,6.6572857,8.890789],"tintindex":0,"rotation":0,"texture":"#0"},"up":{"uv":[6.5645833,8.815625,6.6572857,8.890789],"tintindex":0,"rotation":0,"texture":"#0"},"down":{"uv":[6.5645833,8.815625,6.6572857,8.890789],"tintindex":0,"rotation":0,"texture":"#0"}}},{"from":[3.2758408,4.9494286,4.597168],"to":[7.87568,10.668148,7.0835676],"faces":{"east":{"uv":[6.5645833,8.815625,6.6572857,8.890789],"tintindex":0,"rotation":0,"texture":"#0"},"south":{"uv":[6.5645833,8.815625,6.6572857,8.890789],"tintindex":0,"rotation":0,"texture":"#0"},"north":{"uv":[6.5645833,8.815625,6.6572857,8.890789],"tintindex":0,"rotation":0,"texture":"#0"},"west":{"uv":[6.5645833,8.815625,6.6572857,8.890789],"tintindex":0,"rotation":0,"texture":"#0"},"up":{"uv":[6.5645833,8.815625,6.6572857,8.890789],"tintindex":0,"rotation":0,"texture":"#0"},"down":{"uv":[6.5645833,8.815625,6.6572857,8.890789],"tintindex":0,"rotation":0,"texture":"#0"}}}],"display":{"gui":{"rotation":[30,225,0]}}}