{"textures":{"0":"modelengine:entity/wu2"},"elements":[{"from":[5.513029,6.857506,5.783827],"to":[6.7757835,9.14249,8.249207],"faces":{"east":{"uv":[6.5645833,8.815625,6.608429,8.868239],"tintindex":0,"rotation":0,"texture":"#0"},"south":{"uv":[6.5645833,8.815625,6.608429,8.868239],"tintindex":0,"rotation":0,"texture":"#0"},"north":{"uv":[6.5645833,8.815625,6.608429,8.868239],"tintindex":0,"rotation":0,"texture":"#0"},"west":{"uv":[6.5645833,8.815625,6.608429,8.868239],"tintindex":0,"rotation":0,"texture":"#0"},"up":{"uv":[6.5645833,8.815625,6.608429,8.868239],"tintindex":0,"rotation":0,"texture":"#0"},"down":{"uv":[6.5645833,8.815625,6.608429,8.868239],"tintindex":0,"rotation":0,"texture":"#0"}},"rotation":{"origin":[6.730686,8.676476,3.8521118],"angle":22.5,"axis":"y"}}],"display":{"gui":{"rotation":[30,225,0]}}}