{"textures":{"0":"modelengine:entity/wu2"},"elements":[{"from":[10.790529,19.2384,2.0772696],"to":[11.97157,21.7248,2.9475107],"faces":{"east":{"uv":[6.5645833,8.815625,6.608429,8.868239],"tintindex":0,"rotation":0,"texture":"#0"},"south":{"uv":[6.5645833,8.815625,6.608429,8.868239],"tintindex":0,"rotation":0,"texture":"#0"},"north":{"uv":[6.5645833,8.815625,6.608429,8.868239],"tintindex":0,"rotation":0,"texture":"#0"},"west":{"uv":[6.5645833,8.815625,6.608429,8.868239],"tintindex":0,"rotation":0,"texture":"#0"},"up":{"uv":[6.5645833,8.815625,6.608429,8.868239],"tintindex":0,"rotation":0,"texture":"#0"},"down":{"uv":[6.5645833,8.815625,6.608429,8.868239],"tintindex":0,"rotation":0,"texture":"#0"}},"rotation":{"origin":[10.254399,20.295116,5.1308804],"angle":-22.5,"axis":"y"}},{"from":[10.60405,19.30056,1.2691908],"to":[11.7850895,21.786957,2.13943],"faces":{"east":{"uv":[9.73125,10.909375,9.747916,10.965625],"tintindex":0,"rotation":0,"texture":"#0"},"south":{"uv":[7.29375,14.596875,7.3104167,14.653125],"tintindex":0,"rotation":0,"texture":"#0"},"north":{"uv":[7.272917,14.596875,7.289583,14.653125],"tintindex":0,"rotation":0,"texture":"#0"},"west":{"uv":[7.3145833,14.596875,7.33125,14.653125],"tintindex":0,"rotation":0,"texture":"#0"},"up":{"uv":[9.789583,8.871875,9.772917,8.846875],"tintindex":0,"rotation":0,"texture":"#0"},"down":{"uv":[5.9354167,14.659375,5.91875,14.684375],"tintindex":0,"rotation":0,"texture":"#0"}},"rotation":{"origin":[10.254399,20.295116,5.1308804],"angle":-22.5,"axis":"y"}}],"display":{"gui":{"rotation":[30,225,0]}}}