{"textures":{"0":"modelengine:entity/wu2"},"elements":[{"from":[7.16084,7.036518,6.912199],"to":[8.83916,9.025639,9.0878],"faces":{"east":{"uv":[6.5645833,8.815625,6.608429,8.868239],"tintindex":0,"rotation":0,"texture":"#0"},"south":{"uv":[6.5645833,8.815625,6.608429,8.868239],"tintindex":0,"rotation":0,"texture":"#0"},"north":{"uv":[6.5645833,8.815625,6.608429,8.868239],"tintindex":0,"rotation":0,"texture":"#0"},"west":{"uv":[6.5645833,8.815625,6.608429,8.868239],"tintindex":0,"rotation":0,"texture":"#0"},"up":{"uv":[6.5645833,8.815625,6.608429,8.868239],"tintindex":0,"rotation":0,"texture":"#0"},"down":{"uv":[6.5645833,8.815625,6.608429,8.868239],"tintindex":0,"rotation":0,"texture":"#0"}}},{"from":[7.16084,9.274281,6.912199],"to":[8.83916,11.201241,9.0878],"faces":{"east":{"uv":[6.5645833,8.815625,6.608429,8.868239],"tintindex":0,"rotation":0,"texture":"#0"},"south":{"uv":[6.5645833,8.815625,6.608429,8.868239],"tintindex":0,"rotation":0,"texture":"#0"},"north":{"uv":[6.5645833,8.815625,6.608429,8.868239],"tintindex":0,"rotation":0,"texture":"#0"},"west":{"uv":[6.5645833,8.815625,6.608429,8.868239],"tintindex":0,"rotation":0,"texture":"#0"},"up":{"uv":[6.5645833,8.815625,6.608429,8.868239],"tintindex":0,"rotation":0,"texture":"#0"},"down":{"uv":[6.5645833,8.815625,6.608429,8.868239],"tintindex":0,"rotation":0,"texture":"#0"}}},{"from":[7.16084,4.6744385,6.912199],"to":[8.83916,6.78788,9.0878],"faces":{"east":{"uv":[6.5645833,8.815625,6.608429,8.868239],"tintindex":0,"rotation":0,"texture":"#0"},"south":{"uv":[6.5645833,8.815625,6.608429,8.868239],"tintindex":0,"rotation":0,"texture":"#0"},"north":{"uv":[6.5645833,8.815625,6.608429,8.868239],"tintindex":0,"rotation":0,"texture":"#0"},"west":{"uv":[6.5645833,8.815625,6.608429,8.868239],"tintindex":0,"rotation":0,"texture":"#0"},"up":{"uv":[6.5645833,8.815625,6.608429,8.868239],"tintindex":0,"rotation":0,"texture":"#0"},"down":{"uv":[6.5645833,8.815625,6.608429,8.868239],"tintindex":0,"rotation":0,"texture":"#0"}}}],"display":{"gui":{"rotation":[30,225,0]}}}