{"textures":{"0":"modelengine:entity/wu2"},"elements":[{"from":[7.35359,7.2884445,6.158163],"to":[8.796739,8.731594,6.939869],"faces":{"east":{"uv":[5.66875,14.659375,5.6854167,14.684375],"tintindex":0,"rotation":0,"texture":"#0"},"south":{"uv":[9.772917,8.503125,9.789583,8.528125],"tintindex":0,"rotation":0,"texture":"#0"},"north":{"uv":[9.772917,8.471875,9.789583,8.496875],"tintindex":0,"rotation":0,"texture":"#0"},"west":{"uv":[5.6895833,14.659375,5.70625,14.684375],"tintindex":0,"rotation":0,"texture":"#0"},"up":{"uv":[9.789583,8.559375,9.772917,8.534375],"tintindex":0,"rotation":0,"texture":"#0"},"down":{"uv":[5.727083,14.659375,5.710417,14.684375],"tintindex":0,"rotation":0,"texture":"#0"}}},{"from":[7.35359,5.00346,6.158163],"to":[8.796739,6.6270027,6.939869],"faces":{"east":{"uv":[6.1895833,14.596875,6.20625,14.653125],"tintindex":0,"rotation":0,"texture":"#0"},"south":{"uv":[6.210417,14.596875,6.227083,14.653125],"tintindex":0,"rotation":0,"texture":"#0"},"north":{"uv":[6.16875,14.596875,6.1854167,14.653125],"tintindex":0,"rotation":0,"texture":"#0"},"west":{"uv":[6.23125,14.596875,6.2479167,14.653125],"tintindex":0,"rotation":0,"texture":"#0"},"up":{"uv":[9.789583,8.465625,9.772917,8.440625],"tintindex":0,"rotation":0,"texture":"#0"},"down":{"uv":[5.664583,14.659375,5.647917,14.684375],"tintindex":0,"rotation":0,"texture":"#0"}}},{"from":[7.35359,9.453171,6.158163],"to":[8.796739,10.896317,6.939869],"faces":{"east":{"uv":[5.585417,14.659375,5.602083,14.684375],"tintindex":0,"rotation":0,"texture":"#0"},"south":{"uv":[9.772917,8.378125,9.789583,8.403125],"tintindex":0,"rotation":0,"texture":"#0"},"north":{"uv":[9.772917,8.346875,9.789583,8.371875],"tintindex":0,"rotation":0,"texture":"#0"},"west":{"uv":[5.60625,14.659375,5.6229167,14.684375],"tintindex":0,"rotation":0,"texture":"#0"},"up":{"uv":[9.789583,8.434375,9.772917,8.409375],"tintindex":0,"rotation":0,"texture":"#0"},"down":{"uv":[5.64375,14.659375,5.6270833,14.684375],"tintindex":0,"rotation":0,"texture":"#0"}}},{"from":[7.173197,7.2884445,6.939869],"to":[8.6764765,8.731594,7.962099],"faces":{"east":{"uv":[6.5645833,8.815625,6.58588,8.8607235],"tintindex":0,"rotation":0,"texture":"#0"},"south":{"uv":[6.5645833,8.815625,6.58588,8.8607235],"tintindex":0,"rotation":0,"texture":"#0"},"north":{"uv":[6.5645833,8.815625,6.58588,8.8607235],"tintindex":0,"rotation":0,"texture":"#0"},"west":{"uv":[6.5645833,8.815625,6.58588,8.8607235],"tintindex":0,"rotation":0,"texture":"#0"},"up":{"uv":[6.5645833,8.815625,6.58588,8.8607235],"tintindex":0,"rotation":0,"texture":"#0"},"down":{"uv":[6.5645833,8.815625,6.58588,8.8607235],"tintindex":0,"rotation":0,"texture":"#0"}}},{"from":[7.173197,5.00346,6.939869],"to":[8.6764765,6.6270027,7.962099],"faces":{"east":{"uv":[6.5645833,8.815625,6.58588,8.866361],"tintindex":0,"rotation":0,"texture":"#0"},"south":{"uv":[6.5645833,8.815625,6.58588,8.866361],"tintindex":0,"rotation":0,"texture":"#0"},"north":{"uv":[6.5645833,8.815625,6.58588,8.866361],"tintindex":0,"rotation":0,"texture":"#0"},"west":{"uv":[6.5645833,8.815625,6.58588,8.866361],"tintindex":0,"rotation":0,"texture":"#0"},"up":{"uv":[6.5645833,8.815625,6.58588,8.866361],"tintindex":0,"rotation":0,"texture":"#0"},"down":{"uv":[6.5645833,8.815625,6.58588,8.866361],"tintindex":0,"rotation":0,"texture":"#0"}}},{"from":[7.173197,9.453171,6.939869],"to":[8.6764765,10.896317,7.962099],"faces":{"east":{"uv":[6.5645833,8.815625,6.58588,8.8607235],"tintindex":0,"rotation":0,"texture":"#0"},"south":{"uv":[6.5645833,8.815625,6.58588,8.8607235],"tintindex":0,"rotation":0,"texture":"#0"},"north":{"uv":[6.5645833,8.815625,6.58588,8.8607235],"tintindex":0,"rotation":0,"texture":"#0"},"west":{"uv":[6.5645833,8.815625,6.58588,8.8607235],"tintindex":0,"rotation":0,"texture":"#0"},"up":{"uv":[6.5645833,8.815625,6.58588,8.8607235],"tintindex":0,"rotation":0,"texture":"#0"},"down":{"uv":[6.5645833,8.815625,6.58588,8.8607235],"tintindex":0,"rotation":0,"texture":"#0"}}}],"display":{"gui":{"rotation":[30,225,0]}}}