{"textures":{"0":"modelengine:entity/wu2"},"elements":[{"from":[8.687525,1.2593498,9.449676],"to":[11.787524,2.8593483,11.049676],"faces":{"east":{"uv":[5.79375,14.503125,5.83125,14.559375],"tintindex":0,"rotation":0,"texture":"#0"},"south":{"uv":[9.585417,10.503125,9.64375,10.559375],"tintindex":0,"rotation":0,"texture":"#0"},"north":{"uv":[9.585417,10.440625,9.64375,10.496875],"tintindex":0,"rotation":0,"texture":"#0"},"west":{"uv":[9.66875,8.721875,9.70625,8.778125],"tintindex":0,"rotation":0,"texture":"#0"},"up":{"uv":[7.102083,14.434375,7.04375,14.378125],"tintindex":0,"rotation":0,"texture":"#0"},"down":{"uv":[9.64375,10.565625,9.585417,10.621875],"tintindex":0,"rotation":0,"texture":"#0"}},"rotation":{"origin":[10.187525,2.059349,10.249676],"angle":22.5,"axis":"z"}},{"from":[11.359585,3.0579605,5.888158],"to":[12.759584,4.657963,10.888159],"faces":{"east":{"uv":[9.502084,9.440625,9.602083,9.496875],"tintindex":0,"rotation":0,"texture":"#0"},"south":{"uv":[5.710417,14.596875,5.727083,14.653125],"tintindex":0,"rotation":0,"texture":"#0"},"north":{"uv":[5.6895833,14.596875,5.70625,14.653125],"tintindex":0,"rotation":0,"texture":"#0"},"west":{"uv":[9.502084,12.846875,9.602083,12.903125],"tintindex":0,"rotation":0,"texture":"#0"},"up":{"uv":[6.20625,14.559375,6.1895833,14.409375],"tintindex":0,"rotation":0,"texture":"#0"},"down":{"uv":[6.664583,14.409375,6.647917,14.559375],"tintindex":0,"rotation":0,"texture":"#0"}},"rotation":{"origin":[4.159584,3.6283493,7.833831],"angle":22.5,"axis":"x"}},{"from":[4.7078514,3.2399673,6.291979],"to":[6.107851,6.339966,7.891979],"faces":{"east":{"uv":[6.98125,14.378125,7.01875,14.465625],"tintindex":0,"rotation":0,"texture":"#0"},"south":{"uv":[9.647917,14.534375,9.664583,14.621875],"tintindex":0,"rotation":0,"texture":"#0"},"north":{"uv":[9.627084,14.534375,9.64375,14.621875],"tintindex":0,"rotation":0,"texture":"#0"},"west":{"uv":[7.10625,14.378125,7.14375,14.465625],"tintindex":0,"rotation":0,"texture":"#0"},"up":{"uv":[5.6854167,14.653125,5.66875,14.596875],"tintindex":0,"rotation":0,"texture":"#0"},"down":{"uv":[9.747916,8.503125,9.73125,8.559375],"tintindex":0,"rotation":0,"texture":"#0"}},"rotation":{"origin":[5.407852,4.7899666,7.091979],"angle":45.0,"axis":"x"}},{"from":[11.359585,4.304493,7.291979],"to":[12.759584,7.4044952,8.891979],"faces":{"east":{"uv":[7.147917,14.378125,7.1854167,14.465625],"tintindex":0,"rotation":0,"texture":"#0"},"south":{"uv":[9.689584,14.534375,9.70625,14.621875],"tintindex":0,"rotation":0,"texture":"#0"},"north":{"uv":[9.66875,14.534375,9.685416,14.621875],"tintindex":0,"rotation":0,"texture":"#0"},"west":{"uv":[9.585417,10.721875,9.622916,10.809375],"tintindex":0,"rotation":0,"texture":"#0"},"up":{"uv":[5.7479167,14.653125,5.73125,14.596875],"tintindex":0,"rotation":0,"texture":"#0"},"down":{"uv":[9.747916,8.596875,9.73125,8.653125],"tintindex":0,"rotation":0,"texture":"#0"}},"rotation":{"origin":[4.159584,5.854492,8.091979],"angle":45.0,"axis":"x"}},{"from":[11.359585,1.8107452,9.449676],"to":[12.759584,3.4107475,11.049676],"faces":{"east":{"uv":[5.835417,14.503125,5.8729167,14.559375],"tintindex":0,"rotation":0,"texture":"#0"},"south":{"uv":[5.60625,14.596875,5.6229167,14.653125],"tintindex":0,"rotation":0,"texture":"#0"},"north":{"uv":[5.585417,14.596875,5.602083,14.653125],"tintindex":0,"rotation":0,"texture":"#0"},"west":{"uv":[5.664583,14.596875,5.647917,14.653125],"tintindex":0,"rotation":0,"texture":"#0"},"up":{"uv":[5.64375,14.653125,5.6270833,14.596875],"tintindex":0,"rotation":0,"texture":"#0"},"down":{"uv":[5.664583,14.596875,5.647917,14.653125],"tintindex":0,"rotation":0,"texture":"#0"}}},{"from":[5.2078514,-1.9537811,4.849676],"to":[11.607852,7.646221,10.649675],"faces":{"east":{"uv":[6.5645833,8.753125,6.6979165,9.053125],"tintindex":0,"rotation":180,"texture":"#0"},"south":{"uv":[6.5645833,8.753125,6.6979165,9.053125],"tintindex":0,"rotation":180,"texture":"#0"},"north":{"uv":[6.5645833,8.753125,6.6979165,9.053125],"tintindex":0,"rotation":180,"texture":"#0"},"west":{"uv":[6.5645833,8.753125,6.6979165,9.053125],"tintindex":0,"rotation":180,"texture":"#0"},"up":{"uv":[6.5645833,8.753125,6.6979165,9.053125],"tintindex":0,"rotation":180,"texture":"#0"},"down":{"uv":[6.5645833,8.753125,6.6979165,9.053125],"tintindex":0,"rotation":180,"texture":"#0"}}},{"from":[4.7078514,1.9934349,4.888158],"to":[6.107851,3.5934334,9.888158],"faces":{"east":{"uv":[9.502084,8.565625,9.602083,8.621875],"tintindex":0,"rotation":0,"texture":"#0"},"south":{"uv":[9.73125,8.253125,9.747916,8.309375],"tintindex":0,"rotation":0,"texture":"#0"},"north":{"uv":[9.73125,8.190625,9.747916,8.246875],"tintindex":0,"rotation":0,"texture":"#0"},"west":{"uv":[9.502084,9.378125,9.602083,9.434375],"tintindex":0,"rotation":0,"texture":"#0"},"up":{"uv":[6.164583,14.559375,6.147917,14.409375],"tintindex":0,"rotation":0,"texture":"#0"},"down":{"uv":[6.1854167,14.409375,6.16875,14.559375],"tintindex":0,"rotation":0,"texture":"#0"}},"rotation":{"origin":[5.407852,2.5638237,6.83383],"angle":22.5,"axis":"x"}},{"from":[4.7078514,-1.2537804,9.449676],"to":[6.107851,2.346218,11.049676],"faces":{"east":{"uv":[5.3770833,14.315625,5.414583,14.434375],"tintindex":0,"rotation":0,"texture":"#0"},"south":{"uv":[6.397917,14.471875,6.414583,14.590625],"tintindex":0,"rotation":0,"texture":"#0"},"north":{"uv":[6.29375,14.471875,6.3104167,14.590625],"tintindex":0,"rotation":0,"texture":"#0"},"west":{"uv":[5.41875,14.315625,5.45625,14.434375],"tintindex":0,"rotation":0,"texture":"#0"},"up":{"uv":[9.747916,8.371875,9.73125,8.315625],"tintindex":0,"rotation":0,"texture":"#0"},"down":{"uv":[5.58125,14.596875,5.5645833,14.653125],"tintindex":0,"rotation":0,"texture":"#0"}}},{"from":[4.7078514,-1.2537804,4.4496756],"to":[6.107851,0.3462181,9.449676],"faces":{"east":{"uv":[9.502084,8.315625,9.602083,8.371875],"tintindex":0,"rotation":0,"texture":"#0"},"south":{"uv":[9.73125,8.128125,9.747916,8.184375],"tintindex":0,"rotation":0,"texture":"#0"},"north":{"uv":[9.73125,8.065625,9.747916,8.121875],"tintindex":0,"rotation":0,"texture":"#0"},"west":{"uv":[9.502084,8.378125,9.602083,8.434375],"tintindex":0,"rotation":0,"texture":"#0"},"up":{"uv":[5.58125,14.559375,5.5645833,14.409375],"tintindex":0,"rotation":0,"texture":"#0"},"down":{"uv":[6.14375,14.409375,6.1270833,14.559375],"tintindex":0,"rotation":0,"texture":"#0"}}},{"from":[6.107851,0.74621964,9.449676],"to":[9.107852,2.346218,11.049676],"faces":{"east":{"uv":[5.7520833,14.503125,5.789583,14.559375],"tintindex":0,"rotation":0,"texture":"#0"},"south":{"uv":[6.85625,14.378125,6.914583,14.434375],"tintindex":0,"rotation":0,"texture":"#0"},"north":{"uv":[9.585417,10.096875,9.64375,10.153125],"tintindex":0,"rotation":0,"texture":"#0"},"west":{"uv":[9.66875,8.659375,9.70625,8.715625],"tintindex":0,"rotation":0,"texture":"#0"},"up":{"uv":[9.64375,10.371875,9.585417,10.315625],"tintindex":0,"rotation":0,"texture":"#0"},"down":{"uv":[9.64375,10.378125,9.585417,10.434375],"tintindex":0,"rotation":0,"texture":"#0"}}}],"display":{"gui":{"rotation":[30,225,0]}}}