{"textures":{"0":"modelengine:entity/wu2"},"elements":[{"from":[7.956442,6.917637,5.511983],"to":[8.918541,8.962097,6.35382],"faces":{"east":{"uv":[6.41875,14.596875,6.4354167,14.653125],"tintindex":0,"rotation":0,"texture":"#0"},"south":{"uv":[6.4395833,14.596875,6.45625,14.653125],"tintindex":0,"rotation":0,"texture":"#0"},"north":{"uv":[6.397917,14.596875,6.414583,14.653125],"tintindex":0,"rotation":0,"texture":"#0"},"west":{"uv":[9.73125,9.659375,9.747916,9.715625],"tintindex":0,"rotation":0,"texture":"#0"},"up":{"uv":[9.789583,8.621875,9.772917,8.596875],"tintindex":0,"rotation":0,"texture":"#0"},"down":{"uv":[5.76875,14.659375,5.7520833,14.684375],"tintindex":0,"rotation":0,"texture":"#0"}},"rotation":{"origin":[9.354492,8.556213,8.150239],"angle":22.5,"axis":"y"}},{"from":[7.8361797,7.218292,6.293689],"to":[8.136835,8.901966,7.1355257],"faces":{"east":{"uv":[6.5645833,8.815625,6.608429,8.868239],"tintindex":0,"rotation":0,"texture":"#0"},"south":{"uv":[6.5645833,8.815625,6.608429,8.868239],"tintindex":0,"rotation":0,"texture":"#0"},"north":{"uv":[6.5645833,8.815625,6.608429,8.868239],"tintindex":0,"rotation":0,"texture":"#0"},"west":{"uv":[6.5645833,8.815625,6.608429,8.868239],"tintindex":0,"rotation":0,"texture":"#0"},"up":{"uv":[6.5645833,8.815625,6.608429,8.868239],"tintindex":0,"rotation":0,"texture":"#0"},"down":{"uv":[6.5645833,8.815625,6.608429,8.868239],"tintindex":0,"rotation":0,"texture":"#0"}},"rotation":{"origin":[9.354492,8.556213,8.150239],"angle":22.5,"axis":"y"}}],"display":{"gui":{"rotation":[30,225,0]}}}