{"textures":{"0":"modelengine:entity/wu2"},"elements":[{"from":[-7.194627,3.4096518,9.146038],"to":[-6.3064594,4.497856,10.11422],"faces":{"east":{"uv":[7.73125,14.409375,7.76875,14.465625],"tintindex":0,"rotation":0,"texture":"#0"},"south":{"uv":[7.73125,14.409375,7.76875,14.465625],"tintindex":0,"rotation":0,"texture":"#0"},"north":{"uv":[7.73125,14.409375,7.76875,14.465625],"tintindex":0,"rotation":0,"texture":"#0"},"west":{"uv":[7.73125,14.409375,7.76875,14.465625],"tintindex":0,"rotation":0,"texture":"#0"},"up":{"uv":[7.73125,14.409375,7.76875,14.465625],"tintindex":0,"rotation":0,"texture":"#0"},"down":{"uv":[7.73125,14.409375,7.76875,14.465625],"tintindex":0,"rotation":0,"texture":"#0"}},"rotation":{"origin":[-11.751484,5.95413,9.630129],"angle":22.5,"axis":"z"}},{"from":[-10.035885,6.9682484,10.377434],"to":[-9.435772,7.456341,11.077566],"faces":{"east":{"uv":[6.85625,13.190625,6.89375,13.215625],"tintindex":0,"rotation":0,"texture":"#0"},"south":{"uv":[6.85625,13.190625,6.89375,13.215625],"tintindex":0,"rotation":0,"texture":"#0"},"north":{"uv":[6.85625,13.190625,6.89375,13.215625],"tintindex":0,"rotation":0,"texture":"#0"},"west":{"uv":[6.85625,13.190625,6.89375,13.215625],"tintindex":0,"rotation":0,"texture":"#0"},"up":{"uv":[6.85625,13.190625,6.89375,13.215625],"tintindex":0,"rotation":0,"texture":"#0"},"down":{"uv":[6.85625,13.190625,6.89375,13.215625],"tintindex":0,"rotation":0,"texture":"#0"}},"rotation":{"origin":[-9.334753,8.112465,10.711496],"angle":22.5,"axis":"x"}},{"from":[-9.674116,4.2974024,8.219088],"to":[-7.2716646,6.5858326,10.6875515],"faces":{"east":{"uv":[9.064584,8.096875,9.164583,8.246875],"tintindex":0,"rotation":0,"texture":"#0"},"south":{"uv":[9.16875,8.315625,9.26875,8.434375],"tintindex":0,"rotation":0,"texture":"#0"},"north":{"uv":[9.04375,13.471875,9.14375,13.621875],"tintindex":0,"rotation":0,"texture":"#0"},"west":{"uv":[9.16875,8.315625,9.26875,8.434375],"tintindex":0,"rotation":0,"texture":"#0"},"up":{"uv":[6.5604167,13.746875,6.460417,13.596875],"tintindex":0,"rotation":0,"texture":"#0"},"down":{"uv":[7.2479167,13.596875,7.147917,13.746875],"tintindex":0,"rotation":0,"texture":"#0"}},"rotation":{"origin":[-7.672741,5.6916637,10.003423],"angle":45.0,"axis":"y"}},{"from":[-8.494154,4.6974773,10.750699],"to":[-7.7920227,5.385607,12.3189945],"faces":{"east":{"uv":[7.9395833,14.503125,7.95625,14.528125],"tintindex":0,"rotation":0,"texture":"#0"},"south":{"uv":[7.9395833,14.503125,7.95625,14.528125],"tintindex":0,"rotation":0,"texture":"#0"},"north":{"uv":[7.9395833,14.503125,7.95625,14.528125],"tintindex":0,"rotation":0,"texture":"#0"},"west":{"uv":[7.9395833,14.503125,7.95625,14.528125],"tintindex":0,"rotation":0,"texture":"#0"},"up":{"uv":[7.9395833,14.503125,7.95625,14.528125],"tintindex":0,"rotation":0,"texture":"#0"},"down":{"uv":[7.9395833,14.503125,7.95625,14.528125],"tintindex":0,"rotation":0,"texture":"#0"}},"rotation":{"origin":[-9.343315,5.041542,11.134771],"angle":22.5,"axis":"y"}},{"from":[-7.835472,7.4953213,10.281483],"to":[-7.435396,7.9834137,10.781576],"faces":{"east":{"uv":[6.85625,13.190625,6.89375,13.215625],"tintindex":0,"rotation":0,"texture":"#0"},"south":{"uv":[6.85625,13.190625,6.89375,13.215625],"tintindex":0,"rotation":0,"texture":"#0"},"north":{"uv":[6.85625,13.190625,6.89375,13.215625],"tintindex":0,"rotation":0,"texture":"#0"},"west":{"uv":[6.85625,13.190625,6.89375,13.215625],"tintindex":0,"rotation":0,"texture":"#0"},"up":{"uv":[6.85625,13.190625,6.89375,13.215625],"tintindex":0,"rotation":0,"texture":"#0"},"down":{"uv":[6.85625,13.190625,6.89375,13.215625],"tintindex":0,"rotation":0,"texture":"#0"}},"rotation":{"origin":[-9.334753,7.639349,10.515526],"angle":22.5,"axis":"x"}},{"from":[-9.774136,5.897703,8.119068],"to":[-7.2716646,6.5858326,10.78757],"faces":{"east":{"uv":[7.710417,8.659375,7.8104167,8.684375],"tintindex":0,"rotation":0,"texture":"#0"},"south":{"uv":[7.710417,8.659375,7.8104167,8.684375],"tintindex":0,"rotation":0,"texture":"#0"},"north":{"uv":[7.710417,8.659375,7.8104167,8.684375],"tintindex":0,"rotation":0,"texture":"#0"},"west":{"uv":[7.710417,8.659375,7.8104167,8.684375],"tintindex":0,"rotation":0,"texture":"#0"},"up":{"uv":[8.26875,13.653125,8.16875,13.503125],"tintindex":0,"rotation":0,"texture":"#0"},"down":{"uv":[7.710417,8.659375,7.8104167,8.684375],"tintindex":0,"rotation":0,"texture":"#0"}},"rotation":{"origin":[-7.672741,5.6916637,10.003423],"angle":45.0,"axis":"y"}},{"from":[-7.9354906,6.9682484,10.377434],"to":[-7.3353777,7.456341,11.077566],"faces":{"east":{"uv":[6.85625,13.190625,6.89375,13.215625],"tintindex":0,"rotation":0,"texture":"#0"},"south":{"uv":[6.85625,13.190625,6.89375,13.215625],"tintindex":0,"rotation":0,"texture":"#0"},"north":{"uv":[6.85625,13.190625,6.89375,13.215625],"tintindex":0,"rotation":0,"texture":"#0"},"west":{"uv":[6.85625,13.190625,6.89375,13.215625],"tintindex":0,"rotation":0,"texture":"#0"},"up":{"uv":[6.85625,13.190625,6.89375,13.215625],"tintindex":0,"rotation":0,"texture":"#0"},"down":{"uv":[6.85625,13.190625,6.89375,13.215625],"tintindex":0,"rotation":0,"texture":"#0"}},"rotation":{"origin":[-9.334753,8.112465,10.711496],"angle":22.5,"axis":"x"}},{"from":[-9.935867,7.4953213,10.281483],"to":[-9.535791,7.9834137,10.781576],"faces":{"east":{"uv":[6.85625,13.190625,6.89375,13.215625],"tintindex":0,"rotation":0,"texture":"#0"},"south":{"uv":[6.85625,13.190625,6.89375,13.215625],"tintindex":0,"rotation":0,"texture":"#0"},"north":{"uv":[6.85625,13.190625,6.89375,13.215625],"tintindex":0,"rotation":0,"texture":"#0"},"west":{"uv":[6.85625,13.190625,6.89375,13.215625],"tintindex":0,"rotation":0,"texture":"#0"},"up":{"uv":[6.85625,13.190625,6.89375,13.215625],"tintindex":0,"rotation":0,"texture":"#0"},"down":{"uv":[6.85625,13.190625,6.89375,13.215625],"tintindex":0,"rotation":0,"texture":"#0"}},"rotation":{"origin":[-9.334753,7.639349,10.515526],"angle":22.5,"axis":"x"}},{"from":[-10.135904,6.5858326,10.64632],"to":[-9.335754,7.073925,9.714145],"faces":{"east":{"uv":[6.85625,13.190625,6.89375,13.215625],"tintindex":0,"rotation":0,"texture":"#0"},"south":{"uv":[6.85625,13.190625,6.89375,13.215625],"tintindex":0,"rotation":0,"texture":"#0"},"north":{"uv":[6.85625,13.190625,6.89375,13.215625],"tintindex":0,"rotation":0,"texture":"#0"},"west":{"uv":[6.85625,13.190625,6.89375,13.215625],"tintindex":0,"rotation":0,"texture":"#0"},"up":{"uv":[6.85625,13.190625,6.89375,13.215625],"tintindex":0,"rotation":0,"texture":"#0"},"down":{"uv":[6.85625,13.190625,6.89375,13.215625],"tintindex":0,"rotation":0,"texture":"#0"}},"rotation":{"origin":[-9.735828,6.829878,10.180233],"angle":22.5,"axis":"x"}},{"from":[-10.928947,4.797496,8.946],"to":[-9.640705,6.085739,10.11422],"faces":{"east":{"uv":[9.502084,14.409375,9.539583,14.465625],"tintindex":0,"rotation":0,"texture":"#0"},"south":{"uv":[9.502084,14.409375,9.539583,14.465625],"tintindex":0,"rotation":0,"texture":"#0"},"north":{"uv":[9.502084,14.409375,9.539583,14.465625],"tintindex":0,"rotation":0,"texture":"#0"},"west":{"uv":[9.502084,14.409375,9.539583,14.465625],"tintindex":0,"rotation":0,"texture":"#0"},"up":{"uv":[9.502084,14.409375,9.539583,14.465625],"tintindex":0,"rotation":0,"texture":"#0"},"down":{"uv":[9.502084,14.409375,9.539583,14.465625],"tintindex":0,"rotation":0,"texture":"#0"}},"rotation":{"origin":[-10.327833,5.441618,9.680139],"angle":-45.0,"axis":"z"}},{"from":[-9.1078,4.397421,10.335596],"to":[-8.10561,5.385607,11.903891],"faces":{"east":{"uv":[9.585417,8.503125,9.64375,8.559375],"tintindex":0,"rotation":0,"texture":"#0"},"south":{"uv":[5.7520833,14.440625,5.789583,14.496875],"tintindex":0,"rotation":0,"texture":"#0"},"north":{"uv":[9.627084,11.096875,9.664583,11.153125],"tintindex":0,"rotation":0,"texture":"#0"},"west":{"uv":[5.710417,14.378125,5.76875,14.434375],"tintindex":0,"rotation":0,"texture":"#0"},"up":{"uv":[6.1229167,14.434375,6.085417,14.346875],"tintindex":0,"rotation":0,"texture":"#0"},"down":{"uv":[7.3104167,14.346875,7.272917,14.434375],"tintindex":0,