{"textures":{"0":"modelengine:entity/wu2"},"elements":[{"from":[12.61648,20.35728,2.3336792],"to":[14.04616,22.09776,3.1417599],"faces":{"east":{"uv":[6.98125,14.596875,6.9979167,14.653125],"tintindex":0,"rotation":0,"texture":"#0"},"south":{"uv":[9.73125,10.503125,9.747916,10.559375],"tintindex":0,"rotation":0,"texture":"#0"},"north":{"uv":[9.73125,10.440625,9.747916,10.496875],"tintindex":0,"rotation":0,"texture":"#0"},"west":{"uv":[7.022917,14.596875,7.039583,14.653125],"tintindex":0,"rotation":0,"texture":"#0"},"up":{"uv":[9.789583,8.746875,9.772917,8.721875],"tintindex":0,"rotation":0,"texture":"#0"},"down":{"uv":[5.852083,14.659375,5.835417,14.684375],"tintindex":0,"rotation":0,"texture":"#0"}}},{"from":[12.61648,22.59504,2.3336792],"to":[14.04616,24.273361,3.1417599],"faces":{"east":{"uv":[6.8770833,14.596875,6.89375,14.653125],"tintindex":0,"rotation":0,"texture":"#0"},"south":{"uv":[9.73125,10.315625,9.747916,10.371875],"tintindex":0,"rotation":0,"texture":"#0"},"north":{"uv":[6.85625,14.596875,6.8729167,14.653125],"tintindex":0,"rotation":0,"texture":"#0"},"west":{"uv":[6.897917,14.596875,6.914583,14.653125],"tintindex":0,"rotation":0,"texture":"#0"},"up":{"uv":[9.789583,8.684375,9.772917,8.659375],"tintindex":0,"rotation":0,"texture":"#0"},"down":{"uv":[5.8104167,14.659375,5.79375,14.684375],"tintindex":0,"rotation":0,"texture":"#0"}}},{"from":[12.43,17.995201,3.1417599],"to":[13.921841,19.86,4.1984787],"faces":{"east":{"uv":[6.5645833,8.815625,6.608429,8.868239],"tintindex":0,"rotation":0,"texture":"#0"},"south":{"uv":[6.5645833,8.815625,6.608429,8.868239],"tintindex":0,"rotation":0,"texture":"#0"},"north":{"uv":[6.5645833,8.815625,6.608429,8.868239],"tintindex":0,"rotation":0,"texture":"#0"},"west":{"uv":[6.5645833,8.815625,6.608429,8.868239],"tintindex":0,"rotation":0,"texture":"#0"},"up":{"uv":[6.5645833,8.815625,6.608429,8.868239],"tintindex":0,"rotation":0,"texture":"#0"},"down":{"uv":[6.5645833,8.815625,6.608429,8.868239],"tintindex":0,"rotation":0,"texture":"#0"}}},{"from":[12.43,22.59504,3.1417599],"to":[13.921841,24.273361,4.1984787],"faces":{"east":{"uv":[6.5645833,8.815625,6.608429,8.868239],"tintindex":0,"rotation":0,"texture":"#0"},"south":{"uv":[6.5645833,8.815625,6.608429,8.868239],"tintindex":0,"rotation":0,"texture":"#0"},"north":{"uv":[6.5645833,8.815625,6.608429,8.868239],"tintindex":0,"rotation":0,"texture":"#0"},"west":{"uv":[6.5645833,8.815625,6.608429,8.868239],"tintindex":0,"rotation":0,"texture":"#0"},"up":{"uv":[6.5645833,8.815625,6.608429,8.868239],"tintindex":0,"rotation":0,"texture":"#0"},"down":{"uv":[6.5645833,8.815625,6.608429,8.868239],"tintindex":0,"rotation":0,"texture":"#0"}}},{"from":[12.61648,17.995201,2.3336792],"to":[14.04616,19.86,3.1417599],"faces":{"east":{"uv":[7.1270833,14.596875,7.14375,14.653125],"tintindex":0,"rotation":0,"texture":"#0"},"south":{"uv":[7.147917,14.596875,7.164583,14.653125],"tintindex":0,"rotation":0,"texture":"#0"},"north":{"uv":[7.10625,14.596875,7.1229167,14.653125],"tintindex":0,"rotation":0,"texture":"#0"},"west":{"uv":[7.16875,14.596875,7.1854167,14.653125],"tintindex":0,"rotation":0,"texture":"#0"},"up":{"uv":[9.789583,8.809375,9.772917,8.784375],"tintindex":0,"rotation":0,"texture":"#0"},"down":{"uv":[5.89375,14.659375,5.8770833,14.684375],"tintindex":0,"rotation":0,"texture":"#0"}}},{"from":[12.43,20.35728,3.1417599],"to":[13.921841,22.09776,4.1984787],"faces":{"east":{"uv":[6.5645833,8.815625,6.608429,8.868239],"tintindex":0,"rotation":0,"texture":"#0"},"south":{"uv":[6.5645833,8.815625,6.608429,8.868239],"tintindex":0,"rotation":0,"texture":"#0"},"north":{"uv":[6.5645833,8.815625,6.608429,8.868239],"tintindex":0,"rotation":0,"texture":"#0"},"west":{"uv":[6.5645833,8.815625,6.608429,8.868239],"tintindex":0,"rotation":0,"texture":"#0"},"up":{"uv":[6.5645833,8.815625,6.608429,8.868239],"tintindex":0,"rotation":0,"texture":"#0"},"down":{"uv":[6.5645833,8.815625,6.608429,8.868239],"tintindex":0,"rotation":0,"texture":"#0"}}}],"display":{"gui":{"rotation":[30,225,0]}}}