{"textures":{"0":"modelengine:entity/wu2"},"elements":[{"from":[13.512438,-10.164885,11.561923],"to":[14.720438,1.275116,13.325923],"faces":{"east":{"uv":[9.127084,9.409375,9.164583,9.746875],"tintindex":0,"rotation":0,"texture":"#0"},"south":{"uv":[9.127084,9.409375,9.164583,9.746875],"tintindex":0,"rotation":0,"texture":"#0"},"north":{"uv":[9.127084,9.409375,9.164583,9.746875],"tintindex":0,"rotation":0,"texture":"#0"},"west":{"uv":[9.127084,9.409375,9.164583,9.746875],"tintindex":0,"rotation":0,"texture":"#0"},"up":{"uv":[9.127084,9.409375,9.164583,9.746875],"tintindex":0,"rotation":0,"texture":"#0"},"down":{"uv":[9.127084,9.409375,9.164583,9.746875],"tintindex":0,"rotation":0,"texture":"#0"}},"rotation":{"origin":[13.649438,-7.5448837,7.9709225],"angle":22.5,"axis":"z"}},{"from":[13.512438,-3.6388855,4.379923],"to":[15.980438,-2.3788834,11.561923],"faces":{"east":{"uv":[5.335417,10.846875,5.477083,10.871875],"tintindex":0,"rotation":0,"texture":"#0"},"south":{"uv":[5.335417,10.846875,5.477083,10.871875],"tintindex":0,"rotation":0,"texture":"#0"},"north":{"uv":[5.335417,10.846875,5.477083,10.871875],"tintindex":0,"rotation":0,"texture":"#0"},"west":{"uv":[5.335417,10.846875,5.477083,10.871875],"tintindex":0,"rotation":0,"texture":"#0"},"up":{"uv":[5.335417,10.846875,5.477083,10.871875],"tintindex":0,"rotation":0,"texture":"#0"},"down":{"uv":[5.335417,10.846875,5.39375,10.871875],"tintindex":0,"rotation":0,"texture":"#0"}},"rotation":{"origin":[13.649438,-1.2448845,-0.9750776],"angle":22.5,"axis":"z"}},{"from":[13.512438,-3.764885,11.561923],"to":[15.980438,7.575115,13.325923],"faces":{"east":{"uv":[9.127084,9.409375,9.164583,9.746875],"tintindex":0,"rotation":0,"texture":"#0"},"south":{"uv":[9.127084,9.409375,9.164583,9.746875],"tintindex":0,"rotation":0,"texture":"#0"},"north":{"uv":[9.127084,9.409375,9.164583,9.746875],"tintindex":0,"rotation":0,"texture":"#0"},"west":{"uv":[9.127084,9.409375,9.164583,9.746875],"tintindex":0,"rotation":0,"texture":"#0"},"up":{"uv":[9.127084,9.409375,9.164583,9.746875],"tintindex":0,"rotation":0,"texture":"#0"},"down":{"uv":[9.127084,9.409375,9.164583,9.746875],"tintindex":0,"rotation":0,"texture":"#0"}},"rotation":{"origin":[13.649438,-1.2448845,7.9709225],"angle":22.5,"axis":"z"}},{"from":[13.512438,-3.764885,2.615923],"to":[15.980438,7.575115,4.379923],"faces":{"east":{"uv":[7.397917,13.690625,7.4354167,14.028125],"tintindex":0,"rotation":0,"texture":"#0"},"south":{"uv":[7.397917,13.690625,7.4354167,14.028125],"tintindex":0,"rotation":0,"texture":"#0"},"north":{"uv":[7.397917,13.690625,7.4354167,14.028125],"tintindex":0,"rotation":0,"texture":"#0"},"west":{"uv":[7.397917,13.690625,7.4354167,14.028125],"tintindex":0,"rotation":0,"texture":"#0"},"up":{"uv":[7.397917,13.690625,7.4354167,14.028125],"tintindex":0,"rotation":0,"texture":"#0"},"down":{"uv":[7.397917,13.690625,7.4354167,14.028125],"tintindex":0,"rotation":0,"texture":"#0"}},"rotation":{"origin":[13.649438,-1.2448845,-0.9750776],"angle":22.5,"axis":"z"}},{"from":[13.512438,-10.164885,2.615923],"to":[14.720438,1.275116,4.379923],"faces":{"east":{"uv":[7.397917,13.690625,7.4354167,14.028125],"tintindex":0,"rotation":0,"texture":"#0"},"south":{"uv":[7.397917,13.690625,7.4354167,14.028125],"tintindex":0,"rotation":0,"texture":"#0"},"north":{"uv":[7.397917,13.690625,7.4354167,14.028125],"tintindex":0,"rotation":0,"texture":"#0"},"west":{"uv":[7.397917,13.690625,7.4354167,14.028125],"tintindex":0,"rotation":0,"texture":"#0"},"up":{"uv":[7.397917,13.690625,7.4354167,14.028125],"tintindex":0,"rotation":0,"texture":"#0"},"down":{"uv":[7.397917,13.690625,7.4354167,14.028125],"tintindex":0,"rotation":0,"texture":"#0"}},"rotation":{"origin":[13.649438,-7.5448837,-0.9750776],"angle":22.5,"axis":"z"}},{"from":[13.712438,-9.764885,2.7419233],"to":[14.216438,1.275116,13.199923],"faces":{"east":{"uv":[5.7708335,8.315625,5.9887085,8.67],"tintindex":0,"rotation":0,"texture":"#0"},"south":{"uv":[5.7708335,8.315625,5.9887085,8.67],"tintindex":0,"rotation":0,"texture":"#0"},"north":{"uv":[5.7708335,8.315625,5.9887085,8.67],"tintindex":0,"rotation":0,"texture":"#0"},"west":{"uv":[5.7708335,8.315625,5.9887085,8.67],"tintindex":0,"rotation":0,"texture":"#0"},"up":{"uv":[5.7708335,8.315625,5.9887085,8.67],"tintindex":0,"rotation":0,"texture":"#0"},"down":{"uv":[5.7708335,8.315625,5.9887085,8.67],"tintindex":0,"rotation":0,"texture":"#0"}},"rotation":{"origin":[13.649438,-7.5448837,7.9709225],"angle":22.5,"axis":"z"}},{"from":[13.712438,-3.264885,2.7419233],"to":[15.476438,7.575115,13.199923],"faces":{"east":{"uv":[5.7708335,8.315625,5.9887085,8.67],"tintindex":0,"rotation":0,"texture":"#0"},"south":{"uv":[5.7708335,8.315625,5.9887085,8.67],"tintindex":0,"rotation":0,"texture":"#0"},"north":{"uv":[5.7708335,8.315625,5.9887085,8.67],"tintindex":0,"rotation":0,"texture":"#0"},"west":{"uv":[5.7708335,8.315625,5.9887085,8.67],"tintindex":0,"rotation":0,"texture":"#0"},"up":{"uv":[5.7708335,8.315625,5.9887085,8.67],"tintindex":0,"rotation":0,"texture":"#0"},"down":{"uv":[5.7708335,8.315625,5.9887085,8.67],"tintindex":0,"rotation":0,"texture":"#0"}},"rotation":{"origin":[13.649438,-1.2448845,7.9709225],"angle":22.5,"axis":"z"}},{"from":[4.4020987,-15.077105,3.8759232],"to":[11.962098,8.358894,12.317923],"faces":{"east":{"uv":[5.772917,10.721875,5.9354167,11.434375],"tintindex":0,"rotation":0,"texture":"#0"},"south":{"uv":[5.772917,10.721875,5.9354167,11.434375],"tintindex":0,"rotation":0,"texture":"#0"},"north":{"uv":[5.772917,10.721875,5.9354167,11.434375],"tintindex":0,"rotation":0,"texture":"#0"},"west":{"uv":[5.772917,10.721875,5.9354167,11.434375],"tintindex":0,"rotation":0,"texture":"#0"},"up":{"uv":[5.772917,10.721875,5.9354167,11.434375],"tintindex":0,"rotation":0,"texture":"#0"},"down":{"uv":[5.772917,10.721875,5.9354167,11.434375],"tintindex":0,"rotation":0,"texture":"#0"}}},{"from":[13.712438,6.063114,4.379923],"to":[15.980438,7.575115,11.561923],"faces":{"east":{"uv":[7.585417,10.628125,7.727083,10.684375],"tintindex":0,"rotation":0,"texture":"#0"},"south":{"uv":[7.585417,10.628125,7.727083,10.684375],"tintindex":0,"rotation":0,"texture":"#0"},"north":{"uv":[7.585417,10.628125,7.727083,10.684375],"tintindex":0,"rotation":0,"texture":"#0"},"west":{"uv":[7.585417,10.628125,7.727083,10.684375],"tintindex":0,"rotation":0,"texture":"#0"},"up":{"uv":[7.585417,10.628125,7.727083,10.684375],"tintindex":0,"rotation":0,"texture":"#0"},"down":{"uv":[7.585417,10.628125,7.727083,10.684375],"tintindex":0,"rotation":0,"texture":"#0"}},"rotation":{"origin":[13.649438,-1.2448845,-0.9750776],"angle":22.5,"axis":"z"}},{"from":[5.4100986,-3.9891052,2.4899225],"to":[10.954099,5.9648933,13.703923],"faces":{"east":{"uv":[5.79375,12.628125,5.914583,12.934375],"tintindex":0,"rotation":0,"texture":"#0"},"south":{"uv":[5.79375,12.628125,5.914583,12.934375],"tintindex":0,"rotation":0,"texture":"#0"},"north":{"uv":[5.79375,12.628125,5.914583,12.934375],"tintindex":0,"rotation":0,"texture":"#0"},"west":{"uv":[5.79375,12.628125,5.914583,12.934375],"tintindex":0,"rotation":0,"texture":"#0"},"up":{"uv":[5.79375,12.628125,5.914583,12.934375],"tintindex":0,"rotation":0,"texture":"#0"},"down":{"uv":[5.79375,12.628125,5.914583,12.934375],"tintindex":0,"rotation":0,"texture":"#0"}}},{"from":[13.512438,-9.938885,4.379923],"to":[14.720438,-8.678886,11.561923],"faces":{"east":{"uv":[5.335417,10.846875,5.477083,10.871875],"tintindex":0,"rotation":0,"texture":"#0"},"south":{"uv":[5.335417,10.846875,5.477083,10.871875],"tintindex":0,"rotation":0,"texture":"#0"},"north":{"uv":[5.335417,10.846875,5.477083,10.871875],"tintindex":0,"rotation":0,"texture":"#0"},"west":{"uv":[5.335417,10.846875,5.477083,10.871875],"tintindex":0,"rotation":0,"texture":"#0"},"up":{"uv":[5.335417,10.846875,5.477083,10.871875],"tintindex":0,"rotation":0,"texture":"#0"},"down":{"uv":[5.335417,10.846875,5.39375,10.871875],"tintindex":0,"rotation":0,"texture":"#0"}},"rotation":{"origin":[13.649438,-7.5448837,-0.9750776],"angle":22.5,