{"textures":{"0":"modelengine:entity/wu2"},"elements":[{"from":[9.241197,-4.226158,2.4899225],"to":[14.785196,5.7278404,13.703923],"faces":{"east":{"uv":[5.79375,12.628125,5.914583,12.934375],"tintindex":0,"rotation":0,"texture":"#0"},"south":{"uv":[5.79375,12.628125,5.914583,12.934375],"tintindex":0,"rotation":0,"texture":"#0"},"north":{"uv":[5.79375,12.628125,5.914583,12.934375],"tintindex":0,"rotation":0,"texture":"#0"},"west":{"uv":[5.79375,12.628125,5.914583,12.934375],"tintindex":0,"rotation":0,"texture":"#0"},"up":{"uv":[5.79375,12.628125,5.914583,12.934375],"tintindex":0,"rotation":0,"texture":"#0"},"down":{"uv":[5.79375,12.628125,5.914583,12.934375],"tintindex":0,"rotation":0,"texture":"#0"}}},{"from":[7.1218586,-9.675449,2.7419233],"to":[7.1218586,1.160553,13.199923],"faces":{"east":{"uv":[5.7708335,8.315625,5.9887085,8.67],"tintindex":0,"rotation":0,"texture":"#0"},"south":{"uv":[5.7708335,8.315625,5.9887085,8.67],"tintindex":0,"rotation":0,"texture":"#0"},"north":{"uv":[5.7708335,8.315625,5.9887085,8.67],"tintindex":0,"rotation":0,"texture":"#0"},"west":{"uv":[5.7708335,8.315625,5.9887085,8.67],"tintindex":0,"rotation":0,"texture":"#0"},"up":{"uv":[5.7708335,8.315625,5.9887085,8.67],"tintindex":0,"rotation":0,"texture":"#0"},"down":{"uv":[5.7708335,8.315625,5.9887085,8.67],"tintindex":0,"rotation":0,"texture":"#0"}},"rotation":{"origin":[7.8274584,-4.509449,7.9709225],"angle":-22.5,"axis":"z"}},{"from":[6.8698587,-10.305449,2.615923],"to":[7.9778585,1.0345497,4.379923],"faces":{"east":{"uv":[7.397917,13.690625,7.4354167,14.028125],"tintindex":0,"rotation":0,"texture":"#0"},"south":{"uv":[7.397917,13.690625,7.4354167,14.028125],"tintindex":0,"rotation":0,"texture":"#0"},"north":{"uv":[7.397917,13.690625,7.4354167,14.028125],"tintindex":0,"rotation":0,"texture":"#0"},"west":{"uv":[7.397917,13.690625,7.4354167,14.028125],"tintindex":0,"rotation":0,"texture":"#0"},"up":{"uv":[7.397917,13.690625,7.4354167,14.028125],"tintindex":0,"rotation":0,"texture":"#0"},"down":{"uv":[7.397917,13.690625,7.4354167,14.028125],"tintindex":0,"rotation":0,"texture":"#0"}},"rotation":{"origin":[8.4574585,-4.6354485,7.9709225],"angle":-22.5,"axis":"z"}},{"from":[8.233196,-15.3141575,3.8759232],"to":[15.793197,8.121841,12.317923],"faces":{"east":{"uv":[7.04375,9.628125,7.20625,10.340625],"tintindex":0,"rotation":0,"texture":"#0"},"south":{"uv":[7.04375,9.628125,7.20625,10.340625],"tintindex":0,"rotation":0,"texture":"#0"},"north":{"uv":[7.04375,9.628125,7.20625,10.340625],"tintindex":0,"rotation":0,"texture":"#0"},"west":{"uv":[7.04375,9.628125,7.20625,10.340625],"tintindex":0,"rotation":0,"texture":"#0"},"up":{"uv":[5.772917,10.721875,5.9354167,11.434375],"tintindex":0,"rotation":0,"texture":"#0"},"down":{"uv":[7.04375,9.628125,7.20625,10.340625],"tintindex":0,"rotation":0,"texture":"#0"}}},{"from":[5.1538143,-3.9643593,11.561923],"to":[7.0178146,7.5756416,13.325923],"faces":{"east":{"uv":[9.127084,9.409375,9.164583,9.746875],"tintindex":0,"rotation":0,"texture":"#0"},"south":{"uv":[9.127084,9.409375,9.164583,9.746875],"tintindex":0,"rotation":0,"texture":"#0"},"north":{"uv":[9.127084,9.409375,9.164583,9.746875],"tintindex":0,"rotation":0,"texture":"#0"},"west":{"uv":[9.127084,9.409375,9.164583,9.746875],"tintindex":0,"rotation":0,"texture":"#0"},"up":{"uv":[9.127084,9.409375,9.164583,9.746875],"tintindex":0,"rotation":0,"texture":"#0"},"down":{"uv":[9.127084,9.409375,9.164583,9.746875],"tintindex":0,"rotation":0,"texture":"#0"}},"rotation":{"origin":[6.6154146,1.9056435,7.9709225],"angle":-22.5,"axis":"z"}},{"from":[6.8698587,-10.305449,11.561923],"to":[7.9778585,1.0345497,13.325923],"faces":{"east":{"uv":[9.127084,9.409375,9.164583,9.746875],"tintindex":0,"rotation":0,"texture":"#0"},"south":{"uv":[9.127084,9.409375,9.164583,9.746875],"tintindex":0,"rotation":0,"texture":"#0"},"north":{"uv":[9.127084,9.409375,9.164583,9.746875],"tintindex":0,"rotation":0,"texture":"#0"},"west":{"uv":[9.127084,9.409375,9.164583,9.746875],"tintindex":0,"rotation":0,"texture":"#0"},"up":{"uv":[9.127084,9.409375,9.164583,9.746875],"tintindex":0,"rotation":0,"texture":"#0"},"down":{"uv":[9.127084,9.409375,9.164583,9.746875],"tintindex":0,"rotation":0,"texture":"#0"}},"rotation":{"origin":[8.4574585,-4.6354485,7.9709225],"angle":-22.5,"axis":"z"}},{"from":[6.8698587,-10.305449,4.379923],"to":[7.9778585,-8.919449,11.561923],"faces":{"east":{"uv":[5.335417,10.846875,5.477083,10.871875],"tintindex":0,"rotation":0,"texture":"#0"},"south":{"uv":[5.335417,10.846875,5.477083,10.871875],"tintindex":0,"rotation":0,"texture":"#0"},"north":{"uv":[5.335417,10.846875,5.477083,10.871875],"tintindex":0,"rotation":0,"texture":"#0"},"west":{"uv":[5.335417,10.846875,5.477083,10.871875],"tintindex":0,"rotation":0,"texture":"#0"},"up":{"uv":[5.335417,10.846875,5.477083,10.871875],"tintindex":0,"rotation":0,"texture":"#0"},"down":{"uv":[5.335417,10.846875,5.3729167,10.871875],"tintindex":0,"rotation":0,"texture":"#0"}},"rotation":{"origin":[8.4574585,-4.6354485,7.9709225],"angle":-22.5,"axis":"z"}},{"from":[5.1538143,-3.9643593,2.615923],"to":[7.0178146,7.5756416,4.379923],"faces":{"east":{"uv":[7.3145833,13.690625,7.352083,14.028125],"tintindex":0,"rotation":0,"texture":"#0"},"south":{"uv":[7.35625,13.690625,7.39375,14.028125],"tintindex":0,"rotation":0,"texture":"#0"},"north":{"uv":[6.73125,13.690625,6.76875,14.028125],"tintindex":0,"rotation":0,"texture":"#0"},"west":{"uv":[7.397917,13.690625,7.4354167,14.028125],"tintindex":0,"rotation":0,"texture":"#0"},"up":{"uv":[8.20625,13.496875,8.16875,13.440625],"tintindex":0,"rotation":0,"texture":"#0"},"down":{"uv":[7.397917,13.690625,7.4354167,14.028125],"tintindex":0,"rotation":0,"texture":"#0"}},"rotation":{"origin":[6.6154146,1.9056435,7.9709225],"angle":-22.5,"axis":"z"}},{"from":[5.5318146,-3.7643585,2.9419231],"to":[7.2958145,7.5756416,12.999923],"faces":{"east":{"uv":[5.7708335,8.315625,5.9887085,8.67],"tintindex":0,"rotation":0,"texture":"#0"},"south":{"uv":[5.7708335,8.315625,5.9887085,8.67],"tintindex":0,"rotation":0,"texture":"#0"},"north":{"uv":[5.7708335,8.315625,5.9887085,8.67],"tintindex":0,"rotation":0,"texture":"#0"},"west":{"uv":[5.7708335,8.315625,5.9887085,8.67],"tintindex":0,"rotation":0,"texture":"#0"},"up":{"uv":[5.7708335,8.315625,5.9887085,8.67],"tintindex":0,"rotation":0,"texture":"#0"},"down":{"uv":[5.7708335,8.315625,5.9887085,8.67],"tintindex":0,"rotation":0,"texture":"#0"}},"rotation":{"origin":[6.6154146,1.9056435,7.9709225],"angle":-22.5,"axis":"z"}},{"from":[5.1538143,-3.864357,4.379923],"to":[7.0178146,-2.4783592,11.561923],"faces":{"east":{"uv":[5.335417,10.846875,5.477083,10.871875],"tintindex":0,"rotation":0,"texture":"#0"},"south":{"uv":[5.335417,10.846875,5.477083,10.871875],"tintindex":0,"rotation":0,"texture":"#0"},"north":{"uv":[5.335417,10.846875,5.477083,10.871875],"tintindex":0,"rotation":0,"texture":"#0"},"west":{"uv":[5.335417,10.846875,5.477083,10.871875],"tintindex":0,"rotation":0,"texture":"#0"},"up":{"uv":[5.335417,10.846875,5.477083,10.871875],"tintindex":0,"rotation":0,"texture":"#0"},"down":{"uv":[5.335417,10.846875,5.414583,10.871875],"tintindex":0,"rotation":90,"texture":"#0"}},"rotation":{"origin":[6.6154146,1.9056435,7.9709225],"angle":-22.5,"axis":"z"}},{"from":[5.1538143,6.0636406,4.379923],"to":[6.9178143,7.5756416,11.561923],"faces":{"east":{"uv":[7.48125,8.690625,7.6229167,8.746875],"tintindex":0,"rotation":0,"texture":"#0"},"south":{"uv":[9.60625,9.378125,9.64375,9.434375],"tintindex":0,"rotation":0,"texture":"#0"},"north":{"uv":[9.252084,9.784375,9.289583,9.840625],"tintindex":0,"rotation":0,"texture":"#0"},"west":{"uv":[7.585417,10.628125,7.727083,10.684375],"tintindex":0,"rotation":0,"texture":"#0"},"up":{"uv":[7.414583,10.278125,7.3770833,10.065625],"tintindex":0,"rotation":0,"texture":"#0"},"down":{"uv":[6.26875,11.440625,6.23125,11.653125],"tintindex":0,"rotation":0,"texture":"#0"}},"rotation":{"origin":[6.6154146,1.9056435,7.9709225],"angle":-22.5,