{"textures":{"0":"modelengine:entity/wu2"},"elements":[{"from":[-7.116337,2.6372404,9.810522],"to":[-6.4768333,2.8944407,10.196323],"faces":{"east":{"uv":[9.752084,10.440625,9.76875,10.465625],"tintindex":0,"rotation":0,"texture":"#0"},"south":{"uv":[9.752084,10.440625,9.76875,10.465625],"tintindex":0,"rotation":0,"texture":"#0"},"north":{"uv":[9.752084,10.440625,9.76875,10.465625],"tintindex":0,"rotation":0,"texture":"#0"},"west":{"uv":[9.752084,10.440625,9.76875,10.465625],"tintindex":0,"rotation":0,"texture":"#0"},"up":{"uv":[9.752084,10.440625,9.76875,10.465625],"tintindex":0,"rotation":0,"texture":"#0"},"down":{"uv":[9.752084,10.440625,9.76875,10.465625],"tintindex":0,"rotation":0,"texture":"#0"}},"rotation":{"origin":[3.8373604,5.6916637,10.003423],"angle":-22.5,"axis":"z"}},{"from":[-9.280241,5.371911,9.810522],"to":[-9.023041,6.0114155,10.196323],"faces":{"east":{"uv":[7.522917,14.628125,7.539583,14.653125],"tintindex":0,"rotation":0,"texture":"#0"},"south":{"uv":[7.522917,14.628125,7.539583,14.653125],"tintindex":0,"rotation":0,"texture":"#0"},"north":{"uv":[7.522917,14.628125,7.539583,14.653125],"tintindex":0,"rotation":0,"texture":"#0"},"west":{"uv":[7.522917,14.628125,7.539583,14.653125],"tintindex":0,"rotation":0,"texture":"#0"},"up":{"uv":[7.522917,14.628125,7.539583,14.653125],"tintindex":0,"rotation":0,"texture":"#0"},"down":{"uv":[7.522917,14.628125,7.539583,14.653125],"tintindex":0,"rotation":0,"texture":"#0"}}},{"from":[-8.404087,9.776636,9.810522],"to":[-8.146887,10.41614,10.196323],"faces":{"east":{"uv":[9.752084,11.409375,9.76875,11.434375],"tintindex":0,"rotation":0,"texture":"#0"},"south":{"uv":[9.752084,11.409375,9.76875,11.434375],"tintindex":0,"rotation":0,"texture":"#0"},"north":{"uv":[9.752084,11.409375,9.76875,11.434375],"tintindex":0,"rotation":0,"texture":"#0"},"west":{"uv":[9.752084,11.409375,9.76875,11.434375],"tintindex":0,"rotation":0,"texture":"#0"},"up":{"uv":[9.752084,11.409375,9.76875,11.434375],"tintindex":0,"rotation":0,"texture":"#0"},"down":{"uv":[9.752084,11.409375,9.76875,11.434375],"tintindex":0,"rotation":0,"texture":"#0"}},"rotation":{"origin":[3.8373604,5.6916637,10.003423],"angle":22.5,"axis":"z"}},{"from":[-4.6212616,-1.0969048,9.810522],"to":[-3.9817572,-0.8397045,10.196323],"faces":{"east":{"uv":[9.752084,10.253125,9.76875,10.278125],"tintindex":0,"rotation":0,"texture":"#0"},"south":{"uv":[9.752084,10.253125,9.76875,10.278125],"tintindex":0,"rotation":0,"texture":"#0"},"north":{"uv":[9.752084,10.253125,9.76875,10.278125],"tintindex":0,"rotation":0,"texture":"#0"},"west":{"uv":[9.752084,10.253125,9.76875,10.278125],"tintindex":0,"rotation":0,"texture":"#0"},"up":{"uv":[9.752084,10.253125,9.76875,10.278125],"tintindex":0,"rotation":0,"texture":"#0"},"down":{"uv":[9.752084,10.253125,9.76875,10.278125],"tintindex":0,"rotation":0,"texture":"#0"}},"rotation":{"origin":[3.8373604,5.6916637,10.003423],"angle":-45.0,"axis":"z"}},{"from":[-7.116337,11.44669,9.810522],"to":[-6.4768333,11.70389,10.196323],"faces":{"east":{"uv":[9.752084,10.784375,9.76875,10.809375],"tintindex":0,"rotation":0,"texture":"#0"},"south":{"uv":[9.752084,10.784375,9.76875,10.809375],"tintindex":0,"rotation":0,"texture":"#0"},"north":{"uv":[9.752084,10.784375,9.76875,10.809375],"tintindex":0,"rotation":0,"texture":"#0"},"west":{"uv":[9.752084,10.784375,9.76875,10.809375],"tintindex":0,"rotation":0,"texture":"#0"},"up":{"uv":[9.752084,10.784375,9.76875,10.809375],"tintindex":0,"rotation":0,"texture":"#0"},"down":{"uv":[9.752084,10.784375,9.76875,10.809375],"tintindex":0,"rotation":0,"texture":"#0"}},"rotation":{"origin":[3.8373604,5.6916637,10.003423],"angle":22.5,"axis":"z"}},{"from":[-8.404087,0.9671869,9.810522],"to":[-8.146887,1.6066904,10.196323],"faces":{"east":{"uv":[7.41875,14.628125,7.4354167,14.653125],"tintindex":0,"rotation":0,"texture":"#0"},"south":{"uv":[7.41875,14.628125,7.4354167,14.653125],"tintindex":0,"rotation":0,"texture":"#0"},"north":{"uv":[7.41875,14.628125,7.4354167,14.653125],"tintindex":0,"rotation":0,"texture":"#0"},"west":{"uv":[7.41875,14.628125,7.4354167,14.653125],"tintindex":0,"rotation":0,"texture":"#0"},"up":{"uv":[7.41875,14.628125,7.4354167,14.653125],"tintindex":0,"rotation":0,"texture":"#0"},"down":{"uv":[7.41875,14.628125,7.4354167,14.653125],"tintindex":0,"rotation":0,"texture":"#0"}},"rotation":{"origin":[3.8373604,5.6916637,10.003423],"angle":-22.5,"axis":"z"}},{"from":[-6.3224373,5.371911,9.810522],"to":[-6.065237,6.0114155,10.196323],"faces":{"east":{"uv":[7.79375,14.628125,7.8104167,14.653125],"tintindex":0,"rotation":0,"texture":"#0"},"south":{"uv":[7.79375,14.628125,7.8104167,14.653125],"tintindex":0,"rotation":0,"texture":"#0"},"north":{"uv":[7.79375,14.628125,7.8104167,14.653125],"tintindex":0,"rotation":0,"texture":"#0"},"west":{"uv":[7.79375,14.628125,7.8104167,14.653125],"tintindex":0,"rotation":0,"texture":"#0"},"up":{"uv":[7.79375,14.628125,7.8104167,14.653125],"tintindex":0,"rotation":0,"texture":"#0"},"down":{"uv":[7.79375,14.628125,7.8104167,14.653125],"tintindex":0,"rotation":0,"texture":"#0"}}},{"from":[-4.6212616,12.22303,9.810522],"to":[-3.9817572,12.48023,10.196323],"faces":{"east":{"uv":[9.752084,10.065625,9.76875,10.090625],"tintindex":0,"rotation":0,"texture":"#0"},"south":{"uv":[9.752084,10.065625,9.76875,10.090625],"tintindex":0,"rotation":0,"texture":"#0"},"north":{"uv":[9.752084,10.065625,9.76875,10.090625],"tintindex":0,"rotation":0,"texture":"#0"},"west":{"uv":[9.752084,10.065625,9.76875,10.090625],"tintindex":0,"rotation":0,"texture":"#0"},"up":{"uv":[9.752084,10.065625,9.76875,10.090625],"tintindex":0,"rotation":0,"texture":"#0"},"down":{"uv":[9.752084,10.065625,9.76875,10.090625],"tintindex":0,"rotation":0,"texture":"#0"}},"rotation":{"origin":[3.8373604,5.6916637,10.003423],"angle":45.0,"axis":"z"}},{"from":[-5.4462833,0.9671869,9.810522],"to":[-5.189083,1.6066904,10.196323],"faces":{"east":{"uv":[9.752084,11.534375,9.76875,11.559375],"tintindex":0,"rotation":0,"texture":"#0"},"south":{"uv":[9.752084,11.534375,9.76875,11.559375],"tintindex":0,"rotation":0,"texture":"#0"},"north":{"uv":[9.752084,11.534375,9.76875,11.559375],"tintindex":0,"rotation":0,"texture":"#0"},"west":{"uv":[9.752084,11.534375,9.76875,11.559375],"tintindex":0,"rotation":0,"texture":"#0"},"up":{"uv":[9.752084,11.534375,9.76875,11.559375],"tintindex":0,"rotation":0,"texture":"#0"},"down":{"uv":[9.752084,11.534375,9.76875,11.559375],"tintindex":0,"rotation":0,"texture":"#0"}},"rotation":{"origin":[3.8373604,5.6916637,10.003423],"angle":-22.5,"axis":"z"}},{"from":[-4.6212616,15.180836,9.810522],"to":[-3.9817572,15.438036,10.196323],"faces":{"east":{"uv":[9.752084,10.971875,9.76875,10.996875],"tintindex":0,"rotation":0,"texture":"#0"},"south":{"uv":[9.752084,10.971875,9.76875,10.996875],"tintindex":0,"rotation":0,"texture":"#0"},"north":{"uv":[9.752084,10.971875,9.76875,10.996875],"tintindex":0,"rotation":0,"texture":"#0"},"west":{"uv":[9.752084,10.971875,9.76875,10.996875],"tintindex":0,"rotation":0,"texture":"#0"},"up":{"uv":[9.752084,10.971875,9.76875,10.996875],"tintindex":0,"rotation":0,"texture":"#0"},"down":{"uv":[9.752084,10.971875,9.76875,10.996875],"tintindex":0,"rotation":0,"texture":"#0"}},"rotation":{"origin":[3.8373604,5.6916637,10.003423],"angle":45.0,"axis":"z"}},{"from":[-7.116337,-0.32056332,9.810522],"to":[-6.4768333,-0.063363075,10.196323],"faces":{"east":{"uv":[9.752084,9.565625,9.76875,9.590625],"tintindex":0,"rotation":0,"texture":"#0"},"south":{"uv":[9.752084,9.565625,9.76875,9.590625],"tintindex":0,"rotation":0,"texture":"#0"},"north":{"uv":[9.752084,9.565625,9.76875,9.590625],"tintindex":0,"rotation":0,"texture":"#0"},"west":{"uv":[9.752084,9.565625,9.76875,9.590625],"tintindex":0,"rotation":0,"texture":"#0"},"up":{"uv":[9.752084,9.565625,9.76875,9.590625],"tintindex":0,"rotation":0,"texture":"#0"},"down":{"uv":[9.752084,9.565625,9.76875,9.590625],"tintindex":0,"rotation":0,"texture":"#0"}},"rotation":{"origin":[3.8373604,5.6916637,10.003423],"angle":-22.5,