{"textures":{"0":"modelengine:entity/wu2"},"elements":[{"from":[-4.945263,5.4553432,9.6987915],"to":[-4.696228,6.074546,10.072344],"faces":{"east":{"uv":[8.66875,14.596875,8.685416,14.621875],"tintindex":0,"rotation":0,"texture":"#0"},"south":{"uv":[8.66875,14.596875,8.685416,14.621875],"tintindex":0,"rotation":0,"texture":"#0"},"north":{"uv":[8.66875,14.596875,8.685416,14.621875],"tintindex":0,"rotation":0,"texture":"#0"},"west":{"uv":[8.66875,14.596875,8.685416,14.621875],"tintindex":0,"rotation":0,"texture":"#0"},"up":{"uv":[8.66875,14.596875,8.685416,14.621875],"tintindex":0,"rotation":0,"texture":"#0"},"down":{"uv":[8.66875,14.596875,8.685416,14.621875],"tintindex":0,"rotation":0,"texture":"#0"}}},{"from":[-2.8500538,8.473366,9.6987915],"to":[-2.2308512,8.722401,10.072344],"faces":{"east":{"uv":[9.73125,12.065625,9.747916,12.090625],"tintindex":0,"rotation":0,"texture":"#0"},"south":{"uv":[9.73125,12.065625,9.747916,12.090625],"tintindex":0,"rotation":0,"texture":"#0"},"north":{"uv":[9.73125,12.065625,9.747916,12.090625],"tintindex":0,"rotation":0,"texture":"#0"},"west":{"uv":[9.73125,12.065625,9.747916,12.090625],"tintindex":0,"rotation":0,"texture":"#0"},"up":{"uv":[9.73125,12.065625,9.747916,12.090625],"tintindex":0,"rotation":0,"texture":"#0"},"down":{"uv":[9.73125,12.065625,9.747916,12.090625],"tintindex":0,"rotation":0,"texture":"#0"}},"rotation":{"origin":[7.7559075,5.764944,9.885568],"angle":22.5,"axis":"z"}},{"from":[-3.6983938,7.072379,9.6987915],"to":[-3.0791912,7.321415,10.072344],"faces":{"east":{"uv":[8.314584,14.596875,8.33125,14.621875],"tintindex":0,"rotation":0,"texture":"#0"},"south":{"uv":[9.73125,12.471875,9.747916,12.496875],"tintindex":0,"rotation":0,"texture":"#0"},"north":{"uv":[9.73125,12.440625,9.747916,12.465625],"tintindex":0,"rotation":0,"texture":"#0"},"west":{"uv":[8.335417,14.596875,8.352083,14.621875],"tintindex":0,"rotation":0,"texture":"#0"},"up":{"uv":[9.747916,12.528125,9.73125,12.503125],"tintindex":0,"rotation":0,"texture":"#0"},"down":{"uv":[8.372916,14.596875,8.35625,14.621875],"tintindex":0,"rotation":0,"texture":"#0"}}},{"from":[-1.233017,9.720236,9.6987915],"to":[-0.9839821,10.3394375,10.072344],"faces":{"east":{"uv":[9.73125,13.690625,9.747916,13.715625],"tintindex":0,"rotation":0,"texture":"#0"},"south":{"uv":[9.73125,13.690625,9.747916,13.715625],"tintindex":0,"rotation":0,"texture":"#0"},"north":{"uv":[9.73125,13.690625,9.747916,13.715625],"tintindex":0,"rotation":0,"texture":"#0"},"west":{"uv":[9.73125,13.690625,9.747916,13.715625],"tintindex":0,"rotation":0,"texture":"#0"},"up":{"uv":[9.73125,13.690625,9.747916,13.715625],"tintindex":0,"rotation":0,"texture":"#0"},"down":{"uv":[9.73125,13.690625,9.747916,13.715625],"tintindex":0,"rotation":0,"texture":"#0"}},"rotation":{"origin":[7.7559075,5.764944,9.885568],"angle":22.5,"axis":"z"}},{"from":[-2.8500538,-0.056417465,9.6987915],"to":[-2.2308512,0.19261742,10.072344],"faces":{"east":{"uv":[9.73125,11.815625,9.747916,11.840625],"tintindex":0,"rotation":0,"texture":"#0"},"south":{"uv":[9.73125,11.815625,9.747916,11.840625],"tintindex":0,"rotation":0,"texture":"#0"},"north":{"uv":[9.73125,11.815625,9.747916,11.840625],"tintindex":0,"rotation":0,"texture":"#0"},"west":{"uv":[9.73125,11.815625,9.747916,11.840625],"tintindex":0,"rotation":0,"texture":"#0"},"up":{"uv":[9.73125,11.815625,9.747916,11.840625],"tintindex":0,"rotation":0,"texture":"#0"},"down":{"uv":[9.73125,11.815625,9.747916,11.840625],"tintindex":0,"rotation":0,"texture":"#0"}},"rotation":{"origin":[7.7559075,5.764944,9.885568],"angle":-22.5,"axis":"z"}},{"from":[-0.43418598,-0.8081131,9.6987915],"to":[0.18501616,-0.5590782,10.072344],"faces":{"east":{"uv":[9.73125,12.284375,9.747916,12.309375],"tintindex":0,"rotation":0,"texture":"#0"},"south":{"uv":[9.73125,12.284375,9.747916,12.309375],"tintindex":0,"rotation":0,"texture":"#0"},"north":{"uv":[9.73125,12.284375,9.747916,12.309375],"tintindex":0,"rotation":0,"texture":"#0"},"west":{"uv":[9.73125,12.284375,9.747916,12.309375],"tintindex":0,"rotation":0,"texture":"#0"},"up":{"uv":[9.73125,12.284375,9.747916,12.309375],"tintindex":0,"rotation":0,"texture":"#0"},"down":{"uv":[9.73125,12.284375,9.747916,12.309375],"tintindex":0,"rotation":0,"texture":"#0"}},"rotation":{"origin":[7.7559075,5.764944,9.885568],"angle":-45.0,"axis":"z"}},{"from":[-0.43418598,14.952873,9.6987915],"to":[0.18501616,15.201908,10.072344],"faces":{"east":{"uv":[9.73125,12.753125,9.747916,12.778125],"tintindex":0,"rotation":0,"texture":"#0"},"south":{"uv":[9.73125,12.753125,9.747916,12.778125],"tintindex":0,"rotation":0,"texture":"#0"},"north":{"uv":[9.73125,12.753125,9.747916,12.778125],"tintindex":0,"rotation":0,"texture":"#0"},"west":{"uv":[9.73125,12.753125,9.747916,12.778125],"tintindex":0,"rotation":0,"texture":"#0"},"up":{"uv":[9.73125,12.753125,9.747916,12.778125],"tintindex":0,"rotation":0,"texture":"#0"},"down":{"uv":[9.73125,12.753125,9.747916,12.778125],"tintindex":0,"rotation":0,"texture":"#0"}},"rotation":{"origin":[7.7559075,5.764944,9.885568],"angle":45.0,"axis":"z"}},{"from":[-0.43418598,-3.672019,9.6987915],"to":[0.18501616,-3.4229832,10.072344],"faces":{"east":{"uv":[9.73125,11.659375,9.747916,11.684375],"tintindex":0,"rotation":0,"texture":"#0"},"south":{"uv":[9.73125,11.659375,9.747916,11.684375],"tintindex":0,"rotation":0,"texture":"#0"},"north":{"uv":[9.73125,11.659375,9.747916,11.684375],"tintindex":0,"rotation":0,"texture":"#0"},"west":{"uv":[9.73125,11.659375,9.747916,11.684375],"tintindex":0,"rotation":0,"texture":"#0"},"up":{"uv":[9.73125,11.659375,9.747916,11.684375],"tintindex":0,"rotation":0,"texture":"#0"},"down":{"uv":[9.73125,11.659375,9.747916,11.684375],"tintindex":0,"rotation":0,"texture":"#0"}},"rotation":{"origin":[7.7559075,5.764944,9.885568],"angle":-45.0,"axis":"z"}},{"from":[-2.081357,5.4553432,9.6987915],"to":[-1.8323221,6.074546,10.072344],"faces":{"east":{"uv":[9.73125,13.503125,9.747916,13.528125],"tintindex":0,"rotation":0,"texture":"#0"},"south":{"uv":[9.73125,13.503125,9.747916,13.528125],"tintindex":0,"rotation":0,"texture":"#0"},"north":{"uv":[9.73125,13.503125,9.747916,13.528125],"tintindex":0,"rotation":0,"texture":"#0"},"west":{"uv":[9.73125,13.503125,9.747916,13.528125],"tintindex":0,"rotation":0,"texture":"#0"},"up":{"uv":[9.73125,13.503125,9.747916,13.528125],"tintindex":0,"rotation":0,"texture":"#0"},"down":{"uv":[9.73125,13.503125,9.747916,13.528125],"tintindex":0,"rotation":0,"texture":"#0"}}},{"from":[-0.43418598,12.088966,9.6987915],"to":[0.18501616,12.338003,10.072344],"faces":{"east":{"uv":[9.73125,12.190625,9.747916,12.215625],"tintindex":0,"rotation":0,"texture":"#0"},"south":{"uv":[9.73125,12.190625,9.747916,12.215625],"tintindex":0,"rotation":0,"texture":"#0"},"north":{"uv":[9.73125,12.190625,9.747916,12.215625],"tintindex":0,"rotation":0,"texture":"#0"},"west":{"uv":[9.73125,12.190625,9.747916,12.215625],"tintindex":0,"rotation":0,"texture":"#0"},"up":{"uv":[9.73125,12.190625,9.747916,12.215625],"tintindex":0,"rotation":0,"texture":"#0"},"down":{"uv":[9.73125,12.190625,9.747916,12.215625],"tintindex":0,"rotation":0,"texture":"#0"}},"rotation":{"origin":[7.7559075,5.764944,9.885568],"angle":45.0,"axis":"z"}},{"from":[-3.6983938,4.208474,9.6987915],"to":[-3.0791912,4.457509,10.072344],"faces":{"east":{"uv":[7.960417,14.596875,7.977083,14.621875],"tintindex":0,"rotation":0,"texture":"#0"},"south":{"uv":[7.960417,14.596875,7.977083,14.621875],"tintindex":0,"rotation":0,"texture":"#0"},"north":{"uv":[7.960417,14.596875,7.977083,14.621875],"tintindex":0,"rotation":0,"texture":"#0"},"west":{"uv":[7.960417,14.596875,7.977083,14.621875],"tintindex":0,"rotation":0,"texture":"#0"},"up":{"uv":[7.960417,14.596875,7.977083,14.621875],"tintindex":0,"rotation":0,"texture":"#0"},"down":{"uv":[7.960417,14.596875,7.977083,14.621875],"tintindex":0,"rotation":0,"texture":"#0"}}},{"from":[-4.096923,1.1904516,9.6987915],"to":[-3.847887,1.8096533,10.072344],"faces":{"east":{"uv":[9.73125,12.846875,9.747916,12.871875],