{"textures":{"0":"modelengine:entity/wu2"},"elements":[{"from":[-5.3884373,4.616253,9.293165],"to":[-5.120537,5.28236,9.943016],"faces":{"east":{"uv":[9.772917,12.596875,9.789583,12.621875],"tintindex":0,"rotation":0,"texture":"#0"},"south":{"uv":[9.772917,12.596875,9.789583,12.621875],"tintindex":0,"rotation":0,"texture":"#0"},"north":{"uv":[9.772917,12.596875,9.789583,12.621875],"tintindex":0,"rotation":0,"texture":"#0"},"west":{"uv":[9.772917,12.596875,9.789583,12.621875],"tintindex":0,"rotation":0,"texture":"#0"},"up":{"uv":[9.772917,12.596875,9.789583,12.621875],"tintindex":0,"rotation":0,"texture":"#0"},"down":{"uv":[9.772917,12.596875,9.789583,12.621875],"tintindex":0,"rotation":0,"texture":"#0"}}},{"from":[8.094532,-1.8105812,9.293165],"to":[8.760641,-1.5426826,9.943016],"faces":{"east":{"uv":[9.772917,11.753125,9.789583,11.778125],"tintindex":0,"rotation":0,"texture":"#0"},"south":{"uv":[9.772917,11.753125,9.789583,11.778125],"tintindex":0,"rotation":0,"texture":"#0"},"north":{"uv":[9.772917,11.753125,9.789583,11.778125],"tintindex":0,"rotation":0,"texture":"#0"},"west":{"uv":[9.772917,11.753125,9.789583,11.778125],"tintindex":0,"rotation":0,"texture":"#0"},"up":{"uv":[9.772917,11.753125,9.789583,11.778125],"tintindex":0,"rotation":0,"texture":"#0"},"down":{"uv":[9.772917,11.753125,9.789583,11.778125],"tintindex":0,"rotation":0,"texture":"#0"}},"rotation":{"origin":[10.674009,19.241306,8.09409],"angle":-45.0,"axis":"z"}},{"from":[1.4106159,-0.9808998,9.293165],"to":[1.6785164,-0.31479263,9.943016],"faces":{"east":{"uv":[9.772917,12.503125,9.789583,12.528125],"tintindex":0,"rotation":0,"texture":"#0"},"south":{"uv":[9.772917,12.503125,9.789583,12.528125],"tintindex":0,"rotation":0,"texture":"#0"},"north":{"uv":[9.772917,12.503125,9.789583,12.528125],"tintindex":0,"rotation":0,"texture":"#0"},"west":{"uv":[9.772917,12.503125,9.789583,12.528125],"tintindex":0,"rotation":0,"texture":"#0"},"up":{"uv":[9.772917,12.503125,9.789583,12.528125],"tintindex":0,"rotation":0,"texture":"#0"},"down":{"uv":[9.772917,12.503125,9.789583,12.528125],"tintindex":0,"rotation":0,"texture":"#0"}},"rotation":{"origin":[10.674009,19.241306,8.09409],"angle":-22.5,"axis":"z"}},{"from":[-9.5280075,12.389233,9.293165],"to":[-9.260107,13.05534,9.943016],"faces":{"east":{"uv":[7.460417,14.659375,7.477083,14.684375],"tintindex":0,"rotation":0,"texture":"#0"},"south":{"uv":[9.772917,11.190625,9.789583,11.215625],"tintindex":0,"rotation":0,"texture":"#0"},"north":{"uv":[9.772917,11.159375,9.789583,11.184375],"tintindex":0,"rotation":0,"texture":"#0"},"west":{"uv":[7.48125,14.659375,7.4979167,14.684375],"tintindex":0,"rotation":0,"texture":"#0"},"up":{"uv":[9.789583,11.246875,9.772917,11.221875],"tintindex":0,"rotation":0,"texture":"#0"},"down":{"uv":[7.51875,14.659375,7.5020833,14.684375],"tintindex":0,"rotation":0,"texture":"#0"}},"rotation":{"origin":[10.674009,19.241306,8.09409],"angle":22.5,"axis":"z"}}],"display":{"gui":{"rotation":[30,225,0]}}}