{"textures":{"0":"modelengine:entity/wu2"},"elements":[{"from":[7.910557,12.077148,5.652015],"to":[10.684572,16.238174,9.535638],"faces":{"east":{"uv":[9.48125,8.659375,9.539583,8.778125],"tintindex":0,"rotation":0,"texture":"#0"},"south":{"uv":[9.48125,8.659375,9.539583,8.778125],"tintindex":0,"rotation":0,"texture":"#0"},"north":{"uv":[9.48125,8.659375,9.539583,8.778125],"tintindex":0,"rotation":0,"texture":"#0"},"west":{"uv":[9.48125,8.659375,9.539583,8.778125],"tintindex":0,"rotation":0,"texture":"#0"},"up":{"uv":[9.48125,8.659375,9.539583,8.778125],"tintindex":0,"rotation":0,"texture":"#0"},"down":{"uv":[9.48125,8.659375,9.539583,8.778125],"tintindex":0,"rotation":0,"texture":"#0"}}},{"from":[3.9604893,21.242767,7.2987304],"to":[5.1818275,22.437134,8.385221],"faces":{"east":{"uv":[9.772917,9.565625,9.789583,9.590625],"tintindex":0,"rotation":0,"texture":"#0"},"south":{"uv":[9.772917,9.565625,9.789583,9.590625],"tintindex":0,"rotation":0,"texture":"#0"},"north":{"uv":[9.772917,9.565625,9.789583,9.590625],"tintindex":0,"rotation":0,"texture":"#0"},"west":{"uv":[9.772917,9.565625,9.789583,9.590625],"tintindex":0,"rotation":0,"texture":"#0"},"up":{"uv":[9.772917,9.565625,9.789583,9.590625],"tintindex":0,"rotation":0,"texture":"#0"},"down":{"uv":[9.772917,9.565625,9.789583,9.590625],"tintindex":0,"rotation":0,"texture":"#0"}},"rotation":{"origin":[6.755005,9.123665,10.596518],"angle":22.5,"axis":"z"}},{"from":[4.6441374,21.163254,6.9854536],"to":[6.154435,22.550262,8.457223],"faces":{"east":{"uv":[7.73125,14.596875,7.76875,14.621875],"tintindex":0,"rotation":0,"texture":"#0"},"south":{"uv":[7.73125,14.596875,7.76875,14.621875],"tintindex":0,"rotation":0,"texture":"#0"},"north":{"uv":[7.73125,14.596875,7.76875,14.621875],"tintindex":0,"rotation":0,"texture":"#0"},"west":{"uv":[7.73125,14.596875,7.76875,14.621875],"tintindex":0,"rotation":0,"texture":"#0"},"up":{"uv":[7.73125,14.596875,7.76875,14.621875],"tintindex":0,"rotation":0,"texture":"#0"},"down":{"uv":[7.73125,14.596875,7.76875,14.621875],"tintindex":0,"rotation":0,"texture":"#0"}},"rotation":{"origin":[6.7322464,9.745483,10.36084],"angle":22.5,"axis":"z"}},{"from":[18.314001,20.44522,6.3455195],"to":[20.533215,24.60624,8.8421335],"faces":{"east":{"uv":[7.60625,14.315625,7.64375,14.434375],"tintindex":0,"rotation":0,"texture":"#0"},"south":{"uv":[7.60625,14.315625,7.64375,14.434375],"tintindex":0,"rotation":0,"texture":"#0"},"north":{"uv":[7.60625,14.315625,7.64375,14.434375],"tintindex":0,"rotation":0,"texture":"#0"},"west":{"uv":[7.60625,14.315625,7.64375,14.434375],"tintindex":0,"rotation":0,"texture":"#0"},"up":{"uv":[7.60625,14.315625,7.64375,14.434375],"tintindex":0,"rotation":0,"texture":"#0"},"down":{"uv":[7.60625,14.315625,7.64375,14.434375],"tintindex":0,"rotation":0,"texture":"#0"}},"rotation":{"origin":[15.389305,6.118477,10.222139],"angle":45.0,"axis":"z"}},{"from":[3.653655,21.025482,6.48422],"to":[5.9537764,22.689896,8.703433],"faces":{"east":{"uv":[9.689584,12.784375,9.727083,12.840625],"tintindex":0,"rotation":0,"texture":"#0"},"south":{"uv":[9.689584,12.784375,9.727083,12.840625],"tintindex":0,"rotation":0,"texture":"#0"},"north":{"uv":[9.689584,12.784375,9.727083,12.840625],"tintindex":0,"rotation":0,"texture":"#0"},"west":{"uv":[9.689584,12.784375,9.727083,12.840625],"tintindex":0,"rotation":0,"texture":"#0"},"up":{"uv":[9.689584,12.784375,9.727083,12.840625],"tintindex":0,"rotation":0,"texture":"#0"},"down":{"uv":[9.689584,12.784375,9.727083,12.840625],"tintindex":0,"rotation":0,"texture":"#0"}}},{"from":[2.984891,3.2389832,4.9353943],"to":[7.3847885,7.400009,10.252258],"faces":{"east":{"uv":[9.314584,10.346875,9.39375,10.465625],"tintindex":0,"rotation":0,"texture":"#0"},"south":{"uv":[9.314584,10.346875,9.39375,10.465625],"tintindex":0,"rotation":0,"texture":"#0"},"north":{"uv":[9.314584,10.346875,9.39375,10.465625],"tintindex":0,"rotation":0,"texture":"#0"},"west":{"uv":[9.314584,10.346875,9.39375,10.465625],"tintindex":0,"rotation":0,"texture":"#0"},"up":{"uv":[9.314584,10.346875,9.39375,10.465625],"tintindex":0,"rotation":0,"texture":"#0"},"down":{"uv":[9.314584,10.346875,9.39375,10.465625],"tintindex":0,"rotation":0,"texture":"#0"}},"rotation":{"origin":[14.955015,0.5082245,9.944737],"angle":-22.5,"axis":"z"}},{"from":[3.659131,5.4543457,5.5133147],"to":[6.7105484,9.615372,9.674338],"faces":{"east":{"uv":[9.460417,13.315625,9.51875,13.434375],"tintindex":0,"rotation":0,"texture":"#0"},"south":{"uv":[9.460417,13.315625,9.51875,13.434375],"tintindex":0,"rotation":0,"texture":"#0"},"north":{"uv":[9.460417,13.315625,9.51875,13.434375],"tintindex":0,"rotation":0,"texture":"#0"},"west":{"uv":[9.460417,13.315625,9.51875,13.434375],"tintindex":0,"rotation":0,"texture":"#0"},"up":{"uv":[9.460417,13.315625,9.51875,13.434375],"tintindex":0,"rotation":0,"texture":"#0"},"down":{"uv":[9.460417,13.315625,9.51875,13.434375],"tintindex":0,"rotation":0,"texture":"#0"}},"rotation":{"origin":[14.955015,0.5082245,9.944737],"angle":-22.5,"axis":"z"}},{"from":[6.1649933,20.971474,6.7504325],"to":[9.216411,22.635887,8.692244],"faces":{"east":{"uv":[9.585417,12.284375,9.64375,12.340625],"tintindex":0,"rotation":0,"texture":"#0"},"south":{"uv":[9.585417,12.284375,9.64375,12.340625],"tintindex":0,"rotation":0,"texture":"#0"},"north":{"uv":[9.585417,12.284375,9.64375,12.340625],"tintindex":0,"rotation":0,"texture":"#0"},"west":{"uv":[9.585417,12.284375,9.64375,12.340625],"tintindex":0,"rotation":0,"texture":"#0"},"up":{"uv":[9.585417,12.284375,9.64375,12.340625],"tintindex":0,"rotation":0,"texture":"#0"},"down":{"uv":[9.585417,12.284375,9.64375,12.340625],"tintindex":0,"rotation":0,"texture":"#0"}},"rotation":{"origin":[6.604103,9.692406,10.222139],"angle":22.5,"axis":"z"}},{"from":[12.067448,16.894844,5.929417],"to":[14.841463,21.05587,9.258236],"faces":{"east":{"uv":[6.022917,14.221875,6.08125,14.340625],"tintindex":0,"rotation":0,"texture":"#0"},"south":{"uv":[6.022917,14.221875,6.08125,14.340625],"tintindex":0,"rotation":0,"texture":"#0"},"north":{"uv":[6.022917,14.221875,6.08125,14.340625],"tintindex":0,"rotation":0,"texture":"#0"},"west":{"uv":[6.022917,14.221875,6.08125,14.340625],"tintindex":0,"rotation":0,"texture":"#0"},"up":{"uv":[6.022917,14.221875,6.08125,14.340625],"tintindex":0,"rotation":0,"texture":"#0"},"down":{"uv":[6.022917,14.221875,6.08125,14.340625],"tintindex":0,"rotation":0,"texture":"#0"}},"rotation":{"origin":[14.4136715,6.117462,10.222139],"angle":22.5,"axis":"z"}}],"display":{"gui":{"rotation":[30,225,0]}}}