{"textures":{"0":"modelengine:entity/wu2"},"elements":[{"from":[4.3976965,13.368866,7.9645605],"to":[7.171713,17.529884,11.848183],"faces":{"east":{"uv":[9.48125,8.659375,9.539583,8.778125],"tintindex":0,"rotation":0,"texture":"#0"},"south":{"uv":[9.48125,8.659375,9.539583,8.778125],"tintindex":0,"rotation":0,"texture":"#0"},"north":{"uv":[9.48125,8.659375,9.539583,8.778125],"tintindex":0,"rotation":0,"texture":"#0"},"west":{"uv":[9.48125,8.659375,9.539583,8.778125],"tintindex":0,"rotation":0,"texture":"#0"},"up":{"uv":[9.48125,8.659375,9.539583,8.778125],"tintindex":0,"rotation":0,"texture":"#0"},"down":{"uv":[9.48125,8.659375,9.539583,8.778125],"tintindex":0,"rotation":0,"texture":"#0"}}},{"from":[1.1680784,22.402489,9.273661],"to":[2.6783762,23.789497,10.74543],"faces":{"east":{"uv":[7.73125,14.596875,7.76875,14.621875],"tintindex":0,"rotation":0,"texture":"#0"},"south":{"uv":[7.73125,14.596875,7.76875,14.621875],"tintindex":0,"rotation":0,"texture":"#0"},"north":{"uv":[7.73125,14.596875,7.76875,14.621875],"tintindex":0,"rotation":0,"texture":"#0"},"west":{"uv":[7.73125,14.596875,7.76875,14.621875],"tintindex":0,"rotation":0,"texture":"#0"},"up":{"uv":[7.73125,14.596875,7.76875,14.621875],"tintindex":0,"rotation":0,"texture":"#0"},"down":{"uv":[7.73125,14.596875,7.76875,14.621875],"tintindex":0,"rotation":0,"texture":"#0"}},"rotation":{"origin":[3.219386,10.895874,8.138701],"angle":22.5,"axis":"z"}},{"from":[0.14079571,22.3172,8.796765],"to":[2.440917,23.981606,11.015978],"faces":{"east":{"uv":[9.689584,12.784375,9.727083,12.840625],"tintindex":0,"rotation":0,"texture":"#0"},"south":{"uv":[9.689584,12.784375,9.727083,12.840625],"tintindex":0,"rotation":0,"texture":"#0"},"north":{"uv":[9.689584,12.784375,9.727083,12.840625],"tintindex":0,"rotation":0,"texture":"#0"},"west":{"uv":[9.689584,12.784375,9.727083,12.840625],"tintindex":0,"rotation":0,"texture":"#0"},"up":{"uv":[9.689584,12.784375,9.727083,12.840625],"tintindex":0,"rotation":0,"texture":"#0"},"down":{"uv":[9.689584,12.784375,9.727083,12.840625],"tintindex":0,"rotation":0,"texture":"#0"}}},{"from":[14.901072,21.695541,8.658064],"to":[17.120283,25.85656,11.154678],"faces":{"east":{"uv":[7.60625,14.315625,7.64375,14.434375],"tintindex":0,"rotation":0,"texture":"#0"},"south":{"uv":[7.60625,14.315625,7.64375,14.434375],"tintindex":0,"rotation":0,"texture":"#0"},"north":{"uv":[7.60625,14.315625,7.64375,14.434375],"tintindex":0,"rotation":0,"texture":"#0"},"west":{"uv":[7.60625,14.315625,7.64375,14.434375],"tintindex":0,"rotation":0,"texture":"#0"},"up":{"uv":[7.60625,14.315625,7.64375,14.434375],"tintindex":0,"rotation":0,"texture":"#0"},"down":{"uv":[7.60625,14.315625,7.64375,14.434375],"tintindex":0,"rotation":0,"texture":"#0"}},"rotation":{"origin":[11.876444,7.2688675,8.0],"angle":45.0,"axis":"z"}},{"from":[0.09218979,6.735298,7.825859],"to":[3.1436071,10.896324,11.986883],"faces":{"east":{"uv":[9.460417,13.315625,9.51875,13.434375],"tintindex":0,"rotation":0,"texture":"#0"},"south":{"uv":[9.460417,13.315625,9.51875,13.434375],"tintindex":0,"rotation":0,"texture":"#0"},"north":{"uv":[9.460417,13.315625,9.51875,13.434375],"tintindex":0,"rotation":0,"texture":"#0"},"west":{"uv":[9.460417,13.315625,9.51875,13.434375],"tintindex":0,"rotation":0,"texture":"#0"},"up":{"uv":[9.460417,13.315625,9.51875,13.434375],"tintindex":0,"rotation":0,"texture":"#0"},"down":{"uv":[9.460417,13.315625,9.51875,13.434375],"tintindex":0,"rotation":0,"texture":"#0"}},"rotation":{"origin":[11.442156,1.6586151,7.722599],"angle":-22.5,"axis":"z"}},{"from":[2.6889343,22.210709,9.03864],"to":[5.7403517,23.875122,10.980451],"faces":{"east":{"uv":[9.585417,12.284375,9.64375,12.340625],"tintindex":0,"rotation":0,"texture":"#0"},"south":{"uv":[9.585417,12.284375,9.64375,12.340625],"tintindex":0,"rotation":0,"texture":"#0"},"north":{"uv":[9.585417,12.284375,9.64375,12.340625],"tintindex":0,"rotation":0,"texture":"#0"},"west":{"uv":[9.585417,12.284375,9.64375,12.340625],"tintindex":0,"rotation":0,"texture":"#0"},"up":{"uv":[9.585417,12.284375,9.64375,12.340625],"tintindex":0,"rotation":0,"texture":"#0"},"down":{"uv":[9.585417,12.284375,9.64375,12.340625],"tintindex":0,"rotation":0,"texture":"#0"}},"rotation":{"origin":[3.0912437,10.842796,8.0],"angle":22.5,"axis":"z"}},{"from":[0.49183655,22.456917,9.466301],"to":[1.7131739,23.651283,10.55279],"faces":{"east":{"uv":[9.772917,9.565625,9.789583,9.590625],"tintindex":0,"rotation":0,"texture":"#0"},"south":{"uv":[9.772917,9.565625,9.789583,9.590625],"tintindex":0,"rotation":0,"texture":"#0"},"north":{"uv":[9.772917,9.565625,9.789583,9.590625],"tintindex":0,"rotation":0,"texture":"#0"},"west":{"uv":[9.772917,9.565625,9.789583,9.590625],"tintindex":0,"rotation":0,"texture":"#0"},"up":{"uv":[9.772917,9.565625,9.789583,9.590625],"tintindex":0,"rotation":0,"texture":"#0"},"down":{"uv":[9.772917,9.565625,9.789583,9.590625],"tintindex":0,"rotation":0,"texture":"#0"}},"rotation":{"origin":[3.2421446,10.231087,8.122523],"angle":22.5,"axis":"z"}},{"from":[8.608669,18.175804,8.2419615],"to":[11.382685,22.336823,11.570781],"faces":{"east":{"uv":[6.022917,14.221875,6.08125,14.340625],"tintindex":0,"rotation":0,"texture":"#0"},"south":{"uv":[6.022917,14.221875,6.08125,14.340625],"tintindex":0,"rotation":0,"texture":"#0"},"north":{"uv":[6.022917,14.221875,6.08125,14.340625],"tintindex":0,"rotation":0,"texture":"#0"},"west":{"uv":[6.022917,14.221875,6.08125,14.340625],"tintindex":0,"rotation":0,"texture":"#0"},"up":{"uv":[6.022917,14.221875,6.08125,14.340625],"tintindex":0,"rotation":0,"texture":"#0"},"down":{"uv":[6.022917,14.221875,6.08125,14.340625],"tintindex":0,"rotation":0,"texture":"#0"}},"rotation":{"origin":[10.900812,7.267853,8.0],"angle":22.5,"axis":"z"}},{"from":[-0.5820503,4.519943,7.247939],"to":[3.8178473,8.680962,12.564803],"faces":{"east":{"uv":[9.314584,10.346875,9.39375,10.465625],"tintindex":0,"rotation":0,"texture":"#0"},"south":{"uv":[9.314584,10.346875,9.39375,10.465625],"tintindex":0,"rotation":0,"texture":"#0"},"north":{"uv":[9.314584,10.346875,9.39375,10.465625],"tintindex":0,"rotation":0,"texture":"#0"},"west":{"uv":[9.314584,10.346875,9.39375,10.465625],"tintindex":0,"rotation":0,"texture":"#0"},"up":{"uv":[9.314584,10.346875,9.39375,10.465625],"tintindex":0,"rotation":0,"texture":"#0"},"down":{"uv":[9.314584,10.346875,9.39375,10.465625],"tintindex":0,"rotation":0,"texture":"#0"}},"rotation":{"origin":[11.442156,1.6586151,7.722599],"angle":-22.5,"axis":"z"}}],"display":{"gui":{"rotation":[30,225,0]}}}