{"textures":{"0":"modelengine:entity/wu2"},"elements":[{"from":[6.3588214,6.9042206,2.79872],"to":[10.018982,10.371742,13.201281],"faces":{"east":{"uv":[7.210417,10.284375,7.414583,10.371875],"tintindex":0,"rotation":0,"texture":"#0"},"south":{"uv":[8.04375,14.190625,8.122916,14.278125],"tintindex":0,"rotation":0,"texture":"#0"},"north":{"uv":[9.460417,10.409375,9.539583,10.496875],"tintindex":0,"rotation":0,"texture":"#0"},"west":{"uv":[8.939584,8.253125,9.14375,8.340625],"tintindex":0,"rotation":0,"texture":"#0"},"up":{"uv":[6.64375,13.496875,6.5645833,13.190625],"tintindex":0,"rotation":0,"texture":"#0"},"down":{"uv":[6.727083,13.190625,6.647917,13.496875],"tintindex":0,"rotation":0,"texture":"#0"}}},{"from":[8.967677,12.616531,4.4361596],"to":[20.237118,14.735573,11.56384],"faces":{"east":{"uv":[9.35625,11.221875,9.497916,11.278125],"tintindex":0,"rotation":0,"texture":"#0"},"south":{"uv":[9.147917,8.003125,9.372916,8.059375],"tintindex":0,"rotation":0,"texture":"#0"},"north":{"uv":[9.147917,8.003125,9.372916,8.059375],"tintindex":0,"rotation":0,"texture":"#0"},"west":{"uv":[9.35625,12.878125,9.497916,12.934375],"tintindex":0,"rotation":0,"texture":"#0"},"up":{"uv":[8.352083,8.215625,8.127084,8.003125],"tintindex":0,"rotation":0,"texture":"#0"},"down":{"uv":[7.3104167,12.190625,7.085417,12.403125],"tintindex":0,"rotation":0,"texture":"#0"}},"rotation":{"origin":[19.384296,-0.5974388,8.0],"angle":45.0,"axis":"z"}},{"from":[13.943266,15.5967865,2.9913602],"to":[17.603424,17.523186,13.00864],"faces":{"east":{"uv":[9.16875,8.190625,9.372916,8.246875],"tintindex":0,"rotation":0,"texture":"#0"},"south":{"uv":[9.54375,9.284375,9.622916,9.340625],"tintindex":0,"rotation":0,"texture":"#0"},"north":{"uv":[9.54375,9.221875,9.622916,9.278125],"tintindex":0,"rotation":0,"texture":"#0"},"west":{"uv":[9.16875,8.596875,9.372916,8.653125],"tintindex":0,"rotation":0,"texture":"#0"},"up":{"uv":[8.39375,13.434375,8.314584,13.128125],"tintindex":0,"rotation":0,"texture":"#0"},"down":{"uv":[6.33125,13.190625,6.2520833,13.496875],"tintindex":0,"rotation":0,"texture":"#0"}},"rotation":{"origin":[19.447567,3.1533737,8.0],"angle":45.0,"axis":"z"}}],"display":{"gui":{"rotation":[30,225,0]}}}