{"textures":{"0":"modelengine:entity/wu2"},"elements":[{"from":[6.1,7.0,7.7],"to":[9.9,9.0,8.3],"faces":{"east":{"uv":[5.91875,7.0135417,6.14375,7.351042],"tintindex":0,"rotation":0,"texture":"#0"},"south":{"uv":[5.91875,7.0135417,6.14375,7.351042],"tintindex":0,"rotation":0,"texture":"#0"},"north":{"uv":[5.91875,7.0135417,6.14375,7.351042],"tintindex":0,"rotation":0,"texture":"#0"},"west":{"uv":[5.91875,7.0135417,6.14375,7.351042],"tintindex":0,"rotation":0,"texture":"#0"},"up":{"uv":[5.91875,7.0135417,6.14375,7.351042],"tintindex":0,"rotation":0,"texture":"#0"},"down":{"uv":[5.91875,7.0135417,6.14375,7.351042],"tintindex":0,"rotation":0,"texture":"#0"}}}],"display":{"gui":{"rotation":[30,225,0]}}}