{"textures":{"1":"modelengine:entity/wustick"},"elements":[{"from":[2.6639996,-2.5399933,6.2679996],"to":[13.3359995,6.540001,9.732],"faces":{"east":{"uv":[10.625,4.125,12.125,4.625],"tintindex":0,"rotation":0,"texture":"#1"},"south":{"uv":[10.625,4.125,12.125,4.625],"tintindex":0,"rotation":0,"texture":"#1"},"north":{"uv":[10.625,4.125,12.125,4.625],"tintindex":0,"rotation":0,"texture":"#1"},"west":{"uv":[10.625,4.125,12.125,4.625],"tintindex":0,"rotation":0,"texture":"#1"},"up":{"uv":[10.625,4.125,12.125,4.625],"tintindex":0,"rotation":0,"texture":"#1"},"down":{"uv":[10.625,4.125,12.125,4.625],"tintindex":0,"rotation":0,"texture":"#1"}}}],"display":{"gui":{"rotation":[30,225,0]}}}