{"textures":{"0":"modelengine:entity/wu2"},"elements":[{"from":[1.6098876,16.763626,7.6877565],"to":[2.1598878,17.313625,9.887756],"faces":{"east":{"uv":[12.439584,12.248959,12.602083,12.361459],"tintindex":0,"rotation":0,"texture":"#0"},"south":{"uv":[12.439584,12.248959,12.602083,12.361459],"tintindex":0,"rotation":0,"texture":"#0"},"north":{"uv":[12.439584,12.248959,12.602083,12.361459],"tintindex":0,"rotation":0,"texture":"#0"},"west":{"uv":[12.439584,12.248959,12.602083,12.361459],"tintindex":0,"rotation":0,"texture":"#0"},"up":{"uv":[12.439584,12.248959,12.602083,12.361459],"tintindex":0,"rotation":0,"texture":"#0"},"down":{"uv":[12.439584,12.248959,12.602083,12.361459],"tintindex":0,"rotation":0,"texture":"#0"}},"rotation":{"origin":[4.5348873,17.038624,10.837757],"angle":-45.0,"axis":"z"}},{"from":[2.8351684,13.598923,9.287756],"to":[7.335169,17.648922,10.387756],"faces":{"east":{"uv":[8.23125,12.315625,8.414583,12.559375],"tintindex":0,"rotation":0,"texture":"#0"},"south":{"uv":[8.23125,12.315625,8.414583,12.559375],"tintindex":0,"rotation":0,"texture":"#0"},"north":{"uv":[8.23125,12.065625,8.414583,12.309375],"tintindex":0,"rotation":0,"texture":"#0"},"west":{"uv":[6.085417,13.909375,6.1229167,14.153125],"tintindex":0,"rotation":0,"texture":"#0"},"up":{"uv":[9.435416,8.778125,9.252084,8.721875],"tintindex":0,"rotation":0,"texture":"#0"},"down":{"uv":[9.435416,8.784375,9.252084,8.840625],"tintindex":0,"rotation":0,"texture":"#0"}}},{"from":[10.8185425,13.954405,9.787756],"to":[14.0685425,14.404406,10.687757],"faces":{"east":{"uv":[12.439584,12.248959,12.602083,12.361459],"tintindex":0,"rotation":0,"texture":"#0"},"south":{"uv":[12.439584,12.248959,12.602083,12.361459],"tintindex":0,"rotation":0,"texture":"#0"},"north":{"uv":[12.439584,12.248959,12.602083,12.361459],"tintindex":0,"rotation":0,"texture":"#0"},"west":{"uv":[12.439584,12.248959,12.602083,12.361459],"tintindex":0,"rotation":0,"texture":"#0"},"up":{"uv":[12.439584,12.248959,12.602083,12.361459],"tintindex":0,"rotation":0,"texture":"#0"},"down":{"uv":[12.439584,12.248959,12.602083,12.361459],"tintindex":0,"rotation":0,"texture":"#0"}},"rotation":{"origin":[9.393543,15.879406,10.562757],"angle":45.0,"axis":"z"}},{"from":[1.968543,15.604404,9.787756],"to":[4.968543,16.054405,11.337757],"faces":{"east":{"uv":[12.439584,12.248959,12.602083,12.361459],"tintindex":0,"rotation":0,"texture":"#0"},"south":{"uv":[12.439584,12.248959,12.602083,12.361459],"tintindex":0,"rotation":0,"texture":"#0"},"north":{"uv":[12.439584,12.248959,12.602083,12.361459],"tintindex":0,"rotation":0,"texture":"#0"},"west":{"uv":[12.439584,12.248959,12.602083,12.361459],"tintindex":0,"rotation":0,"texture":"#0"},"up":{"uv":[12.439584,12.248959,12.602083,12.361459],"tintindex":0,"rotation":0,"texture":"#0"},"down":{"uv":[12.439584,12.248959,12.602083,12.361459],"tintindex":0,"rotation":0,"texture":"#0"}},"rotation":{"origin":[5.6435432,16.579407,10.562757],"angle":-45.0,"axis":"z"}},{"from":[4.0351686,1.7989235,6.1377563],"to":[12.535169,12.2989235,10.237757],"faces":{"east":{"uv":[6.835417,10.815625,6.9979167,11.465625],"tintindex":0,"rotation":0,"texture":"#0"},"south":{"uv":[5.6895833,8.003125,6.039583,8.653125],"tintindex":0,"rotation":0,"texture":"#0"},"north":{"uv":[5.335417,8.003125,5.6854167,8.653125],"tintindex":0,"rotation":0,"texture":"#0"},"west":{"uv":[6.835417,10.815625,6.9979167,11.465625],"tintindex":0,"rotation":0,"texture":"#0"},"up":{"uv":[7.6229167,8.996875,7.272917,8.753125],"tintindex":0,"rotation":0,"texture":"#0"},"down":{"uv":[7.6229167,9.003125,7.272917,9.246875],"tintindex":0,"rotation":0,"texture":"#0"}}},{"from":[2.5351686,13.598923,4.8877563],"to":[13.885168,18.748924,10.137756],"faces":{"east":{"uv":[7.73125,11.815625,7.9354167,12.121875],"tintindex":0,"rotation":0,"texture":"#0"},"south":{"uv":[5.710417,9.440625,6.1854167,9.746875],"tintindex":0,"rotation":0,"texture":"#0"},"north":{"uv":[6.210417,8.753125,6.6854167,9.059375],"tintindex":0,"rotation":0,"texture":"#0"},"west":{"uv":[5.8145833,11.846875,6.01875,12.153125],"tintindex":0,"rotation":0,"texture":"#0"},"up":{"uv":[6.664583,9.746875,6.1895833,9.440625],"tintindex":0,"rotation":0,"texture":"#0"},"down":{"uv":[6.9354167,8.003125,6.460417,8.309375],"tintindex":0,"rotation":0,"texture":"#0"}}},{"from":[2.8360548,18.637459,4.7377567],"to":[3.4360547,19.187458,6.4377565],"faces":{"east":{"uv":[12.439584,12.248959,12.602083,12.361459],"tintindex":0,"rotation":0,"texture":"#0"},"south":{"uv":[12.439584,12.248959,12.602083,12.361459],"tintindex":0,"rotation":0,"texture":"#0"},"north":{"uv":[12.439584,12.248959,12.602083,12.361459],"tintindex":0,"rotation":0,"texture":"#0"},"west":{"uv":[12.439584,12.248959,12.602083,12.361459],"tintindex":0,"rotation":0,"texture":"#0"},"up":{"uv":[12.439584,12.248959,12.602083,12.361459],"tintindex":0,"rotation":0,"texture":"#0"},"down":{"uv":[12.439584,12.248959,12.602083,12.361459],"tintindex":0,"rotation":0,"texture":"#0"}},"rotation":{"origin":[2.6610546,18.912457,6.2877564],"angle":-45.0,"axis":"y"}},{"from":[7.7107563,15.28273,5.3877563],"to":[13.710756,20.03273,9.637756],"faces":{"east":{"uv":[6.6895833,12.128125,6.852083,12.434375],"tintindex":0,"rotation":0,"texture":"#0"},"south":{"uv":[5.60625,11.440625,5.852083,11.746875],"tintindex":0,"rotation":0,"texture":"#0"},"north":{"uv":[6.6895833,8.753125,6.9354167,9.059375],"tintindex":0,"rotation":0,"texture":"#0"},"west":{"uv":[7.73125,12.128125,7.89375,12.434375],"tintindex":0,"rotation":0,"texture":"#0"},"up":{"uv":[8.164583,8.559375,7.91875,8.315625],"tintindex":0,"rotation":0,"texture":"#0"},"down":{"uv":[6.95625,11.878125,6.710417,12.121875],"tintindex":0,"rotation":0,"texture":"#0"}},"rotation":{"origin":[9.667325,17.321972,7.5127563],"angle":-22.5,"axis":"z"}},{"from":[4.2351685,15.948921,9.787756],"to":[6.2851686,17.998924,11.887756],"faces":{"east":{"uv":[12.48125,12.123959,12.577084,12.248959],"tintindex":0,"rotation":0,"texture":"#0"},"south":{"uv":[12.48125,12.123959,12.577084,12.248959],"tintindex":0,"rotation":0,"texture":"#0"},"north":{"uv":[12.48125,12.123959,12.577084,12.248959],"tintindex":0,"rotation":0,"texture":"#0"},"west":{"uv":[12.48125,12.123959,12.577084,12.248959],"tintindex":0,"rotation":0,"texture":"#0"},"up":{"uv":[12.48125,12.123959,12.577084,12.248959],"tintindex":0,"rotation":0,"texture":"#0"},"down":{"uv":[12.48125,12.123959,12.577084,12.248959],"tintindex":0,"rotation":0,"texture":"#0"}},"rotation":{"origin":[4.8601685,17.823921,10.837757],"angle":-22.5,"axis":"z"}},{"from":[3.5901046,10.287258,4.7877564],"to":[9.240105,13.637259,10.437757],"faces":{"east":{"uv":[8.10625,8.846875,8.33125,9.059375],"tintindex":0,"rotation":0,"texture":"#0"},"south":{"uv":[5.9395833,12.159375,6.164583,12.371875],"tintindex":0,"rotation":0,"texture":"#0"},"north":{"uv":[5.710417,12.159375,5.9354167,12.371875],"tintindex":0,"rotation":0,"texture":"#0"},"west":{"uv":[8.10625,9.065625,8.33125,9.278125],"tintindex":0,"rotation":0,"texture":"#0"},"up":{"uv":[7.83125,10.621875,7.60625,10.284375],"tintindex":0,"rotation":0,"texture":"#0"},"down":{"uv":[7.227083,11.409375,7.0020833,11.746875],"tintindex":0,"rotation":0,"texture":"#0"}}},{"from":[1.8128314,17.710682,6.2877564],"to":[3.8628316,19.760681,8.387756],"faces":{"east":{"uv":[12.48125,12.123959,12.577084,12.248959],"tintindex":0,"rotation":0,"texture":"#0"},"south":{"uv":[12.48125,12.123959,12.577084,12.248959],"tintindex":0,"rotation":0,"texture":"#0"},"north":{"uv":[12.48125,12.123959,12.577084,12.248959],"tintindex":0,"rotation":0,"texture":"#0"},"west":{"uv":[12.48125,12.123959,12.577084,12.248959],"tintindex":0,"rotation":0,"texture":"#0"},"up":{"uv":[12.48125,12.123959,12.577084,12.248959],"tintindex":0,"rotation":0,"texture":"#0"},"down":{"uv":[12.48125,12.123959,12.577084,12.248959],"tintindex":0,"rotation":0,"texture":"#0"}},"rotation":{"origin":[2.8378315,18.73568,6.8377566],"angle":-22.5,"axis":"z"}},{"from":[3.8476467,8.429426,6.0877566],