{"textures":{"0":"modelengine:entity/wu2"},"elements":[{"from":[7.56007,12.746685,-7.869424],"to":[8.212734,13.704105,-6.8445787],"faces":{"east":{"uv":[9.460417,13.315625,9.51875,13.409375],"tintindex":0,"rotation":0,"texture":"#0"},"south":{"uv":[9.460417,13.315625,9.51875,13.409375],"tintindex":0,"rotation":0,"texture":"#0"},"north":{"uv":[9.460417,13.315625,9.51875,13.409375],"tintindex":0,"rotation":0,"texture":"#0"},"west":{"uv":[9.460417,13.315625,9.51875,13.409375],"tintindex":0,"rotation":0,"texture":"#0"},"up":{"uv":[9.460417,13.315625,9.51875,13.409375],"tintindex":0,"rotation":0,"texture":"#0"},"down":{"uv":[9.460417,13.315625,9.51875,13.409375],"tintindex":0,"rotation":0,"texture":"#0"}},"rotation":{"origin":[8.0,6.724354,4.455188],"angle":22.5,"axis":"x"}},{"from":[7.627494,7.4277,-10.320221],"to":[8.14531,8.182846,-9.295376],"faces":{"east":{"uv":[9.460417,13.315625,9.51875,13.409375],"tintindex":0,"rotation":0,"texture":"#0"},"south":{"uv":[9.460417,13.315625,9.51875,13.409375],"tintindex":0,"rotation":0,"texture":"#0"},"north":{"uv":[9.460417,13.315625,9.51875,13.409375],"tintindex":0,"rotation":0,"texture":"#0"},"west":{"uv":[9.460417,13.315625,9.51875,13.409375],"tintindex":0,"rotation":0,"texture":"#0"},"up":{"uv":[9.460417,13.315625,9.51875,13.409375],"tintindex":0,"rotation":0,"texture":"#0"},"down":{"uv":[9.460417,13.315625,9.51875,13.409375],"tintindex":0,"rotation":0,"texture":"#0"}},"rotation":{"origin":[8.0,6.5805054,4.5994463],"angle":45.0,"axis":"x"}},{"from":[7.0881023,7.12788,-6.5488386],"to":[8.684703,9.23151,-5.052026],"faces":{"east":{"uv":[9.460417,13.315625,9.51875,13.409375],"tintindex":0,"rotation":0,"texture":"#0"},"south":{"uv":[9.460417,13.315625,9.51875,13.409375],"tintindex":0,"rotation":0,"texture":"#0"},"north":{"uv":[9.460417,13.315625,9.51875,13.409375],"tintindex":0,"rotation":0,"texture":"#0"},"west":{"uv":[9.460417,13.315625,9.51875,13.409375],"tintindex":0,"rotation":0,"texture":"#0"},"up":{"uv":[9.460417,13.315625,9.51875,13.409375],"tintindex":0,"rotation":0,"texture":"#0"},"down":{"uv":[9.460417,13.315625,9.51875,13.409375],"tintindex":0,"rotation":0,"texture":"#0"}},"rotation":{"origin":[8.0,8.0,8.0],"angle":45.0,"axis":"x"}},{"from":[6.7509823,19.826138,-1.6561804],"to":[9.021823,21.929768,2.0656233],"faces":{"east":{"uv":[9.314584,10.346875,9.39375,10.465625],"tintindex":0,"rotation":0,"texture":"#0"},"south":{"uv":[9.314584,10.346875,9.39375,10.465625],"tintindex":0,"rotation":0,"texture":"#0"},"north":{"uv":[9.314584,10.346875,9.39375,10.465625],"tintindex":0,"rotation":0,"texture":"#0"},"west":{"uv":[9.314584,10.346875,9.39375,10.465625],"tintindex":0,"rotation":0,"texture":"#0"},"up":{"uv":[9.314584,10.346875,9.39375,10.465625],"tintindex":0,"rotation":0,"texture":"#0"},"down":{"uv":[9.314584,10.346875,9.39375,10.465625],"tintindex":0,"rotation":0,"texture":"#0"}}},{"from":[7.4252224,16.612492,-3.6797895],"to":[8.347583,17.704762,-1.8458567],"faces":{"east":{"uv":[9.460417,13.315625,9.51875,13.409375],"tintindex":0,"rotation":0,"texture":"#0"},"south":{"uv":[9.460417,13.315625,9.51875,13.409375],"tintindex":0,"rotation":0,"texture":"#0"},"north":{"uv":[9.460417,13.315625,9.51875,13.409375],"tintindex":0,"rotation":0,"texture":"#0"},"west":{"uv":[9.460417,13.315625,9.51875,13.409375],"tintindex":0,"rotation":0,"texture":"#0"},"up":{"uv":[9.460417,13.315625,9.51875,13.409375],"tintindex":0,"rotation":0,"texture":"#0"},"down":{"uv":[9.460417,13.315625,9.51875,13.409375],"tintindex":0,"rotation":0,"texture":"#0"}}},{"from":[6.7509823,14.088528,-5.5849085],"to":[9.021823,16.192158,-3.4138556],"faces":{"east":{"uv":[9.460417,13.315625,9.51875,13.409375],"tintindex":0,"rotation":0,"texture":"#0"},"south":{"uv":[9.460417,13.315625,9.51875,13.409375],"tintindex":0,"rotation":0,"texture":"#0"},"north":{"uv":[9.460417,13.315625,9.51875,13.409375],"tintindex":0,"rotation":0,"texture":"#0"},"west":{"uv":[9.460417,13.315625,9.51875,13.409375],"tintindex":0,"rotation":0,"texture":"#0"},"up":{"uv":[9.460417,13.315625,9.51875,13.409375],"tintindex":0,"rotation":0,"texture":"#0"},"down":{"uv":[9.460417,13.315625,9.51875,13.409375],"tintindex":0,"rotation":0,"texture":"#0"}},"rotation":{"origin":[8.0,7.695366,7.717351],"angle":22.5,"axis":"x"}}],"display":{"gui":{"rotation":[30,225,0]}}}