{"textures":{"0":"modelengine:entity/reaperfinished"},"elements":[{"from":[4.823809,3.5089188,4.8719997],"to":[4.823809,8.268917,11.128],"faces":{"east":{"uv":[11.40625,2.925,11.6375,3.46875],"tintindex":0,"rotation":0,"texture":"#0"},"south":{"uv":[11.40625,2.925,11.6375,3.46875],"tintindex":0,"rotation":0,"texture":"#0"},"north":{"uv":[11.40625,2.925,11.6375,3.46875],"tintindex":0,"rotation":0,"texture":"#0"},"west":{"uv":[11.40625,2.925,11.6375,3.46875],"tintindex":0,"rotation":0,"texture":"#0"},"up":{"uv":[11.40625,2.925,11.6375,3.46875],"tintindex":0,"rotation":0,"texture":"#0"},"down":{"uv":[11.40625,2.925,11.6375,3.46875],"tintindex":0,"rotation":0,"texture":"#0"}},"rotation":{"origin":[11.718469,-1.0394363,8.0],"angle":-22.5,"axis":"z"}}],"display":{"gui":{"rotation":[30,225,0]}}}