{"textures":{"0":"modelengine:entity/reaperfinished"},"elements":[{"from":[10.865619,5.0702667,4.8719997],"to":[10.865619,9.830265,11.128],"faces":{"east":{"uv":[11.40625,2.925,11.6375,3.46875],"tintindex":0,"rotation":0,"texture":"#0"},"west":{"uv":[11.40625,2.925,11.6375,3.46875],"tintindex":0,"rotation":0,"texture":"#0"},"up":{"uv":[11.375,2.875,11.65625,3.46875],"tintindex":0,"rotation":0,"texture":"#0"}},"rotation":{"origin":[8.05096,0.5219116,8.0],"angle":22.5,"axis":"z"}}],"display":{"gui":{"rotation":[30,225,0]}}}