{"textures":{"0":"modelengine:entity/reaperfinished"},"elements":[{"from":[7.55936,8.156481,7.1432],"to":[8.4406395,8.93984,8.8568],"faces":{"east":{"uv":[11.75,9.125,11.828125,9.1875],"tintindex":0,"rotation":0,"texture":"#0"},"south":{"uv":[11.75,9.125,11.828125,9.1875],"tintindex":0,"rotation":0,"texture":"#0"},"north":{"uv":[11.75,9.125,11.828125,9.1875],"tintindex":0,"rotation":0,"texture":"#0"},"west":{"uv":[11.75,9.125,11.828125,9.1875],"tintindex":0,"rotation":0,"texture":"#0"},"up":{"uv":[11.75,9.125,11.828125,9.1875],"tintindex":0,"rotation":0,"texture":"#0"},"down":{"uv":[11.75,9.125,11.828125,9.1875],"tintindex":0,"rotation":0,"texture":"#0"}}},{"from":[7.55936,7.1119995,7.1432],"to":[8.4406395,8.04224,8.8568],"faces":{"east":{"uv":[12.5625,1.625,12.640625,1.6875],"tintindex":0,"rotation":0,"texture":"#0"},"south":{"uv":[12.5625,1.625,12.640625,1.6875],"tintindex":0,"rotation":0,"texture":"#0"},"north":{"uv":[12.5625,1.625,12.640625,1.6875],"tintindex":0,"rotation":0,"texture":"#0"},"west":{"uv":[12.5625,1.625,12.640625,1.6875],"tintindex":0,"rotation":0,"texture":"#0"},"up":{"uv":[12.5625,1.625,12.640625,1.6875],"tintindex":0,"rotation":0,"texture":"#0"},"down":{"uv":[12.5625,1.625,12.640625,1.6875],"tintindex":0,"rotation":0,"texture":"#0"}}},{"from":[7.55936,9.103041,7.1432],"to":[8.4406395,9.8864,8.8568],"faces":{"east":{"uv":[12.5,6.0,12.578125,6.09375],"tintindex":0,"rotation":0,"texture":"#0"},"south":{"uv":[12.5,6.0,12.578125,6.09375],"tintindex":0,"rotation":0,"texture":"#0"},"north":{"uv":[12.5,6.0,12.578125,6.09375],"tintindex":0,"rotation":0,"texture":"#0"},"west":{"uv":[12.5,6.0,12.578125,6.09375],"tintindex":0,"rotation":0,"texture":"#0"},"up":{"uv":[12.5,6.0,12.578125,6.09375],"tintindex":0,"rotation":0,"texture":"#0"},"down":{"uv":[12.5,6.0,12.578125,6.09375],"tintindex":0,"rotation":0,"texture":"#0"}}}],"display":{"gui":{"rotation":[30,225,0]}}}