{"textures":{"0":"modelengine:entity/reaperfinished"},"elements":[{"from":[7.31184,8.1728,6.3272],"to":[8.14416,8.9561615,8.0408],"faces":{"east":{"uv":[12.5625,8.625,12.640625,8.6875],"tintindex":0,"rotation":0,"texture":"#0"},"south":{"uv":[12.5625,8.625,12.640625,8.6875],"tintindex":0,"rotation":0,"texture":"#0"},"north":{"uv":[12.5625,8.625,12.640625,8.6875],"tintindex":0,"rotation":0,"texture":"#0"},"west":{"uv":[12.5625,8.625,12.640625,8.6875],"tintindex":0,"rotation":0,"texture":"#0"},"up":{"uv":[12.5625,8.625,12.640625,8.6875],"tintindex":0,"rotation":0,"texture":"#0"},"down":{"uv":[12.5625,8.625,12.640625,8.6875],"tintindex":0,"rotation":0,"texture":"#0"}}},{"from":[7.31184,9.119362,6.3272],"to":[8.14416,9.85376,8.0408],"faces":{"east":{"uv":[10.4375,9.125,10.515625,9.1875],"tintindex":0,"rotation":0,"texture":"#0"},"south":{"uv":[10.4375,9.125,10.515625,9.1875],"tintindex":0,"rotation":0,"texture":"#0"},"north":{"uv":[10.4375,9.125,10.515625,9.1875],"tintindex":0,"rotation":0,"texture":"#0"},"west":{"uv":[10.4375,9.125,10.515625,9.1875],"tintindex":0,"rotation":0,"texture":"#0"},"up":{"uv":[10.4375,9.125,10.515625,9.1875],"tintindex":0,"rotation":0,"texture":"#0"},"down":{"uv":[10.4375,9.125,10.515625,9.1875],"tintindex":0,"rotation":0,"texture":"#0"}}},{"from":[7.31184,7.1283207,6.3272],"to":[8.14416,8.009602,8.0408],"faces":{"east":{"uv":[11.75,9.0,11.828125,9.09375],"tintindex":0,"rotation":0,"texture":"#0"},"south":{"uv":[11.75,9.0,11.828125,9.09375],"tintindex":0,"rotation":0,"texture":"#0"},"north":{"uv":[11.75,9.0,11.828125,9.09375],"tintindex":0,"rotation":0,"texture":"#0"},"west":{"uv":[11.75,9.0,11.828125,9.09375],"tintindex":0,"rotation":0,"texture":"#0"},"up":{"uv":[11.75,9.0,11.828125,9.09375],"tintindex":0,"rotation":0,"texture":"#0"},"down":{"uv":[11.75,9.0,11.828125,9.09375],"tintindex":0,"rotation":0,"texture":"#0"}}}],"display":{"gui":{"rotation":[30,225,0]}}}