{"textures":{"0":"modelengine:entity/reaperfinished"},"elements":[{"from":[3.512,9.355999,5.62],"to":[12.488001,17.788002,10.38],"faces":{"east":{"uv":[10.8125,5.625,11.03125,6.4],"tintindex":0,"rotation":0,"texture":"#0"},"south":{"uv":[10.8125,5.625,11.21875,6.40625],"tintindex":0,"rotation":0,"texture":"#0"},"north":{"uv":[10.8125,5.625,11.21875,6.40625],"tintindex":0,"rotation":0,"texture":"#0"},"west":{"uv":[10.8125,5.625,11.03125,6.4],"tintindex":0,"rotation":0,"texture":"#0"},"up":{"uv":[10.8125,5.625,11.225,6.0625],"tintindex":0,"rotation":0,"texture":"#0"},"down":{"uv":[10.8125,5.625,11.225,6.0625],"tintindex":0,"rotation":0,"texture":"#0"}}},{"from":[8.0,6.2793503,6.551488],"to":[8.0,13.0793495,13.895488],"faces":{"east":{"uv":[10.25,8.25,10.4375,8.71875],"tintindex":0,"rotation":180,"texture":"#0"},"west":{"uv":[10.25,8.25,10.4375,8.71875],"tintindex":0,"rotation":0,"texture":"#0"}},"rotation":{"origin":[8.0,14.7113495,3.7634878],"angle":-22.5,"axis":"x"}}],"display":{"gui":{"rotation":[30,225,0]}}}