{"textures":{"0":"modelengine:entity/reaperfinished"},"elements":[{"from":[2.9667516,8.099361,6.0085497],"to":[3.7011514,8.98064,8.015909],"faces":{"east":{"uv":[12.625,0.5,12.734375,0.53125],"tintindex":0,"rotation":0,"texture":"#0"},"south":{"uv":[12.625,0.5,12.734375,0.53125],"tintindex":0,"rotation":0,"texture":"#0"},"north":{"uv":[12.625,0.5,12.734375,0.53125],"tintindex":0,"rotation":0,"texture":"#0"},"west":{"uv":[12.625,0.5,12.734375,0.53125],"tintindex":0,"rotation":0,"texture":"#0"},"up":{"uv":[12.625,0.5,12.734375,0.53125],"tintindex":0,"rotation":0,"texture":"#0"},"down":{"uv":[12.625,0.5,12.734375,0.53125],"tintindex":0,"rotation":0,"texture":"#0"}},"rotation":{"origin":[5.2790313,9.090801,-4.0830717],"angle":22.5,"axis":"y"}}],"display":{"gui":{"rotation":[30,225,0]}}}