{"textures":{"0":"modelengine:entity/reaperfinished"},"elements":[{"from":[6.2773333,-2.069334,6.164],"to":[9.8133335,8.086666,9.836],"faces":{"east":{"uv":[9.6875,8.25,9.8125,8.96875],"tintindex":0,"rotation":180,"texture":"#0"},"south":{"uv":[9.6875,8.25,9.8125,8.96875],"tintindex":0,"rotation":180,"texture":"#0"},"north":{"uv":[9.6875,8.25,9.8125,8.96875],"tintindex":0,"rotation":180,"texture":"#0"},"west":{"uv":[9.6875,8.25,9.8125,8.96875],"tintindex":0,"rotation":180,"texture":"#0"},"up":{"uv":[9.6875,8.25,9.8125,8.96875],"tintindex":0,"rotation":180,"texture":"#0"},"down":{"uv":[9.6875,8.25,9.8125,8.96875],"tintindex":0,"rotation":180,"texture":"#0"}}}],"display":{"gui":{"rotation":[30,225,0]}}}