{"textures":{"0":"modelengine:entity/reaperfinished"},"elements":[{"from":[4.866557,8.148319,6.166653],"to":[5.3561573,8.833759,6.852093],"faces":{"east":{"uv":[10.96875,9.25,10.9375,9.3125],"tintindex":0,"rotation":0,"texture":"#0"},"south":{"uv":[10.96875,9.25,10.9375,9.3125],"tintindex":0,"rotation":0,"texture":"#0"},"north":{"uv":[10.96875,9.25,10.9375,9.3125],"tintindex":0,"rotation":0,"texture":"#0"},"west":{"uv":[10.96875,9.25,10.9375,9.3125],"tintindex":0,"rotation":0,"texture":"#0"},"up":{"uv":[10.96875,9.25,10.9375,9.3125],"tintindex":0,"rotation":0,"texture":"#0"},"down":{"uv":[10.96875,9.25,10.9375,9.3125],"tintindex":0,"rotation":0,"texture":"#0"}},"rotation":{"origin":[7.325717,8.99288,-0.2040081],"angle":22.5,"axis":"y"}},{"from":[4.768637,8.39312,6.803133],"to":[4.9916773,8.7848,7.488573],"faces":{"east":{"uv":[12.65625,3.125,12.625,3.1875],"tintindex":0,"rotation":0,"texture":"#0"},"south":{"uv":[12.65625,3.125,12.625,3.1875],"tintindex":0,"rotation":0,"texture":"#0"},"north":{"uv":[12.65625,3.125,12.625,3.1875],"tintindex":0,"rotation":0,"texture":"#0"},"west":{"uv":[12.65625,3.125,12.625,3.1875],"tintindex":0,"rotation":0,"texture":"#0"},"up":{"uv":[12.65625,3.125,12.625,3.1875],"tintindex":0,"rotation":0,"texture":"#0"},"down":{"uv":[12.65625,3.125,12.625,3.1875],"tintindex":0,"rotation":0,"texture":"#0"}},"rotation":{"origin":[7.325717,8.99288,-0.2040081],"angle":22.5,"axis":"y"}}],"display":{"gui":{"rotation":[30,225,0]}}}