{"textures":{"0":"modelengine:entity/reaperfinished"},"elements":[{"from":[6.3,-10.952002,7.6],"to":[9.564,0.3359995,11.0],"faces":{"east":{"uv":[11.75,8.0,11.875,8.9375],"tintindex":0,"rotation":180,"texture":"#0"},"south":{"uv":[11.75,8.0,11.875,8.9375],"tintindex":0,"rotation":180,"texture":"#0"},"north":{"uv":[11.75,8.0,11.875,8.9375],"tintindex":0,"rotation":180,"texture":"#0"},"west":{"uv":[11.75,8.0,11.875,8.9375],"tintindex":0,"rotation":180,"texture":"#0"},"up":{"uv":[11.75,8.0,11.875,8.9375],"tintindex":0,"rotation":180,"texture":"#0"},"down":{"uv":[11.75,8.0,11.875,8.9375],"tintindex":0,"rotation":180,"texture":"#0"}}},{"from":[6.708,0.3359995,7.8719997],"to":[9.4279995,8.023998,10.728],"faces":{"east":{"uv":[11.75,8.0,11.875,8.9125],"tintindex":0,"rotation":0,"texture":"#0"},"south":{"uv":[11.75,8.0,11.875,8.9125],"tintindex":0,"rotation":0,"texture":"#0"},"north":{"uv":[11.75,8.0,11.875,8.9125],"tintindex":0,"rotation":0,"texture":"#0"},"west":{"uv":[11.75,8.0,11.875,8.9125],"tintindex":0,"rotation":0,"texture":"#0"},"up":{"uv":[11.75,8.0,11.875,8.9125],"tintindex":0,"rotation":0,"texture":"#0"},"down":{"uv":[11.75,8.0,11.875,8.9125],"tintindex":0,"rotation":0,"texture":"#0"}}}],"display":{"gui":{"rotation":[30,225,0]}}}