{"textures":{"0":"modelengine:entity/reaperfinished"},"elements":[{"from":[-0.29599953,-3.7248497,8.349062],"to":[16.296,8.515152,8.349062],"faces":{"south":{"uv":[8.6875,2.625,9.328125,3.53125],"tintindex":0,"rotation":0,"texture":"#0"},"north":{"uv":[8.6875,2.625,9.328125,3.53125],"tintindex":0,"rotation":0,"texture":"#0"}},"rotation":{"origin":[8.0,8.243153,5.561062],"angle":-22.5,"axis":"x"}}],"display":{"gui":{"rotation":[30,225,0]}}}