{"textures":{"0":"modelengine:entity/reaperfinished"},"elements":[{"from":[7.864,-6.827999,-3.4920006],"to":[7.864,13.028,10.924],"faces":{"east":{"uv":[9.375,2.625,10.03125,4.4375],"tintindex":0,"rotation":0,"texture":"#0"},"west":{"uv":[13.109375,2.65625,13.765625,4.46875],"tintindex":0,"rotation":0,"texture":"#0"}},"rotation":{"origin":[8.0,3.1000004,4.1919994],"angle":-45.0,"axis":"x"}}],"display":{"gui":{"rotation":[30,225,0]}}}