{"textures":{"0":"modelengine:entity/reaperfinished"},"elements":[{"from":[1.0640001,-10.594751,15.438751],"to":[14.936001,11.301249,15.438751],"faces":{"south":{"uv":[8.6875,2.625,9.328125,4.625],"tintindex":0,"rotation":0,"texture":"#0"},"north":{"uv":[8.6875,2.625,9.328125,4.625],"tintindex":0,"rotation":0,"texture":"#0"}},"rotation":{"origin":[7.32,1.373249,15.438751],"angle":-45.0,"axis":"x"}}],"display":{"gui":{"rotation":[30,225,0]}}}