{"textures":{"0":"modelengine:entity/reaperfinished"},"elements":[{"from":[5.8240004,-1.8880005,5.552],"to":[9.360001,8.268,9.224],"faces":{"east":{"uv":[9.6875,8.25,9.8125,8.96875],"tintindex":0,"rotation":180,"texture":"#0"},"south":{"uv":[9.6875,8.25,9.8125,8.96875],"tintindex":0,"rotation":180,"texture":"#0"},"north":{"uv":[9.6875,8.25,9.8125,8.96875],"tintindex":0,"rotation":180,"texture":"#0"},"west":{"uv":[9.6875,8.25,9.8125,8.96875],"tintindex":0,"rotation":180,"texture":"#0"},"up":{"uv":[9.6875,8.25,9.8125,8.96875],"tintindex":0,"rotation":180,"texture":"#0"},"down":{"uv":[9.6875,8.25,9.8125,8.96875],"tintindex":0,"rotation":180,"texture":"#0"}}}],"display":{"gui":{"rotation":[30,225,0]}}}