{"textures":{"0":"modelengine:entity/reaperfinished"},"elements":[{"from":[11.759806,7.804161,6.2649612],"to":[12.298366,8.195839,8.664001],"faces":{"east":{"uv":[12.625,0.5,12.734375,0.53125],"tintindex":0,"rotation":0,"texture":"#0"},"south":{"uv":[12.5625,9.25,12.59375,9.28125],"tintindex":0,"rotation":0,"texture":"#0"},"north":{"uv":[12.625,8.875,12.65625,8.90625],"tintindex":0,"rotation":0,"texture":"#0"},"west":{"uv":[12.625,0.625,12.734375,0.65625],"tintindex":0,"rotation":0,"texture":"#0"},"up":{"uv":[12.03125,9.21875,12.0,9.0],"tintindex":0,"rotation":0,"texture":"#0"},"down":{"uv":[12.53125,8.0,12.5,8.21875],"tintindex":0,"rotation":0,"texture":"#0"}},"rotation":{"origin":[9.925261,6.1830387,-2.6455498],"angle":-22.5,"axis":"y"}}],"display":{"gui":{"rotation":[30,225,0]}}}