{"textures":{"0":"modelengine:entity/reaperfinished"},"elements":[{"from":[7.5593596,8.156481,6.0552],"to":[8.4406395,8.93984,7.7688],"faces":{"east":{"uv":[12.5625,8.625,12.640625,8.6875],"tintindex":0,"rotation":0,"texture":"#0"},"south":{"uv":[12.5625,8.625,12.640625,8.6875],"tintindex":0,"rotation":0,"texture":"#0"},"north":{"uv":[12.5625,8.625,12.640625,8.6875],"tintindex":0,"rotation":0,"texture":"#0"},"west":{"uv":[12.5625,8.625,12.640625,8.6875],"tintindex":0,"rotation":0,"texture":"#0"},"up":{"uv":[12.5625,8.625,12.640625,8.6875],"tintindex":0,"rotation":0,"texture":"#0"},"down":{"uv":[12.5625,8.625,12.640625,8.6875],"tintindex":0,"rotation":0,"texture":"#0"}}},{"from":[7.5593596,7.1119995,6.0552],"to":[8.4406395,8.04224,7.7688],"faces":{"east":{"uv":[10.4375,9.125,10.515625,9.1875],"tintindex":0,"rotation":0,"texture":"#0"},"south":{"uv":[10.4375,9.125,10.515625,9.1875],"tintindex":0,"rotation":0,"texture":"#0"},"north":{"uv":[10.4375,9.125,10.515625,9.1875],"tintindex":0,"rotation":0,"texture":"#0"},"west":{"uv":[10.4375,9.125,10.515625,9.1875],"tintindex":0,"rotation":0,"texture":"#0"},"up":{"uv":[10.4375,9.125,10.515625,9.1875],"tintindex":0,"rotation":0,"texture":"#0"},"down":{"uv":[10.4375,9.125,10.515625,9.1875],"tintindex":0,"rotation":0,"texture":"#0"}}},{"from":[7.5593596,9.103041,6.0552],"to":[8.4406395,9.8864,7.7688],"faces":{"east":{"uv":[11.75,9.0,11.828125,9.09375],"tintindex":0,"rotation":0,"texture":"#0"},"south":{"uv":[11.75,9.0,11.828125,9.09375],"tintindex":0,"rotation":0,"texture":"#0"},"north":{"uv":[11.75,9.0,11.828125,9.09375],"tintindex":0,"rotation":0,"texture":"#0"},"west":{"uv":[11.75,9.0,11.828125,9.09375],"tintindex":0,"rotation":0,"texture":"#0"},"up":{"uv":[11.75,9.0,11.828125,9.09375],"tintindex":0,"rotation":0,"texture":"#0"},"down":{"uv":[11.75,9.0,11.828125,9.09375],"tintindex":0,"rotation":0,"texture":"#0"}}}],"display":{"gui":{"rotation":[30,225,0]}}}