{"textures":{"0":"modelengine:entity/reaperfinished"},"elements":[{"from":[2.084,-4.2294254,14.00051],"to":[13.780001,9.098576,14.00051],"faces":{"south":{"uv":[8.0,4.625,8.640625,5.6875],"tintindex":0,"rotation":0,"texture":"#0"},"north":{"uv":[10.875,11.25,11.515625,13.0625],"tintindex":0,"rotation":0,"texture":"#0"}},"rotation":{"origin":[7.388,0.80257607,14.00051],"angle":-22.5,"axis":"x"}}],"display":{"gui":{"rotation":[30,225,0]}}}