{"textures":{"0":"modelengine:entity/reaperfinished"},"elements":[{"from":[3.77815,8.099361,5.237967],"to":[4.5125504,8.98064,7.685967],"faces":{"east":{"uv":[10.96875,9.0,10.9375,9.21875],"tintindex":0,"rotation":0,"texture":"#0"},"south":{"uv":[10.96875,9.0,10.9375,9.21875],"tintindex":0,"rotation":0,"texture":"#0"},"north":{"uv":[10.96875,9.0,10.9375,9.21875],"tintindex":0,"rotation":0,"texture":"#0"},"west":{"uv":[10.96875,9.0,10.9375,9.21875],"tintindex":0,"rotation":0,"texture":"#0"},"up":{"uv":[10.96875,9.0,10.9375,9.21875],"tintindex":0,"rotation":0,"texture":"#0"},"down":{"uv":[10.96875,9.0,10.9375,9.21875],"tintindex":0,"rotation":0,"texture":"#0"}},"rotation":{"origin":[6.38419,9.090801,-2.4546146],"angle":22.5,"axis":"y"}}],"display":{"gui":{"rotation":[30,225,0]}}}