{"textures":{"0":"modelengine:entity/reaperfinished"},"elements":[{"from":[10.483497,8.12384,6.8576837],"to":[11.022057,8.9072,7.5431237],"faces":{"east":{"uv":[12.65625,3.125,12.625,3.1875],"tintindex":0,"rotation":0,"texture":"#0"},"south":{"uv":[12.65625,3.125,12.625,3.1875],"tintindex":0,"rotation":0,"texture":"#0"},"north":{"uv":[12.65625,3.125,12.625,3.1875],"tintindex":0,"rotation":0,"texture":"#0"},"west":{"uv":[12.65625,3.125,12.625,3.1875],"tintindex":0,"rotation":0,"texture":"#0"},"up":{"uv":[12.65625,3.125,12.625,3.1875],"tintindex":0,"rotation":0,"texture":"#0"},"down":{"uv":[12.65625,3.125,12.625,3.1875],"tintindex":0,"rotation":0,"texture":"#0"}},"rotation":{"origin":[8.6489525,7.8246384,0.6399727],"angle":-22.5,"axis":"y"}},{"from":[10.3366165,8.172798,6.221204],"to":[10.875177,8.9561615,6.906644],"faces":{"east":{"uv":[10.96875,9.25,10.9375,9.3125],"tintindex":0,"rotation":0,"texture":"#0"},"south":{"uv":[10.96875,9.25,10.9375,9.3125],"tintindex":0,"rotation":0,"texture":"#0"},"north":{"uv":[10.96875,9.25,10.9375,9.3125],"tintindex":0,"rotation":0,"texture":"#0"},"west":{"uv":[10.96875,9.25,10.9375,9.3125],"tintindex":0,"rotation":0,"texture":"#0"},"up":{"uv":[10.96875,9.25,10.9375,9.3125],"tintindex":0,"rotation":0,"texture":"#0"},"down":{"uv":[10.96875,9.25,10.9375,9.3125],"tintindex":0,"rotation":0,"texture":"#0"}},"rotation":{"origin":[8.6489525,7.8246384,0.6399727],"angle":-22.5,"axis":"y"}}],"display":{"gui":{"rotation":[30,225,0]}}}