{"textures":{"0":"modelengine:entity/reaperfinished"},"elements":[{"from":[10.88418,8.0504,6.5614395],"to":[11.667541,9.029598,9.009439],"faces":{"east":{"uv":[10.96875,9.0,10.9375,9.21875],"tintindex":0,"rotation":0,"texture":"#0"},"south":{"uv":[10.96875,9.0,10.9375,9.21875],"tintindex":0,"rotation":0,"texture":"#0"},"north":{"uv":[10.96875,9.0,10.9375,9.21875],"tintindex":0,"rotation":0,"texture":"#0"},"west":{"uv":[10.96875,9.0,10.9375,9.21875],"tintindex":0,"rotation":0,"texture":"#0"},"up":{"uv":[10.96875,9.0,10.9375,9.21875],"tintindex":0,"rotation":0,"texture":"#0"},"down":{"uv":[10.96875,9.0,10.9375,9.21875],"tintindex":0,"rotation":0,"texture":"#0"}},"rotation":{"origin":[9.098596,7.8491173,-0.341712],"angle":-22.5,"axis":"y"}}],"display":{"gui":{"rotation":[30,225,0]}}}