{"textures":{"0":"modelengine:entity/reaperfinished"},"elements":[{"from":[-0.29599953,-7.8586063,3.5938864],"to":[16.296,6.557392,3.5938864],"faces":{"south":{"uv":[8.6875,3.53125,9.328125,4.59375],"tintindex":0,"rotation":0,"texture":"#0"},"north":{"uv":[8.6875,3.53125,9.328125,4.625],"tintindex":0,"rotation":0,"texture":"#0"}},"rotation":{"origin":[8.0,18.525394,0.80588627],"angle":-22.5,"axis":"x"}}],"display":{"gui":{"rotation":[30,225,0]}}}