{"textures":{"0":"modelengine:entity/reaperfinished"},"elements":[{"from":[7.5838404,9.119362,6.3272],"to":[8.416161,9.85376,8.0408],"faces":{"east":{"uv":[12.5625,1.625,12.640625,1.6875],"tintindex":0,"rotation":0,"texture":"#0"},"south":{"uv":[12.5625,1.625,12.640625,1.6875],"tintindex":0,"rotation":0,"texture":"#0"},"north":{"uv":[12.5625,1.625,12.640625,1.6875],"tintindex":0,"rotation":0,"texture":"#0"},"west":{"uv":[12.5625,1.625,12.640625,1.6875],"tintindex":0,"rotation":0,"texture":"#0"},"up":{"uv":[12.5625,1.625,12.640625,1.6875],"tintindex":0,"rotation":0,"texture":"#0"},"down":{"uv":[12.5625,1.625,12.640625,1.6875],"tintindex":0,"rotation":0,"texture":"#0"}}},{"from":[7.5838404,7.1283207,6.3272],"to":[8.416161,8.009602,8.0408],"faces":{"east":{"uv":[12.5,6.0,12.578125,6.09375],"tintindex":0,"rotation":0,"texture":"#0"},"south":{"uv":[12.5,6.0,12.578125,6.09375],"tintindex":0,"rotation":0,"texture":"#0"},"north":{"uv":[12.5,6.0,12.578125,6.09375],"tintindex":0,"rotation":0,"texture":"#0"},"west":{"uv":[12.5,6.0,12.578125,6.09375],"tintindex":0,"rotation":0,"texture":"#0"},"up":{"uv":[12.5,6.0,12.578125,6.09375],"tintindex":0,"rotation":0,"texture":"#0"},"down":{"uv":[12.5,6.0,12.578125,6.09375],"tintindex":0,"rotation":0,"texture":"#0"}}},{"from":[7.5838404,8.1728,6.3272],"to":[8.416161,8.9561615,8.0408],"faces":{"east":{"uv":[11.75,9.125,11.828125,9.1875],"tintindex":0,"rotation":0,"texture":"#0"},"south":{"uv":[11.75,9.125,11.828125,9.1875],"tintindex":0,"rotation":0,"texture":"#0"},"north":{"uv":[11.75,9.125,11.828125,9.1875],"tintindex":0,"rotation":0,"texture":"#0"},"west":{"uv":[11.75,9.125,11.828125,9.1875],"tintindex":0,"rotation":0,"texture":"#0"},"up":{"uv":[11.75,9.125,11.828125,9.1875],"tintindex":0,"rotation":0,"texture":"#0"},"down":{"uv":[11.75,9.125,11.828125,9.1875],"tintindex":0,"rotation":0,"texture":"#0"}}}],"display":{"gui":{"rotation":[30,225,0]}}}