{"textures":{"0":"modelengine:entity/reaperfinished"},"elements":[{"from":[6.436,-11.158234,7.6371546],"to":[9.7,0.12976551,11.037154],"faces":{"east":{"uv":[11.75,8.0,11.875,8.9375],"tintindex":0,"rotation":180,"texture":"#0"},"south":{"uv":[11.75,8.0,11.875,8.9375],"tintindex":0,"rotation":180,"texture":"#0"},"north":{"uv":[11.75,8.0,11.875,8.9375],"tintindex":0,"rotation":180,"texture":"#0"},"west":{"uv":[11.75,8.0,11.875,8.9375],"tintindex":0,"rotation":180,"texture":"#0"},"up":{"uv":[11.75,8.0,11.875,8.9375],"tintindex":0,"rotation":180,"texture":"#0"},"down":{"uv":[11.75,8.0,11.875,8.9375],"tintindex":0,"rotation":180,"texture":"#0"}}},{"from":[6.572,0.12976551,7.9091544],"to":[9.292,7.817766,10.765154],"faces":{"east":{"uv":[11.75,8.0,11.875,8.9125],"tintindex":0,"rotation":0,"texture":"#0"},"south":{"uv":[11.75,8.0,11.875,8.9125],"tintindex":0,"rotation":0,"texture":"#0"},"north":{"uv":[11.75,8.0,11.875,8.9125],"tintindex":0,"rotation":0,"texture":"#0"},"west":{"uv":[11.75,8.0,11.875,8.9125],"tintindex":0,"rotation":0,"texture":"#0"},"up":{"uv":[11.75,8.0,11.875,8.9125],"tintindex":0,"rotation":0,"texture":"#0"},"down":{"uv":[11.75,8.0,11.875,8.9125],"tintindex":0,"rotation":0,"texture":"#0"}}}],"display":{"gui":{"rotation":[30,225,0]}}}