{"textures":{"0":"modelengine:entity/reaperfinished"},"elements":[{"from":[8.068,-9.816582,-1.6814108],"to":[8.068,11.1274185,11.78259],"faces":{"east":{"uv":[10.3125,0.0,10.9375,1.8125],"tintindex":0,"rotation":0,"texture":"#0"},"west":{"uv":[13.046875,0.0,13.671875,1.8125],"tintindex":0,"rotation":0,"texture":"#0"}},"rotation":{"origin":[3.8519998,6.911419,8.45059],"angle":-22.5,"axis":"x"}}],"display":{"gui":{"rotation":[30,225,0]}}}