{"textures":{"0":"modelengine:entity/reaperfinished"},"elements":[{"from":[3.2400002,-11.164303,3.7188206],"to":[12.76,10.595699,3.7188206],"faces":{"south":{"uv":[10.0625,5.625,10.4375,6.59375],"tintindex":0,"rotation":0,"texture":"#0"},"north":{"uv":[10.0625,5.625,10.4375,6.59375],"tintindex":0,"rotation":0,"texture":"#0"}},"rotation":{"origin":[8.0,-0.8283024,2.9028196],"angle":22.5,"axis":"x"}}],"display":{"gui":{"rotation":[30,225,0]}}}