{"textures":{"0":"modelengine:entity/reaperfinished"},"elements":[{"from":[6.572,-7.1000004,6.3],"to":[9.428,-2.0680008,7.796],"faces":{"east":{"uv":[9.6875,8.25,9.8125,8.96875],"tintindex":0,"rotation":0,"texture":"#0"},"south":{"uv":[9.6875,8.25,9.8125,8.96875],"tintindex":0,"rotation":0,"texture":"#0"},"north":{"uv":[9.6875,8.25,9.8125,8.96875],"tintindex":0,"rotation":0,"texture":"#0"},"west":{"uv":[9.6875,8.25,9.8125,8.96875],"tintindex":0,"rotation":0,"texture":"#0"},"up":{"uv":[9.6875,8.25,9.8125,8.96875],"tintindex":0,"rotation":0,"texture":"#0"},"down":{"uv":[9.6875,8.25,9.8125,8.96875],"tintindex":0,"rotation":0,"texture":"#0"}}},{"from":[6.572,-2.2040024,6.028],"to":[9.428,7.9959984,9.156],"faces":{"east":{"uv":[11.75,8.0,11.875,8.9375],"tintindex":0,"rotation":0,"texture":"#0"},"south":{"uv":[11.75,8.0,11.875,8.9375],"tintindex":0,"rotation":0,"texture":"#0"},"north":{"uv":[11.75,8.0,11.875,8.9375],"tintindex":0,"rotation":0,"texture":"#0"},"west":{"uv":[11.75,8.0,11.875,8.9375],"tintindex":0,"rotation":0,"texture":"#0"},"up":{"uv":[11.75,8.0,11.875,8.9375],"tintindex":0,"rotation":0,"texture":"#0"},"down":{"uv":[11.75,8.0,11.875,8.9375],"tintindex":0,"rotation":0,"texture":"#0"}}}],"display":{"gui":{"rotation":[30,225,0]}}}