{"textures":{"0":"modelengine:entity/reaperfinished"},"elements":[{"from":[5.8240004,-6.491417,8.812583],"to":[5.8240004,13.364582,23.228584],"faces":{"east":{"uv":[9.375,2.625,10.03125,4.4375],"tintindex":0,"rotation":0,"texture":"#0"},"west":{"uv":[13.109375,2.65625,13.765625,4.46875],"tintindex":0,"rotation":0,"texture":"#0"}},"rotation":{"origin":[8.136,3.4365826,16.496582],"angle":-45.0,"axis":"x"}}],"display":{"gui":{"rotation":[30,225,0]}}}