{"textures":{"0":"modelengine:entity/reaperfinished"},"elements":[{"from":[8.0,6.570595,8.773753],"to":[8.0,13.370594,16.661753],"faces":{"east":{"uv":[10.25,8.25,10.4375,8.71875],"tintindex":0,"rotation":180,"texture":"#0"},"west":{"uv":[10.25,8.25,10.4375,8.71875],"tintindex":0,"rotation":0,"texture":"#0"}}},{"from":[4.0559998,9.084,6.028],"to":[11.944,15.883999,9.972],"faces":{"east":{"uv":[9.625,1.875,9.80625,2.5],"tintindex":0,"rotation":0,"texture":"#0"},"south":{"uv":[9.625,1.875,9.984375,2.5],"tintindex":0,"rotation":0,"texture":"#0"},"north":{"uv":[9.625,1.875,9.984375,2.5],"tintindex":0,"rotation":0,"texture":"#0"},"west":{"uv":[9.625,1.875,9.80625,2.5],"tintindex":0,"rotation":0,"texture":"#0"},"up":{"uv":[9.625,1.875,9.984375,2.5],"tintindex":0,"rotation":0,"texture":"#0"},"down":{"uv":[9.625,1.875,9.9875,2.2375],"tintindex":0,"rotation":0,"texture":"#0"}}}],"display":{"gui":{"rotation":[30,225,0]}}}