{"textures":{"0":"modelengine:entity/reaperfinished"},"elements":[{"from":[6.64,8.7439995,6.572],"to":[9.360001,12.416,9.4279995],"faces":{"east":{"uv":[10.5625,8.875,10.6875,9.21875],"tintindex":0,"rotation":0,"texture":"#0"},"south":{"uv":[10.5625,8.875,10.6875,9.21875],"tintindex":0,"rotation":0,"texture":"#0"},"north":{"uv":[10.5625,8.875,10.6875,9.21875],"tintindex":0,"rotation":0,"texture":"#0"},"west":{"uv":[10.5625,8.875,10.6875,9.21875],"tintindex":0,"rotation":0,"texture":"#0"},"up":{"uv":[10.5625,8.875,10.6875,9.21875],"tintindex":0,"rotation":0,"texture":"#0"},"down":{"uv":[10.5625,8.875,10.6875,9.21875],"tintindex":0,"rotation":0,"texture":"#0"}}}],"display":{"gui":{"rotation":[30,225,0]}}}