{"textures":{"0":"modelengine:entity/reaperfinished"},"elements":[{"from":[6.933028,1.7134361,6.9528],"to":[9.2450285,7.6974335,9.2648],"faces":{"east":{"uv":[10.0625,8.75,10.171875,9.3125],"tintindex":0,"rotation":0,"texture":"#0"},"south":{"uv":[10.0625,8.75,10.171875,9.3125],"tintindex":0,"rotation":0,"texture":"#0"},"north":{"uv":[10.0625,8.75,10.171875,9.3125],"tintindex":0,"rotation":0,"texture":"#0"},"west":{"uv":[10.0625,8.75,10.171875,9.3125],"tintindex":0,"rotation":0,"texture":"#0"},"up":{"uv":[10.0625,8.75,10.171875,9.3125],"tintindex":0,"rotation":0,"texture":"#0"},"down":{"uv":[10.0625,8.75,10.171875,9.3125],"tintindex":0,"rotation":0,"texture":"#0"}}},{"from":[6.6610284,7.6974335,5.7288],"to":[9.517028,9.737434,10.4888],"faces":{"east":{"uv":[10.0625,8.75,10.16875,8.9375],"tintindex":0,"rotation":0,"texture":"#0"},"south":{"uv":[10.0625,8.75,10.16875,8.9375],"tintindex":0,"rotation":0,"texture":"#0"},"north":{"uv":[10.0625,8.75,10.16875,8.9375],"tintindex":0,"rotation":0,"texture":"#0"},"west":{"uv":[10.0625,8.75,10.16875,8.9375],"tintindex":0,"rotation":0,"texture":"#0"},"up":{"uv":[10.0625,8.75,10.16875,8.9375],"tintindex":0,"rotation":0,"texture":"#0"},"down":{"uv":[10.0625,8.75,10.16875,8.9375],"tintindex":0,"rotation":0,"texture":"#0"}}},{"from":[2.8462539,6.515888,5.5928],"to":[9.646254,10.731888,10.6248],"faces":{"east":{"uv":[12.125,7.5,12.359375,7.875],"tintindex":0,"rotation":0,"texture":"#0"},"south":{"uv":[10.9375,8.0,11.175,8.375],"tintindex":0,"rotation":0,"texture":"#0"},"north":{"uv":[10.9375,8.0,11.175,8.375],"tintindex":0,"rotation":0,"texture":"#0"},"west":{"uv":[12.125,7.5,12.359375,7.875],"tintindex":0,"rotation":0,"texture":"#0"},"up":{"uv":[12.0,2.71875,11.6875,2.25],"tintindex":0,"rotation":0,"texture":"#0"},"down":{"uv":[14.9375,8.25,14.625,8.71875],"tintindex":0,"rotation":0,"texture":"#0"}},"rotation":{"origin":[11.958254,6.1078873,7.9048],"angle":-22.5,"axis":"z"}}],"display":{"gui":{"rotation":[30,225,0]}}}