{"textures":{"0":"modelengine:entity/reaperfinished"},"elements":[{"from":[6.64,6.84,6.572],"to":[9.360001,11.327999,9.428],"faces":{"east":{"uv":[8.5625,8.875,8.6875,9.28125],"tintindex":0,"rotation":0,"texture":"#0"},"south":{"uv":[8.5625,8.875,8.6875,9.28125],"tintindex":0,"rotation":0,"texture":"#0"},"north":{"uv":[8.5625,8.875,8.6875,9.28125],"tintindex":0,"rotation":0,"texture":"#0"},"west":{"uv":[8.5625,8.875,8.6875,9.28125],"tintindex":0,"rotation":0,"texture":"#0"},"up":{"uv":[8.5625,8.875,8.6875,9.28125],"tintindex":0,"rotation":0,"texture":"#0"},"down":{"uv":[8.5625,8.875,8.6875,9.28125],"tintindex":0,"rotation":0,"texture":"#0"}}}],"display":{"gui":{"rotation":[30,225,0]}}}