{"textures":{"0":"modelengine:entity/reaperfinished"},"elements":[{"from":[6.232,23.368,6.436],"to":[10.448,26.496,8.952],"faces":{"east":{"uv":[9.6875,6.4875,9.921875,7.0625],"tintindex":0,"rotation":90,"texture":"#0"},"south":{"uv":[9.6875,6.4875,9.921875,7.0625],"tintindex":0,"rotation":90,"texture":"#0"},"north":{"uv":[9.6875,6.4875,9.921875,7.0625],"tintindex":0,"rotation":90,"texture":"#0"},"west":{"uv":[9.6875,6.4875,9.921875,7.0625],"tintindex":0,"rotation":90,"texture":"#0"},"up":{"uv":[9.6875,6.4875,9.921875,7.0625],"tintindex":0,"rotation":90,"texture":"#0"},"down":{"uv":[9.6875,6.4875,9.921875,7.0625],"tintindex":0,"rotation":90,"texture":"#0"}}}],"display":{"gui":{"rotation":[30,225,0]}}}