{"textures":{"0":"modelengine:entity/reaperfinished"},"elements":[{"from":[4.8719997,8.517334,6.3],"to":[11.128,16.269333,9.7],"faces":{"east":{"uv":[9.6875,6.375,9.84375,7.0875],"tintindex":0,"rotation":0,"texture":"#0"},"south":{"uv":[9.6875,6.375,9.96875,7.09375],"tintindex":0,"rotation":0,"texture":"#0"},"north":{"uv":[9.6875,6.375,9.96875,7.09375],"tintindex":0,"rotation":0,"texture":"#0"},"west":{"uv":[9.6875,6.375,9.84375,7.0875],"tintindex":0,"rotation":0,"texture":"#0"},"up":{"uv":[9.6875,6.375,9.975,6.6875],"tintindex":0,"rotation":0,"texture":"#0"},"down":{"uv":[9.6875,6.375,9.975,6.6875],"tintindex":0,"rotation":0,"texture":"#0"}}},{"from":[8.0,6.955929,9.181753],"to":[8.0,13.755928,17.069754],"faces":{"east":{"uv":[10.25,8.25,10.4375,8.71875],"tintindex":0,"rotation":180,"texture":"#0"},"west":{"uv":[10.25,8.25,10.4375,8.71875],"tintindex":0,"rotation":0,"texture":"#0"}}}],"display":{"gui":{"rotation":[30,225,0]}}}