{"textures":{"0":"modelengine:entity/mso_lord_of_water"},"elements":[{"from":[-10.331608,8.927765,-0.57142925],"to":[-10.331608,26.070623,16.57143],"rotation":{"angle":-22.5,"axis":"z","origin":[-12.57143,8.0,8.0]},"faces":{"east":{"uv":[9.125,12.625,7.875,13.75],"rotation":0,"texture":"#0","tintindex":0},"south":{"uv":[5.0,9.625,5.0,10.75],"rotation":0,"texture":"#0","tintindex":0},"north":{"uv":[3.75,9.625,3.75,10.75],"rotation":0,"texture":"#0","tintindex":0},"west":{"uv":[7.875,12.625,9.125,13.75],"rotation":0,"texture":"#0","tintindex":0},"up":{"uv":[3.75,9.625,3.75,8.375],"rotation":0,"texture":"#0","tintindex":0},"down":{"uv":[3.75,8.375,3.75,9.625],"rotation":0,"texture":"#0","tintindex":0}}},{"from":[-0.57142925,8.927765,26.331608],"to":[16.57143,26.070623,26.331608],"rotation":{"angle":-22.5,"axis":"x","origin":[8.0,8.0,28.57143]},"faces":{"east":{"uv":[11.625,12.625,11.625,13.75],"rotation":0,"texture":"#0","tintindex":0},"south":{"uv":[7.875,12.625,9.125,13.75],"rotation":0,"texture":"#0","tintindex":0},"north":{"uv":[9.125,12.625,7.875,13.75],"rotation":0,"texture":"#0","tintindex":0},"west":{"uv":[10.375,12.625,10.375,13.75],"rotation":0,"texture":"#0","tintindex":0},"up":{"uv":[10.375,12.625,11.625,12.625],"rotation":0,"texture":"#0","tintindex":0},"down":{"uv":[11.625,12.625,12.875,12.625],"rotation":0,"texture":"#0","tintindex":0}}},{"from":[-0.57142925,8.927765,-10.331608],"to":[16.57143,26.070623,-10.331608],"rotation":{"angle":22.5,"axis":"x","origin":[8.0,8.0,-12.57143]},"faces":{"east":{"uv":[11.625,12.625,11.625,13.75],"rotation":0,"texture":"#0","tintindex":0},"south":{"uv":[9.125,12.625,7.875,13.75],"rotation":0,"texture":"#0","tintindex":0},"north":{"uv":[7.875,12.625,9.125,13.75],"rotation":0,"texture":"#0","tintindex":0},"west":{"uv":[10.375,12.625,10.375,13.75],"rotation":0,"texture":"#0","tintindex":0},"up":{"uv":[10.375,12.625,11.625,12.625],"rotation":0,"texture":"#0","tintindex":0},"down":{"uv":[11.625,12.625,12.875,12.625],"rotation":0,"texture":"#0","tintindex":0}}},{"from":[26.331608,8.927765,-0.57142925],"to":[26.331608,26.070623,16.57143],"rotation":{"angle":22.5,"axis":"z","origin":[28.57143,8.0,8.0]},"faces":{"east":{"uv":[7.875,12.625,9.125,13.75],"rotation":0,"texture":"#0","tintindex":0},"south":{"uv":[5.0,9.625,5.0,10.75],"rotation":0,"texture":"#0","tintindex":0},"north":{"uv":[3.75,9.625,3.75,10.75],"rotation":0,"texture":"#0","tintindex":0},"west":{"uv":[9.125,12.625,7.875,13.75],"rotation":0,"texture":"#0","tintindex":0},"up":{"uv":[3.75,9.625,3.75,8.375],"rotation":0,"texture":"#0","tintindex":0},"down":{"uv":[3.75,8.375,3.75,9.625],"rotation":0,"texture":"#0","tintindex":0}}}],"display":{"head":{"translation":[0.0,-6.4,0.0],"scale":[4.0,4.0,4.0]}}}