{"textures":{"0":"modelengine:entity/mso_lord_of_water"},"elements":[{"from":[24.040155,8.811794,0.5],"to":[24.040155,23.811794,15.5],"faces":{"east":{"uv":[7.875,12.625,9.125,13.75],"tintindex":0,"rotation":0,"texture":"#0"},"west":{"uv":[9.125,12.625,7.875,13.75],"tintindex":0,"rotation":0,"texture":"#0"}},"rotation":{"origin":[26.0,8.0,8.0],"angle":22.5,"axis":"z"}},{"from":[0.5,8.811794,24.040155],"to":[15.5,23.811794,24.040155],"faces":{"south":{"uv":[7.875,12.625,9.125,13.75],"tintindex":0,"rotation":0,"texture":"#0"},"north":{"uv":[9.125,12.625,7.875,13.75],"tintindex":0,"rotation":0,"texture":"#0"}},"rotation":{"origin":[8.0,8.0,26.0],"angle":-22.5,"axis":"x"}},{"from":[0.5,8.811794,-8.040155],"to":[15.5,23.811794,-8.040155],"faces":{"south":{"uv":[9.125,12.625,7.875,13.75],"tintindex":0,"rotation":0,"texture":"#0"},"north":{"uv":[7.875,12.625,9.125,13.75],"tintindex":0,"rotation":0,"texture":"#0"}},"rotation":{"origin":[8.0,8.0,-10.0],"angle":22.5,"axis":"x"}},{"from":[-8.040155,8.811794,0.5],"to":[-8.040155,23.811794,15.5],"faces":{"east":{"uv":[9.125,12.625,7.875,13.75],"tintindex":0,"rotation":0,"texture":"#0"},"west":{"uv":[7.875,12.625,9.125,13.75],"tintindex":0,"rotation":0,"texture":"#0"}},"rotation":{"origin":[-10.0,8.0,8.0],"angle":-22.5,"axis":"z"}}],"display":{"gui":{"rotation":[30,225,0]}}}