{"textures":{"0":"modelengine:entity/mso_lord_of_water"},"elements":[{"from":[25.693438,8.541196,-1.0],"to":[25.693438,15.541197,17.0],"faces":{"east":{"uv":[10.625,3.0,8.375,3.625],"tintindex":0,"rotation":0,"texture":"#0"},"west":{"uv":[8.375,3.0,10.625,3.625],"tintindex":0,"rotation":0,"texture":"#0"}},"rotation":{"origin":[27.0,8.0,8.0],"angle":22.5,"axis":"z"}},{"from":[-1.0,8.541196,-9.693438],"to":[17.0,15.541197,-9.693438],"faces":{"south":{"uv":[8.375,3.0,10.625,3.625],"tintindex":0,"rotation":0,"texture":"#0"},"north":{"uv":[10.625,3.0,8.375,3.625],"tintindex":0,"rotation":0,"texture":"#0"}},"rotation":{"origin":[8.0,8.0,-11.0],"angle":22.5,"axis":"x"}},{"from":[-9.693438,8.541196,-1.0],"to":[-9.693438,15.541197,17.0],"faces":{"east":{"uv":[8.375,3.0,10.625,3.625],"tintindex":0,"rotation":0,"texture":"#0"},"west":{"uv":[10.625,3.0,8.375,3.625],"tintindex":0,"rotation":0,"texture":"#0"}},"rotation":{"origin":[-11.0,8.0,8.0],"angle":-22.5,"axis":"z"}},{"from":[-1.0,8.541196,25.693438],"to":[17.0,15.541197,25.693438],"faces":{"south":{"uv":[10.625,3.0,8.375,3.625],"tintindex":0,"rotation":0,"texture":"#0"},"north":{"uv":[8.375,3.0,10.625,3.625],"tintindex":0,"rotation":0,"texture":"#0"}},"rotation":{"origin":[8.0,8.0,27.0],"angle":-22.5,"axis":"x"}}],"display":{"gui":{"rotation":[30,225,0]}}}