{"textures":{"0":"modelengine:entity/mso_lord_of_water"},"elements":[{"from":[-9.632124,8.649435,-0.40000057],"to":[-9.632124,20.649437,16.400002],"rotation":{"angle":-22.5,"axis":"z","origin":[-11.200001,8.0,8.0]},"faces":{"east":{"uv":[1.75,10.75,0.0,11.875],"rotation":0,"texture":"#0","tintindex":0},"south":{"uv":[7.75,7.375,7.75,8.5],"rotation":0,"texture":"#0","tintindex":0},"north":{"uv":[6.0,7.375,6.0,8.5],"rotation":0,"texture":"#0","tintindex":0},"west":{"uv":[0.0,10.75,1.75,11.875],"rotation":0,"texture":"#0","tintindex":0},"up":{"uv":[6.0,7.375,6.0,5.625],"rotation":0,"texture":"#0","tintindex":0},"down":{"uv":[6.0,5.625,6.0,7.375],"rotation":0,"texture":"#0","tintindex":0}}},{"from":[-0.40000057,8.649435,25.632124],"to":[16.400002,20.649437,25.632124],"rotation":{"angle":-22.5,"axis":"x","origin":[8.0,8.0,27.2]},"faces":{"east":{"uv":[12.125,1.75,12.125,2.875],"rotation":0,"texture":"#0","tintindex":0},"south":{"uv":[0.0,10.75,1.75,11.875],"rotation":0,"texture":"#0","tintindex":0},"north":{"uv":[1.75,10.75,0.0,11.875],"rotation":0,"texture":"#0","tintindex":0},"west":{"uv":[10.375,1.75,10.375,2.875],"rotation":0,"texture":"#0","tintindex":0},"up":{"uv":[10.375,1.75,12.125,1.75],"rotation":0,"texture":"#0","tintindex":0},"down":{"uv":[12.125,1.75,13.875,1.75],"rotation":0,"texture":"#0","tintindex":0}}},{"from":[25.632124,8.649435,-0.40000057],"to":[25.632124,20.649437,16.400002],"rotation":{"angle":22.5,"axis":"z","origin":[27.2,8.0,8.0]},"faces":{"east":{"uv":[0.0,10.75,1.75,11.875],"rotation":0,"texture":"#0","tintindex":0},"south":{"uv":[7.75,7.375,7.75,8.5],"rotation":0,"texture":"#0","tintindex":0},"north":{"uv":[6.0,7.375,6.0,8.5],"rotation":0,"texture":"#0","tintindex":0},"west":{"uv":[1.75,10.75,0.0,11.875],"rotation":0,"texture":"#0","tintindex":0},"up":{"uv":[6.0,7.375,6.0,5.625],"rotation":0,"texture":"#0","tintindex":0},"down":{"uv":[6.0,5.625,6.0,7.375],"rotation":0,"texture":"#0","tintindex":0}}},{"from":[-0.40000057,8.649435,-9.632124],"to":[16.400002,20.649437,-9.632124],"rotation":{"angle":22.5,"axis":"x","origin":[8.0,8.0,-11.200001]},"faces":{"east":{"uv":[12.125,1.75,12.125,2.875],"rotation":0,"texture":"#0","tintindex":0},"south":{"uv":[1.75,10.75,0.0,11.875],"rotation":0,"texture":"#0","tintindex":0},"north":{"uv":[0.0,10.75,1.75,11.875],"rotation":0,"texture":"#0","tintindex":0},"west":{"uv":[10.375,1.75,10.375,2.875],"rotation":0,"texture":"#0","tintindex":0},"up":{"uv":[10.375,1.75,12.125,1.75],"rotation":0,"texture":"#0","tintindex":0},"down":{"uv":[12.125,1.75,13.875,1.75],"rotation":0,"texture":"#0","tintindex":0}}}],"display":{"head":{"translation":[0.0,-6.4,0.0],"scale":[4.0,4.0,4.0]}}}