{"textures":{"0":"modelengine:entity/mso_lord_of_water"},"elements":[{"from":[-6.8403215,8.927765,0.54235744],"to":[3.4453926,24.356337,0.54235744],"rotation":{"angle":45.0,"axis":"y","origin":[-1.697464,8.0,-1.697464]},"faces":{"east":{"uv":[9.75,13.75,9.75,14.875],"rotation":0,"texture":"#0","tintindex":0},"south":{"uv":[3.75,13.25,3.0,14.375],"rotation":0,"texture":"#0","tintindex":0},"north":{"uv":[3.0,13.25,3.75,14.375],"rotation":0,"texture":"#0","tintindex":0},"west":{"uv":[10.5,13.75,10.5,14.875],"rotation":0,"texture":"#0","tintindex":0},"up":{"uv":[10.5,13.75,9.75,13.75],"rotation":0,"texture":"#0","tintindex":0},"down":{"uv":[11.25,13.75,10.5,13.75],"rotation":0,"texture":"#0","tintindex":0}}},{"from":[0.54235744,8.927765,12.554607],"to":[0.54235744,24.356337,22.84032],"rotation":{"angle":45.0,"axis":"y","origin":[-1.697464,8.0,17.697464]},"faces":{"east":{"uv":[3.75,13.25,3.0,14.375],"rotation":0,"texture":"#0","tintindex":0},"south":{"uv":[5.25,13.25,5.25,14.375],"rotation":0,"texture":"#0","tintindex":0},"north":{"uv":[4.5,13.25,4.5,14.375],"rotation":0,"texture":"#0","tintindex":0},"west":{"uv":[3.0,13.25,3.75,14.375],"rotation":0,"texture":"#0","tintindex":0},"up":{"uv":[4.5,13.25,4.5,12.5],"rotation":0,"texture":"#0","tintindex":0},"down":{"uv":[4.5,12.5,4.5,13.25],"rotation":0,"texture":"#0","tintindex":0}}},{"from":[-4.000001,8.0,2.8571424],"to":[-4.000001,23.428572,13.142858],"rotation":{"angle":0.0,"axis":"y","origin":[-4.000001,8.0,8.0]},"faces":{"east":{"uv":[3.75,13.25,3.0,14.375],"rotation":0,"texture":"#0","tintindex":0},"south":{"uv":[3.75,13.25,3.75,14.375],"rotation":0,"texture":"#0","tintindex":0},"north":{"uv":[3.0,13.25,3.0,14.375],"rotation":0,"texture":"#0","tintindex":0},"west":{"uv":[3.0,13.25,3.75,14.375],"rotation":0,"texture":"#0","tintindex":0},"up":{"uv":[3.0,13.25,3.0,12.5],"rotation":0,"texture":"#0","tintindex":0},"down":{"uv":[3.0,12.5,3.0,13.25],"rotation":0,"texture":"#0","tintindex":0}}},{"from":[15.457643,8.927765,12.554607],"to":[15.457643,24.356337,22.84032],"rotation":{"angle":-45.0,"axis":"y","origin":[17.697464,8.0,17.697464]},"faces":{"east":{"uv":[3.0,13.25,3.75,14.375],"rotation":0,"texture":"#0","tintindex":0},"south":{"uv":[5.25,13.25,5.25,14.375],"rotation":0,"texture":"#0","tintindex":0},"north":{"uv":[4.5,13.25,4.5,14.375],"rotation":0,"texture":"#0","tintindex":0},"west":{"uv":[3.75,13.25,3.0,14.375],"rotation":0,"texture":"#0","tintindex":0},"up":{"uv":[4.5,13.25,4.5,12.5],"rotation":0,"texture":"#0","tintindex":0},"down":{"uv":[4.5,12.5,4.5,13.25],"rotation":0,"texture":"#0","tintindex":0}}},{"from":[20.0,8.0,2.8571424],"to":[20.0,23.428572,13.142858],"rotation":{"angle":0.0,"axis":"y","origin":[20.0,8.0,8.0]},"faces":{"east":{"uv":[3.0,13.25,3.75,14.375],"rotation":0,"texture":"#0","tintindex":0},"south":{"uv":[3.75,13.25,3.75,14.375],"rotation":0,"texture":"#0","tintindex":0},"north":{"uv":[3.0,13.25,3.0,14.375],"rotation":0,"texture":"#0","tintindex":0},"west":{"uv":[3.75,13.25,3.0,14.375],"rotation":0,"texture":"#0","tintindex":0},"up":{"uv":[3.0,13.25,3.0,12.5],"rotation":0,"texture":"#0","tintindex":0},"down":{"uv":[3.0,12.5,3.0,13.25],"rotation":0,"texture":"#0","tintindex":0}}},{"from":[12.554607,8.927765,0.54235744],"to":[22.84032,24.356337,0.54235744],"rotation":{"angle":-45.0,"axis":"y","origin":[17.697464,8.0,-1.697464]},"faces":{"east":{"uv":[10.5,13.75,10.5,14.875],"rotation":0,"texture":"#0","tintindex":0},"south":{"uv":[3.75,13.25,3.0,14.375],"rotation":0,"texture":"#0","tintindex":0},"north":{"uv":[3.0,13.25,3.75,14.375],"rotation":0,"texture":"#0","tintindex":0},"west":{"uv":[9.75,13.75,9.75,14.875],"rotation":0,"texture":"#0","tintindex":0},"up":{"uv":[9.75,13.75,10.5,13.75],"rotation":0,"texture":"#0","tintindex":0},"down":{"uv":[10.5,13.75,11.25,13.75],"rotation":0,"texture":"#0","tintindex":0}}},{"from":[2.8571424,8.0,-4.000001],"to":[13.142858,23.428572,-4.000001],"rotation":{"angle":0.0,"axis":"y","origin":[8.0,8.0,-4.000001]},"faces":{"east":{"uv":[8.25,13.75,8.25,14.875],"rotation":0,"texture":"#0","tintindex":0},"south":{"uv":[3.75,13.25,3.0,14.375],"rotation":0,"texture":"#0","tintindex":0},"north":{"uv":[3.0,13.25,3.75,14.375],"rotation":0,"texture":"#0","tintindex":0},"west":{"uv":[9.0,13.75,9.0,14.875],"rotation":0,"texture":"#0","tintindex":0},"up":{"uv":[9.0,13.75,8.25,13.75],"rotation":0,"texture":"#0","tintindex":0},"down":{"uv":[9.75,13.75,9.0,13.75],"rotation":0,"texture":"#0","tintindex":0}}},{"from":[2.8571424,8.0,20.0],"to":[13.142858,23.428572,20.0],"rotation":{"angle":0.0,"axis":"y","origin":[8.0,8.0,20.0]},"faces":{"east":{"uv":[8.25,13.75,8.25,14.875],"rotation":0,"texture":"#0","tintindex":0},"south":{"uv":[3.0,13.25,3.75,14.375],"rotation":0,"texture":"#0","tintindex":0},"north":{"uv":[3.75,13.25,3.0,14.375],"rotation":0,"texture":"#0","tintindex":0},"west":{"uv":[9.0,13.75,9.0,14.875],"rotation":0,"texture":"#0","tintindex":0},"up":{"uv":[9.0,13.75,8.25,13.75],"rotation":0,"texture":"#0","tintindex":0},"down":{"uv":[9.75,13.75,9.0,13.75],"rotation":0,"texture":"#0","tintindex":0}}}],"display":{"head":{"translation":[0.0,-6.4,0.0],"scale":[4.0,4.0,4.0]}}}