{"textures":{"0":"modelengine:entity/mso_lord_of_water"},"elements":[{"from":[16.57143,4.5714283,-0.57142925],"to":[21.714287,9.714286,2.8571424],"rotation":{"angle":0.0,"axis":"y","origin":[19.142857,7.142857,1.1428566]},"faces":{"east":{"uv":[4.625,14.75,4.375,15.125],"rotation":0,"texture":"#0","tintindex":0},"south":{"uv":[5.0,14.75,4.625,15.125],"rotation":0,"texture":"#0","tintindex":0},"north":{"uv":[4.375,14.75,4.0,15.125],"rotation":0,"texture":"#0","tintindex":0},"west":{"uv":[4.0,14.75,3.75,15.125],"rotation":0,"texture":"#0","tintindex":0},"up":{"uv":[4.0,14.75,4.375,14.5],"rotation":0,"texture":"#0","tintindex":0},"down":{"uv":[4.375,14.5,4.75,14.75],"rotation":0,"texture":"#0","tintindex":0}}},{"from":[20.428572,3.7142854,-1.0],"to":[25.57143,10.571428,3.2857141],"rotation":{"angle":22.5,"axis":"z","origin":[22.142857,8.0,1.1428566]},"faces":{"east":{"uv":[15.125,11.0,14.875,11.5],"rotation":0,"texture":"#0","tintindex":0},"south":{"uv":[15.5,11.0,15.125,11.5],"rotation":0,"texture":"#0","tintindex":0},"north":{"uv":[14.875,11.0,14.5,11.5],"rotation":0,"texture":"#0","tintindex":0},"west":{"uv":[14.5,11.0,14.25,11.5],"rotation":0,"texture":"#0","tintindex":0},"up":{"uv":[14.5,11.0,14.875,10.75],"rotation":0,"texture":"#0","tintindex":0},"down":{"uv":[14.875,10.75,15.25,11.0],"rotation":0,"texture":"#0","tintindex":0}}},{"from":[21.714287,1.1428566,-0.57142925],"to":[26.0,4.5714283,2.8571424],"rotation":{"angle":0.0,"axis":"y","origin":[23.428572,2.8571424,1.1428566]},"faces":{"east":{"uv":[3.75,12.375,3.5,12.625],"rotation":0,"texture":"#0","tintindex":0},"south":{"uv":[4.0,12.375,3.75,12.625],"rotation":0,"texture":"#0","tintindex":0},"north":{"uv":[3.5,12.375,3.25,12.625],"rotation":0,"texture":"#0","tintindex":0},"west":{"uv":[3.25,12.375,3.0,12.625],"rotation":0,"texture":"#0","tintindex":0},"up":{"uv":[3.25,12.375,3.5,12.125],"rotation":0,"texture":"#0","tintindex":0},"down":{"uv":[3.5,12.125,3.75,12.375],"rotation":0,"texture":"#0","tintindex":0}}},{"from":[20.0,-0.57142925,-0.14285755],"to":[23.428572,2.8571424,2.4285712],"rotation":{"angle":-22.5,"axis":"z","origin":[20.0,-1.4285717,7.142857]},"faces":{"east":{"uv":[0.5,13.0,0.375,13.25],"rotation":0,"texture":"#0","tintindex":0},"south":{"uv":[0.75,13.0,0.5,13.25],"rotation":0,"texture":"#0","tintindex":0},"north":{"uv":[0.375,13.0,0.125,13.25],"rotation":0,"texture":"#0","tintindex":0},"west":{"uv":[0.125,13.0,0.0,13.25],"rotation":0,"texture":"#0","tintindex":0},"up":{"uv":[0.125,13.0,0.375,12.875],"rotation":0,"texture":"#0","tintindex":0},"down":{"uv":[0.375,12.875,0.625,13.0],"rotation":0,"texture":"#0","tintindex":0}}},{"from":[20.0,-0.57142925,5.0],"to":[23.428572,2.8571424,7.5714283],"rotation":{"angle":-22.5,"axis":"z","origin":[20.0,-1.4285717,12.285715]},"faces":{"east":{"uv":[0.5,13.0,0.375,13.25],"rotation":0,"texture":"#0","tintindex":0},"south":{"uv":[0.75,13.0,0.5,13.25],"rotation":0,"texture":"#0","tintindex":0},"north":{"uv":[0.375,13.0,0.125,13.25],"rotation":0,"texture":"#0","tintindex":0},"west":{"uv":[0.125,13.0,0.0,13.25],"rotation":0,"texture":"#0","tintindex":0},"up":{"uv":[0.125,13.0,0.375,12.875],"rotation":0,"texture":"#0","tintindex":0},"down":{"uv":[0.375,12.875,0.625,13.0],"rotation":0,"texture":"#0","tintindex":0}}},{"from":[21.714287,1.1428566,4.5714283],"to":[26.0,4.5714283,8.0],"rotation":{"angle":0.0,"axis":"y","origin":[23.428572,2.8571424,6.285714]},"faces":{"east":{"uv":[3.75,12.375,3.5,12.625],"rotation":0,"texture":"#0","tintindex":0},"south":{"uv":[4.0,12.375,3.75,12.625],"rotation":0,"texture":"#0","tintindex":0},"north":{"uv":[3.5,12.375,3.25,12.625],"rotation":0,"texture":"#0","tintindex":0},"west":{"uv":[3.25,12.375,3.0,12.625],"rotation":0,"texture":"#0","tintindex":0},"up":{"uv":[3.25,12.375,3.5,12.125],"rotation":0,"texture":"#0","tintindex":0},"down":{"uv":[3.5,12.125,3.75,12.375],"rotation":0,"texture":"#0","tintindex":0}}},{"from":[16.57143,4.5714283,4.5714283],"to":[21.714287,9.714286,8.0],"rotation":{"angle":0.0,"axis":"y","origin":[19.142857,7.142857,6.285714]},"faces":{"east":{"uv":[4.625,14.75,4.375,15.125],"rotation":0,"texture":"#0","tintindex":0},"south":{"uv":[5.0,14.75,4.625,15.125],"rotation":0,"texture":"#0","tintindex":0},"north":{"uv":[4.375,14.75,4.0,15.125],"rotation":0,"texture":"#0","tintindex":0},"west":{"uv":[4.0,14.75,3.75,15.125],"rotation":0,"texture":"#0","tintindex":0},"up":{"uv":[4.0,14.75,4.375,14.5],"rotation":0,"texture":"#0","tintindex":0},"down":{"uv":[4.375,14.5,4.75,14.75],"rotation":0,"texture":"#0","tintindex":0}}},{"from":[20.428572,3.7142854,4.142857],"to":[25.57143,10.571428,8.428572],"rotation":{"angle":22.5,"axis":"z","origin":[22.142857,8.0,6.285714]},"faces":{"east":{"uv":[15.125,11.0,14.875,11.5],"rotation":0,"texture":"#0","tintindex":0},"south":{"uv":[15.5,11.0,15.125,11.5],"rotation":0,"texture":"#0","tintindex":0},"north":{"uv":[14.875,11.0,14.5,11.5],"rotation":0,"texture":"#0","tintindex":0},"west":{"uv":[14.5,11.0,14.25,11.5],"rotation":0,"texture":"#0","tintindex":0},"up":{"uv":[14.5,11.0,14.875,10.75],"rotation":0,"texture":"#0","tintindex":0},"down":{"uv":[14.875,10.75,15.25,11.0],"rotation":0,"texture":"#0","tintindex":0}}},{"from":[20.0,-0.57142925,10.142858],"to":[23.428572,2.8571424,12.714286],"rotation":{"angle":-22.5,"axis":"z","origin":[20.0,-1.4285717,17.428572]},"faces":{"east":{"uv":[0.5,13.0,0.375,13.25],"rotation":0,"texture":"#0","tintindex":0},"south":{"uv":[0.75,13.0,0.5,13.25],"rotation":0,"texture":"#0","tintindex":0},"north":{"uv":[0.375,13.0,0.125,13.25],"rotation":0,"texture":"#0","tintindex":0},"west":{"uv":[0.125,13.0,0.0,13.25],"rotation":0,"texture":"#0","tintindex":0},"up":{"uv":[0.125,13.0,0.375,12.875],"rotation":0,"texture":"#0","tintindex":0},"down":{"uv":[0.375,12.875,0.625,13.0],"rotation":0,"texture":"#0","tintindex":0}}},{"from":[21.714287,1.1428566,9.714286],"to":[26.0,4.5714283,13.142858],"rotation":{"angle":0.0,"axis":"y","origin":[23.428572,2.8571424,11.428572]},"faces":{"east":{"uv":[3.75,12.375,3.5,12.625],"rotation":0,"texture":"#0","tintindex":0},"south":{"uv":[4.0,12.375,3.75,12.625],"rotation":0,"texture":"#0","tintindex":0},"north":{"uv":[3.5,12.375,3.25,12.625],"rotation":0,"texture":"#0","tintindex":0},"west":{"uv":[3.25,12.375,3.0,12.625],"rotation":0,"texture":"#0","tintindex":0},"up":{"uv":[3.25,12.375,3.5,12.125],"rotation":0,"texture":"#0","tintindex":0},"down":{"uv":[3.5,12.125,3.75,12.375],"rotation":0,"texture":"#0","tintindex":0}}},{"from":[16.57143,4.5714283,9.714286],"to":[21.714287,9.714286,13.142858],"rotation":{"angle":0.0,"axis":"y","origin":[19.142857,7.142857,11.428572]},"faces":{"east":{"uv":[4.625,14.75,4.375,15.125],"rotation":0,"texture":"#0","tintindex":0},"south":{"uv":[5.0,14.75,4.625,15.125],"rotation":0,"texture":"#0","tintindex":0},"north":{"uv":[4.375,14.75,4.0,15.125],"rotation":0,"texture":"#0","tintindex":0},"west":{"uv":[4.0,14.75,3.75,15.125],"rotation":0,"texture":"#0","tintindex":0},"up":{"uv":[4.0,14.75,4.375,14.5],"rotation":0,"texture":"#0","tintindex":0},"down":{"uv":[4.375,14.5,4.75,14.75],"rotation":0,"texture":"#0","tintindex":0}}},{"from":[20.428572,3.7142854,9.285714],"to":[25.57143,10.571428,13.571428],"rotation":{"angle":22.5,"axis":"z","origin":[22.142857,8.0,11.428572]},"faces":{"east":{"uv":[15.125,11.0,14.875,11.5],"rotation":0,"texture":"#0","tintindex":0},"south":{"uv":[15.5,11.0,15.125,11.5],"rotation":0,"texture":"#0","tintindex":0},"north":{"uv":[14.875,11.0,14.5,11.5],"rotation":0,"texture":"#0","tintindex":0},"west":{"uv":[14.5,11.0,14.25,11.5],"rotation":0,"texture":"#0","tintindex":0},"up":{"uv":[14.5,11.0,14.875,10.75],"rotation":0,"texture":"#0","tintindex":0},"down":{"uv":[14.875,10.75,15.25,11.0],"rotation":0,"texture":"#0","tintindex":0}}},{"from":[6.285714,0.28571415,-2.285715],"to":[11.428572,5.428571,2.8571424],"rotation":{"angle":0.0,"axis":"y","origin":[8.857143,2.8571424,-0.57142925]},"faces":{"east":{"uv":[14.875,14.125,14.5,14.5],"rotation":0,