{"textures":{"0":"modelengine:entity/mso_lord_of_water"},"elements":[{"from":[-5.714287,4.5714283,-0.57142925],"to":[-0.57142925,9.714286,2.8571424],"rotation":{"angle":0.0,"axis":"y","origin":[-3.1428576,7.142857,1.1428566]},"faces":{"east":{"uv":[3.75,14.75,4.0,15.125],"rotation":0,"texture":"#0","tintindex":0},"south":{"uv":[4.625,14.75,5.0,15.125],"rotation":0,"texture":"#0","tintindex":0},"north":{"uv":[4.0,14.75,4.375,15.125],"rotation":0,"texture":"#0","tintindex":0},"west":{"uv":[4.375,14.75,4.625,15.125],"rotation":0,"texture":"#0","tintindex":0},"up":{"uv":[4.375,14.75,4.0,14.5],"rotation":0,"texture":"#0","tintindex":0},"down":{"uv":[4.75,14.5,4.375,14.75],"rotation":0,"texture":"#0","tintindex":0}}},{"from":[-9.57143,3.7142854,-1.0],"to":[-4.4285717,10.571428,3.2857141],"rotation":{"angle":-22.5,"axis":"z","origin":[-6.1428576,8.0,1.1428566]},"faces":{"east":{"uv":[14.25,11.0,14.5,11.5],"rotation":0,"texture":"#0","tintindex":0},"south":{"uv":[15.125,11.0,15.5,11.5],"rotation":0,"texture":"#0","tintindex":0},"north":{"uv":[14.5,11.0,14.875,11.5],"rotation":0,"texture":"#0","tintindex":0},"west":{"uv":[14.875,11.0,15.125,11.5],"rotation":0,"texture":"#0","tintindex":0},"up":{"uv":[14.875,11.0,14.5,10.75],"rotation":0,"texture":"#0","tintindex":0},"down":{"uv":[15.25,10.75,14.875,11.0],"rotation":0,"texture":"#0","tintindex":0}}},{"from":[-10.0,1.1428566,-0.57142925],"to":[-5.714287,4.5714283,2.8571424],"rotation":{"angle":0.0,"axis":"y","origin":[-7.4285717,2.8571424,1.1428566]},"faces":{"east":{"uv":[3.0,12.375,3.25,12.625],"rotation":0,"texture":"#0","tintindex":0},"south":{"uv":[3.75,12.375,4.0,12.625],"rotation":0,"texture":"#0","tintindex":0},"north":{"uv":[3.25,12.375,3.5,12.625],"rotation":0,"texture":"#0","tintindex":0},"west":{"uv":[3.5,12.375,3.75,12.625],"rotation":0,"texture":"#0","tintindex":0},"up":{"uv":[3.5,12.375,3.25,12.125],"rotation":0,"texture":"#0","tintindex":0},"down":{"uv":[3.75,12.125,3.5,12.375],"rotation":0,"texture":"#0","tintindex":0}}},{"from":[-7.4285717,-0.57142925,-0.14285755],"to":[-4.000001,2.8571424,2.4285712],"rotation":{"angle":22.5,"axis":"z","origin":[-4.000001,-1.4285717,7.142857]},"faces":{"east":{"uv":[0.0,13.0,0.125,13.25],"rotation":0,"texture":"#0","tintindex":0},"south":{"uv":[0.5,13.0,0.75,13.25],"rotation":0,"texture":"#0","tintindex":0},"north":{"uv":[0.125,13.0,0.375,13.25],"rotation":0,"texture":"#0","tintindex":0},"west":{"uv":[0.375,13.0,0.5,13.25],"rotation":0,"texture":"#0","tintindex":0},"up":{"uv":[0.375,13.0,0.125,12.875],"rotation":0,"texture":"#0","tintindex":0},"down":{"uv":[0.625,12.875,0.375,13.0],"rotation":0,"texture":"#0","tintindex":0}}},{"from":[-7.4285717,-0.57142925,5.0],"to":[-4.000001,2.8571424,7.5714283],"rotation":{"angle":22.5,"axis":"z","origin":[-4.000001,-1.4285717,12.285715]},"faces":{"east":{"uv":[0.0,13.0,0.125,13.25],"rotation":0,"texture":"#0","tintindex":0},"south":{"uv":[0.5,13.0,0.75,13.25],"rotation":0,"texture":"#0","tintindex":0},"north":{"uv":[0.125,13.0,0.375,13.25],"rotation":0,"texture":"#0","tintindex":0},"west":{"uv":[0.375,13.0,0.5,13.25],"rotation":0,"texture":"#0","tintindex":0},"up":{"uv":[0.375,13.0,0.125,12.875],"rotation":0,"texture":"#0","tintindex":0},"down":{"uv":[0.625,12.875,0.375,13.0],"rotation":0,"texture":"#0","tintindex":0}}},{"from":[-10.0,1.1428566,4.5714283],"to":[-5.714287,4.5714283,8.0],"rotation":{"angle":0.0,"axis":"y","origin":[-7.4285717,2.8571424,6.285714]},"faces":{"east":{"uv":[3.0,12.375,3.25,12.625],"rotation":0,"texture":"#0","tintindex":0},"south":{"uv":[3.75,12.375,4.0,12.625],"rotation":0,"texture":"#0","tintindex":0},"north":{"uv":[3.25,12.375,3.5,12.625],"rotation":0,"texture":"#0","tintindex":0},"west":{"uv":[3.5,12.375,3.75,12.625],"rotation":0,"texture":"#0","tintindex":0},"up":{"uv":[3.5,12.375,3.25,12.125],"rotation":0,"texture":"#0","tintindex":0},"down":{"uv":[3.75,12.125,3.5,12.375],"rotation":0,"texture":"#0","tintindex":0}}},{"from":[-9.57143,3.7142854,4.142857],"to":[-4.4285717,10.571428,8.428572],"rotation":{"angle":-22.5,"axis":"z","origin":[-6.1428576,8.0,6.285714]},"faces":{"east":{"uv":[14.25,11.0,14.5,11.5],"rotation":0,"texture":"#0","tintindex":0},"south":{"uv":[15.125,11.0,15.5,11.5],"rotation":0,"texture":"#0","tintindex":0},"north":{"uv":[14.5,11.0,14.875,11.5],"rotation":0,"texture":"#0","tintindex":0},"west":{"uv":[14.875,11.0,15.125,11.5],"rotation":0,"texture":"#0","tintindex":0},"up":{"uv":[14.875,11.0,14.5,10.75],"rotation":0,"texture":"#0","tintindex":0},"down":{"uv":[15.25,10.75,14.875,11.0],"rotation":0,"texture":"#0","tintindex":0}}},{"from":[-5.714287,4.5714283,4.5714283],"to":[-0.57142925,9.714286,8.0],"rotation":{"angle":0.0,"axis":"y","origin":[-3.1428576,7.142857,6.285714]},"faces":{"east":{"uv":[3.75,14.75,4.0,15.125],"rotation":0,"texture":"#0","tintindex":0},"south":{"uv":[4.625,14.75,5.0,15.125],"rotation":0,"texture":"#0","tintindex":0},"north":{"uv":[4.0,14.75,4.375,15.125],"rotation":0,"texture":"#0","tintindex":0},"west":{"uv":[4.375,14.75,4.625,15.125],"rotation":0,"texture":"#0","tintindex":0},"up":{"uv":[4.375,14.75,4.0,14.5],"rotation":0,"texture":"#0","tintindex":0},"down":{"uv":[4.75,14.5,4.375,14.75],"rotation":0,"texture":"#0","tintindex":0}}},{"from":[-7.4285717,-0.57142925,10.142858],"to":[-4.000001,2.8571424,12.714286],"rotation":{"angle":22.5,"axis":"z","origin":[-4.000001,-1.4285717,17.428572]},"faces":{"east":{"uv":[0.0,13.0,0.125,13.25],"rotation":0,"texture":"#0","tintindex":0},"south":{"uv":[0.5,13.0,0.75,13.25],"rotation":0,"texture":"#0","tintindex":0},"north":{"uv":[0.125,13.0,0.375,13.25],"rotation":0,"texture":"#0","tintindex":0},"west":{"uv":[0.375,13.0,0.5,13.25],"rotation":0,"texture":"#0","tintindex":0},"up":{"uv":[0.375,13.0,0.125,12.875],"rotation":0,"texture":"#0","tintindex":0},"down":{"uv":[0.625,12.875,0.375,13.0],"rotation":0,"texture":"#0","tintindex":0}}},{"from":[-10.0,1.1428566,9.714286],"to":[-5.714287,4.5714283,13.142858],"rotation":{"angle":0.0,"axis":"y","origin":[-7.4285717,2.8571424,11.428572]},"faces":{"east":{"uv":[3.0,12.375,3.25,12.625],"rotation":0,"texture":"#0","tintindex":0},"south":{"uv":[3.75,12.375,4.0,12.625],"rotation":0,"texture":"#0","tintindex":0},"north":{"uv":[3.25,12.375,3.5,12.625],"rotation":0,"texture":"#0","tintindex":0},"west":{"uv":[3.5,12.375,3.75,12.625],"rotation":0,"texture":"#0","tintindex":0},"up":{"uv":[3.5,12.375,3.25,12.125],"rotation":0,"texture":"#0","tintindex":0},"down":{"uv":[3.75,12.125,3.5,12.375],"rotation":0,"texture":"#0","tintindex":0}}},{"from":[-9.57143,3.7142854,9.285714],"to":[-4.4285717,10.571428,13.571428],"rotation":{"angle":-22.5,"axis":"z","origin":[-6.1428576,8.0,11.428572]},"faces":{"east":{"uv":[14.25,11.0,14.5,11.5],"rotation":0,"texture":"#0","tintindex":0},"south":{"uv":[15.125,11.0,15.5,11.5],"rotation":0,"texture":"#0","tintindex":0},"north":{"uv":[14.5,11.0,14.875,11.5],"rotation":0,"texture":"#0","tintindex":0},"west":{"uv":[14.875,11.0,15.125,11.5],"rotation":0,"texture":"#0","tintindex":0},"up":{"uv":[14.875,11.0,14.5,10.75],"rotation":0,"texture":"#0","tintindex":0},"down":{"uv":[15.25,10.75,14.875,11.0],"rotation":0,"texture":"#0","tintindex":0}}},{"from":[-5.714287,4.5714283,9.714286],"to":[-0.57142925,9.714286,13.142858],"rotation":{"angle":0.0,"axis":"y","origin":[-3.1428576,7.142857,11.428572]},"faces":{"east":{"uv":[3.75,14.75,4.0,15.125],"rotation":0,"texture":"#0","tintindex":0},"south":{"uv":[4.625,14.75,5.0,15.125],"rotation":0,"texture":"#0","tintindex":0},"north":{"uv":[4.0,14.75,4.375,15.125],"rotation":0,"texture":"#0","tintindex":0},"west":{"uv":[4.375,14.75,4.625,15.125],"rotation":0,"texture":"#0","tintindex":0},"up":{"uv":[4.375,14.75,4.0,14.5],"rotation":0,"texture":"#0","tintindex":0},"down":{"uv":[4.75,14.5,4.375,14.75],"rotation":0,"texture":"#0","tintindex":0}}},{"from":[4.5714283,0.28571415,-2.285715],"to":[9.714286,5.428571,2.8571424],"rotation":{"angle":0.0,"axis":"y","origin":[7.142857,2.8571424,-0.57142925]},