{"textures":{"0":"modelengine:entity/mso_lord_of_water"},"elements":[{"from":[-2.2857141,2.8571424,2.8571424],"to":[9.714287,13.142858,13.142858],"rotation":{"angle":0.0,"axis":"y","origin":[9.714287,8.0,8.0]},"faces":{"east":{"uv":[7.75,11.125,8.5,11.875],"rotation":0,"texture":"#0","tintindex":0},"south":{"uv":[10.125,11.125,11.0,11.875],"rotation":0,"texture":"#0","tintindex":0},"north":{"uv":[8.5,11.125,9.375,11.875],"rotation":0,"texture":"#0","tintindex":0},"west":{"uv":[9.375,11.125,10.125,11.875],"rotation":0,"texture":"#0","tintindex":0},"up":{"uv":[9.375,11.125,8.5,10.375],"rotation":0,"texture":"#0","tintindex":0},"down":{"uv":[10.25,10.375,9.375,11.125],"rotation":0,"texture":"#0","tintindex":0}}},{"from":[-16.0,3.7142854,3.7142854],"to":[-2.2857141,12.285715,12.285715],"rotation":{"angle":0.0,"axis":"y","origin":[-2.2857141,8.0,8.0]},"faces":{"east":{"uv":[11.0,11.0,11.625,11.625],"rotation":0,"texture":"#0","tintindex":0},"south":{"uv":[13.25,11.0,14.25,11.625],"rotation":0,"texture":"#0","tintindex":0},"north":{"uv":[11.625,11.0,12.625,11.625],"rotation":0,"texture":"#0","tintindex":0},"west":{"uv":[12.625,11.0,13.25,11.625],"rotation":0,"texture":"#0","tintindex":0},"up":{"uv":[12.625,11.0,11.625,10.375],"rotation":0,"texture":"#0","tintindex":0},"down":{"uv":[13.625,10.375,12.625,11.0],"rotation":0,"texture":"#0","tintindex":0}}},{"from":[-14.285715,3.7142854,2.8571424],"to":[-5.714285,3.7142854,13.142858],"rotation":{"angle":22.5,"axis":"z","origin":[-5.714285,3.7142854,8.0]},"faces":{"east":{"uv":[9.0,5.0,9.75,5.0],"rotation":0,"texture":"#0","tintindex":0},"south":{"uv":[11.125,5.0,11.75,5.0],"rotation":0,"texture":"#0","tintindex":0},"north":{"uv":[9.75,5.0,10.375,5.0],"rotation":0,"texture":"#0","tintindex":0},"west":{"uv":[10.375,5.0,11.125,5.0],"rotation":0,"texture":"#0","tintindex":0},"up":{"uv":[3.125,15.125,3.75,14.375],"rotation":0,"texture":"#0","tintindex":0},"down":{"uv":[3.125,14.375,3.75,15.125],"rotation":0,"texture":"#0","tintindex":0}}},{"from":[-7.4285717,2.8571424,2.8571424],"to":[-2.2857141,2.8571424,13.142858],"rotation":{"angle":22.5,"axis":"z","origin":[-2.2857141,2.8571424,8.0]},"faces":{"east":{"uv":[0.0,1.5,0.75,1.5],"rotation":0,"texture":"#0","tintindex":0},"south":{"uv":[1.875,1.5,2.25,1.5],"rotation":0,"texture":"#0","tintindex":0},"north":{"uv":[0.75,1.5,1.125,1.5],"rotation":0,"texture":"#0","tintindex":0},"west":{"uv":[1.125,1.5,1.875,1.5],"rotation":0,"texture":"#0","tintindex":0},"up":{"uv":[3.125,15.125,3.5,14.375],"rotation":0,"texture":"#0","tintindex":0},"down":{"uv":[3.125,14.375,3.5,15.125],"rotation":0,"texture":"#0","tintindex":0}}},{"from":[-14.285715,2.8571424,12.285715],"to":[-5.714285,13.142858,12.285715],"rotation":{"angle":22.5,"axis":"y","origin":[-5.714285,8.0,12.285715]},"faces":{"east":{"uv":[2.5,14.375,2.5,15.125],"rotation":0,"texture":"#0","tintindex":0},"south":{"uv":[3.125,14.375,3.75,15.125],"rotation":0,"texture":"#0","tintindex":0},"north":{"uv":[3.75,14.375,3.125,15.125],"rotation":0,"texture":"#0","tintindex":0},"west":{"uv":[3.125,14.375,3.125,15.125],"rotation":0,"texture":"#0","tintindex":0},"up":{"uv":[3.125,14.375,2.5,14.375],"rotation":0,"texture":"#0","tintindex":0},"down":{"uv":[3.75,14.375,3.125,14.375],"rotation":0,"texture":"#0","tintindex":0}}},{"from":[-7.4285717,2.8571424,13.142858],"to":[-2.2857141,13.142858,13.142858],"rotation":{"angle":22.5,"axis":"y","origin":[-2.2857141,8.0,13.142858]},"faces":{"east":{"uv":[0.0,0.75,0.0,1.5],"rotation":0,"texture":"#0","tintindex":0},"south":{"uv":[3.125,14.375,3.5,15.125],"rotation":0,"texture":"#0","tintindex":0},"north":{"uv":[3.5,14.375,3.125,15.125],"rotation":0,"texture":"#0","tintindex":0},"west":{"uv":[0.375,0.75,0.375,1.5],"rotation":0,"texture":"#0","tintindex":0},"up":{"uv":[0.375,0.75,0.0,0.75],"rotation":0,"texture":"#0","tintindex":0},"down":{"uv":[0.75,0.75,0.375,0.75],"rotation":0,"texture":"#0","tintindex":0}}},{"from":[-14.285715,12.285715,2.8571424],"to":[-5.714285,12.285715,13.142858],"rotation":{"angle":-22.5,"axis":"z","origin":[-5.714285,12.285715,8.0]},"faces":{"east":{"uv":[9.0,5.0,9.75,5.0],"rotation":0,"texture":"#0","tintindex":0},"south":{"uv":[11.125,5.0,11.75,5.0],"rotation":0,"texture":"#0","tintindex":0},"north":{"uv":[9.75,5.0,10.375,5.0],"rotation":0,"texture":"#0","tintindex":0},"west":{"uv":[10.375,5.0,11.125,5.0],"rotation":0,"texture":"#0","tintindex":0},"up":{"uv":[3.125,15.125,3.75,14.375],"rotation":0,"texture":"#0","tintindex":0},"down":{"uv":[3.125,14.375,3.75,15.125],"rotation":0,"texture":"#0","tintindex":0}}},{"from":[-7.4285717,13.142858,2.8571424],"to":[-2.2857141,13.142858,13.142858],"rotation":{"angle":-22.5,"axis":"z","origin":[-2.2857141,13.142858,8.0]},"faces":{"east":{"uv":[0.0,1.5,0.75,1.5],"rotation":0,"texture":"#0","tintindex":0},"south":{"uv":[1.875,1.5,2.25,1.5],"rotation":0,"texture":"#0","tintindex":0},"north":{"uv":[0.75,1.5,1.125,1.5],"rotation":0,"texture":"#0","tintindex":0},"west":{"uv":[1.125,1.5,1.875,1.5],"rotation":0,"texture":"#0","tintindex":0},"up":{"uv":[3.125,15.125,3.5,14.375],"rotation":0,"texture":"#0","tintindex":0},"down":{"uv":[3.125,14.375,3.5,15.125],"rotation":0,"texture":"#0","tintindex":0}}},{"from":[-7.4285717,2.8571424,2.8571424],"to":[-2.2857141,13.142858,2.8571424],"rotation":{"angle":-22.5,"axis":"y","origin":[-2.2857141,8.0,2.8571424]},"faces":{"east":{"uv":[0.0,0.75,0.0,1.5],"rotation":0,"texture":"#0","tintindex":0},"south":{"uv":[3.125,14.375,3.5,15.125],"rotation":0,"texture":"#0","tintindex":0},"north":{"uv":[3.5,14.375,3.125,15.125],"rotation":0,"texture":"#0","tintindex":0},"west":{"uv":[0.375,0.75,0.375,1.5],"rotation":0,"texture":"#0","tintindex":0},"up":{"uv":[0.375,0.75,0.0,0.75],"rotation":0,"texture":"#0","tintindex":0},"down":{"uv":[0.75,0.75,0.375,0.75],"rotation":0,"texture":"#0","tintindex":0}}},{"from":[-14.285715,2.8571424,3.7142854],"to":[-5.714285,13.142858,3.7142854],"rotation":{"angle":-22.5,"axis":"y","origin":[-5.714285,8.0,3.7142854]},"faces":{"east":{"uv":[2.5,14.375,2.5,15.125],"rotation":0,"texture":"#0","tintindex":0},"south":{"uv":[3.125,14.375,3.75,15.125],"rotation":0,"texture":"#0","tintindex":0},"north":{"uv":[3.75,14.375,3.125,15.125],"rotation":0,"texture":"#0","tintindex":0},"west":{"uv":[3.125,14.375,3.125,15.125],"rotation":0,"texture":"#0","tintindex":0},"up":{"uv":[3.125,14.375,2.5,14.375],"rotation":0,"texture":"#0","tintindex":0},"down":{"uv":[3.75,14.375,3.125,14.375],"rotation":0,"texture":"#0","tintindex":0}}},{"from":[-0.5714283,2.8571424,3.7142854],"to":[8.000001,13.142858,3.7142854],"rotation":{"angle":-22.5,"axis":"y","origin":[8.000001,8.0,3.7142854]},"faces":{"east":{"uv":[2.5,14.375,2.5,15.125],"rotation":0,"texture":"#0","tintindex":0},"south":{"uv":[3.125,14.375,3.75,15.125],"rotation":0,"texture":"#0","tintindex":0},"north":{"uv":[3.75,14.375,3.125,15.125],"rotation":0,"texture":"#0","tintindex":0},"west":{"uv":[3.125,14.375,3.125,15.125],"rotation":0,"texture":"#0","tintindex":0},"up":{"uv":[3.125,14.375,2.5,14.375],"rotation":0,"texture":"#0","tintindex":0},"down":{"uv":[3.75,14.375,3.125,14.375],"rotation":0,"texture":"#0","tintindex":0}}},{"from":[-0.5714283,3.7142854,2.8571424],"to":[8.000001,3.7142854,13.142858],"rotation":{"angle":22.5,"axis":"z","origin":[8.000001,3.7142854,8.0]},"faces":{"east":{"uv":[9.0,5.0,9.75,5.0],"rotation":0,"texture":"#0","tintindex":0},"south":{"uv":[11.125,5.0,11.75,5.0],"rotation":0,"texture":"#0","tintindex":0},"north":{"uv":[9.75,5.0,10.375,5.0],"rotation":0,"texture":"#0","tintindex":0},"west":{"uv":[10.375,5.0,11.125,5.0],"rotation":0,"texture":"#0","tintindex":0},"up":{"uv":[3.125,15.125,3.75,14.375],"rotation":0,"texture":"#0","tintindex":0},"down":{"uv":[3.125,14.375,3.75,15.125],"rotation":0,"texture":"#0","tintindex":0}}},{"from":[-0.5714283,2.8571424,12.285715],"to":[8.000001,13.142858,12.285715],"rotation":{"angle":22.5,"axis":"y","origin":[8.000001,8.0,12.285715]},"faces":{"east":{"uv":[2.5,14.375,2.5,15.125],