{"textures":{"0":"modelengine:entity/mso_lord_of_water"},"elements":[{"from":[-5.714287,4.8655534,-3.7058754],"to":[8.0,10.00841,-0.2773037],"rotation":{"angle":0.0,"axis":"y","origin":[8.0,10.00841,-0.2773037]},"faces":{"east":{"uv":[12.5,7.25,12.75,7.625],"rotation":0,"texture":"#0","tintindex":0},"south":{"uv":[14.0,7.25,15.0,7.625],"rotation":0,"texture":"#0","tintindex":0},"north":{"uv":[12.75,7.25,13.75,7.625],"rotation":0,"texture":"#0","tintindex":0},"west":{"uv":[13.75,7.25,14.0,7.625],"rotation":0,"texture":"#0","tintindex":0},"up":{"uv":[13.75,7.25,12.75,7.0],"rotation":0,"texture":"#0","tintindex":0},"down":{"uv":[14.75,7.0,13.75,7.25],"rotation":0,"texture":"#0","tintindex":0}}},{"from":[-5.714287,11.428572,-5.714287],"to":[8.0,14.857143,1.1428566],"rotation":{"angle":-45.0,"axis":"x","origin":[8.0,14.857143,1.1428566]},"faces":{"east":{"uv":[7.875,12.375,8.375,12.625],"rotation":0,"texture":"#0","tintindex":0},"south":{"uv":[9.875,12.375,10.875,12.625],"rotation":0,"texture":"#0","tintindex":0},"north":{"uv":[8.375,12.375,9.375,12.625],"rotation":0,"texture":"#0","tintindex":0},"west":{"uv":[9.375,12.375,9.875,12.625],"rotation":0,"texture":"#0","tintindex":0},"up":{"uv":[9.375,12.375,8.375,11.875],"rotation":0,"texture":"#0","tintindex":0},"down":{"uv":[10.375,11.875,9.375,12.375],"rotation":0,"texture":"#0","tintindex":0}}},{"from":[4.5714283,14.857143,-7.4285717],"to":[6.285714,16.57143,1.1428566],"rotation":{"angle":-45.0,"axis":"x","origin":[11.428572,16.57143,1.1428566]},"faces":{"east":{"uv":[4.625,14.375,5.25,14.5],"rotation":0,"texture":"#0","tintindex":0},"south":{"uv":[6.0,14.375,6.125,14.5],"rotation":0,"texture":"#0","tintindex":0},"north":{"uv":[5.25,14.375,5.375,14.5],"rotation":0,"texture":"#0","tintindex":0},"west":{"uv":[5.375,14.375,6.0,14.5],"rotation":0,"texture":"#0","tintindex":0},"up":{"uv":[5.375,14.375,5.25,13.75],"rotation":0,"texture":"#0","tintindex":0},"down":{"uv":[5.5,13.75,5.375,14.375],"rotation":0,"texture":"#0","tintindex":0}}},{"from":[6.285714,14.857143,-9.1428585],"to":[9.714286,18.285715,1.1428566],"rotation":{"angle":-45.0,"axis":"x","origin":[14.857143,18.285715,1.1428566]},"faces":{"east":{"uv":[6.25,14.0,7.0,14.25],"rotation":0,"texture":"#0","tintindex":0},"south":{"uv":[8.0,14.0,8.25,14.25],"rotation":0,"texture":"#0","tintindex":0},"north":{"uv":[7.0,14.0,7.25,14.25],"rotation":0,"texture":"#0","tintindex":0},"west":{"uv":[7.25,14.0,8.0,14.25],"rotation":0,"texture":"#0","tintindex":0},"up":{"uv":[7.25,14.0,7.0,13.25],"rotation":0,"texture":"#0","tintindex":0},"down":{"uv":[7.5,13.25,7.25,14.0],"rotation":0,"texture":"#0","tintindex":0}}},{"from":[-4.000001,14.857143,-7.4285717],"to":[-2.285715,16.57143,1.1428566],"rotation":{"angle":-45.0,"axis":"x","origin":[2.8571424,16.57143,1.1428566]},"faces":{"east":{"uv":[12.375,14.5,13.0,14.625],"rotation":0,"texture":"#0","tintindex":0},"south":{"uv":[13.75,14.5,13.875,14.625],"rotation":0,"texture":"#0","tintindex":0},"north":{"uv":[13.0,14.5,13.125,14.625],"rotation":0,"texture":"#0","tintindex":0},"west":{"uv":[13.125,14.5,13.75,14.625],"rotation":0,"texture":"#0","tintindex":0},"up":{"uv":[13.125,14.5,13.0,13.875],"rotation":0,"texture":"#0","tintindex":0},"down":{"uv":[13.25,13.875,13.125,14.5],"rotation":0,"texture":"#0","tintindex":0}}},{"from":[-4.000001,14.857143,1.1428566],"to":[-2.285715,16.57143,14.857143],"rotation":{"angle":0.0,"axis":"y","origin":[2.8571424,16.57143,8.0]},"faces":{"east":{"uv":[11.875,13.75,12.875,13.875],"rotation":0,"texture":"#0","tintindex":0},"south":{"uv":[14.0,13.75,14.125,13.875],"rotation":0,"texture":"#0","tintindex":0},"north":{"uv":[12.875,13.75,13.0,13.875],"rotation":0,"texture":"#0","tintindex":0},"west":{"uv":[13.0,13.75,14.0,13.875],"rotation":0,"texture":"#0","tintindex":0},"up":{"uv":[13.0,13.75,12.875,12.75],"rotation":0,"texture":"#0","tintindex":0},"down":{"uv":[13.125,12.75,13.0,13.75],"rotation":0,"texture":"#0","tintindex":0}}},{"from":[-5.714287,11.428572,1.1428566],"to":[8.0,14.857143,14.857143],"rotation":{"angle":0.0,"axis":"y","origin":[8.0,8.0,8.0]},"faces":{"east":{"uv":[5.5,1.0,6.5,1.25],"rotation":0,"texture":"#0","tintindex":0},"south":{"uv":[8.5,1.0,9.5,1.25],"rotation":0,"texture":"#0","tintindex":0},"north":{"uv":[6.5,1.0,7.5,1.25],"rotation":0,"texture":"#0","tintindex":0},"west":{"uv":[7.5,1.0,8.5,1.25],"rotation":0,"texture":"#0","tintindex":0},"up":{"uv":[7.5,1.0,6.5,0.0],"rotation":0,"texture":"#0","tintindex":0},"down":{"uv":[8.5,0.0,7.5,1.0],"rotation":0,"texture":"#0","tintindex":0}}},{"from":[-5.714287,11.428572,14.857143],"to":[8.0,14.857143,21.714287],"rotation":{"angle":45.0,"axis":"x","origin":[8.0,14.857143,14.857143]},"faces":{"east":{"uv":[11.125,9.625,11.625,9.875],"rotation":0,"texture":"#0","tintindex":0},"south":{"uv":[13.125,9.625,14.125,9.875],"rotation":0,"texture":"#0","tintindex":0},"north":{"uv":[11.625,9.625,12.625,9.875],"rotation":0,"texture":"#0","tintindex":0},"west":{"uv":[12.625,9.625,13.125,9.875],"rotation":0,"texture":"#0","tintindex":0},"up":{"uv":[12.625,9.625,11.625,9.125],"rotation":0,"texture":"#0","tintindex":0},"down":{"uv":[13.625,9.125,12.625,9.625],"rotation":0,"texture":"#0","tintindex":0}}},{"from":[-4.000001,14.857143,14.857143],"to":[-2.285715,16.57143,21.714287],"rotation":{"angle":45.0,"axis":"x","origin":[2.8571424,16.57143,14.857143]},"faces":{"east":{"uv":[14.625,9.375,15.125,9.5],"rotation":0,"texture":"#0","tintindex":0},"south":{"uv":[15.75,9.375,15.875,9.5],"rotation":0,"texture":"#0","tintindex":0},"north":{"uv":[15.125,9.375,15.25,9.5],"rotation":0,"texture":"#0","tintindex":0},"west":{"uv":[15.25,9.375,15.75,9.5],"rotation":0,"texture":"#0","tintindex":0},"up":{"uv":[15.25,9.375,15.125,8.875],"rotation":0,"texture":"#0","tintindex":0},"down":{"uv":[15.375,8.875,15.25,9.375],"rotation":0,"texture":"#0","tintindex":0}}},{"from":[-5.714287,4.8655534,16.277304],"to":[8.0,10.00841,19.705875],"rotation":{"angle":0.0,"axis":"y","origin":[8.0,10.00841,16.277304]},"faces":{"east":{"uv":[12.5,1.25,12.75,1.625],"rotation":0,"texture":"#0","tintindex":0},"south":{"uv":[14.0,1.25,15.0,1.625],"rotation":0,"texture":"#0","tintindex":0},"north":{"uv":[12.75,1.25,13.75,1.625],"rotation":0,"texture":"#0","tintindex":0},"west":{"uv":[13.75,1.25,14.0,1.625],"rotation":0,"texture":"#0","tintindex":0},"up":{"uv":[13.75,1.25,12.75,1.0],"rotation":0,"texture":"#0","tintindex":0},"down":{"uv":[14.75,1.0,13.75,1.25],"rotation":0,"texture":"#0","tintindex":0}}},{"from":[4.5714283,14.857143,1.1428566],"to":[6.285714,16.57143,14.857143],"rotation":{"angle":0.0,"axis":"y","origin":[11.428572,16.57143,8.0]},"faces":{"east":{"uv":[0.0,13.375,1.0,13.5],"rotation":0,"texture":"#0","tintindex":0},"south":{"uv":[2.125,13.375,2.25,13.5],"rotation":0,"texture":"#0","tintindex":0},"north":{"uv":[1.0,13.375,1.125,13.5],"rotation":0,"texture":"#0","tintindex":0},"west":{"uv":[1.125,13.375,2.125,13.5],"rotation":0,"texture":"#0","tintindex":0},"up":{"uv":[1.125,13.375,1.0,12.375],"rotation":0,"texture":"#0","tintindex":0},"down":{"uv":[1.25,12.375,1.125,13.375],"rotation":0,"texture":"#0","tintindex":0}}},{"from":[6.285714,14.857143,1.1428566],"to":[9.714286,18.285715,14.857143],"rotation":{"angle":0.0,"axis":"y","origin":[14.857143,18.285715,8.0]},"faces":{"east":{"uv":[1.5,12.875,2.5,13.125],"rotation":0,"texture":"#0","tintindex":0},"south":{"uv":[3.75,12.875,4.0,13.125],"rotation":0,"texture":"#0","tintindex":0},"north":{"uv":[2.5,12.875,2.75,13.125],"rotation":0,"texture":"#0","tintindex":0},"west":{"uv":[2.75,12.875,3.75,13.125],"rotation":0,"texture":"#0","tintindex":0},"up":{"uv":[2.75,12.875,2.5,11.875],"rotation":0,"texture":"#0","tintindex":0},"down":{"uv":[3.0,11.875,2.75,12.875],"rotation":0,"texture":"#0","tintindex":0}}},{"from":[6.285714,14.857143,14.857143],"to":[9.714286,18.285715,25.142859],"rotation":{"angle":45.0,"axis":"x","origin":[14.857143,18.285715,14.857143]},"faces":{"east":{"uv":[13.375,9.875,14.125,10.125],"rotation":0,