{"textures":{"0":"modelengine:entity/mso_lord_of_water"},"elements":[{"from":[6.285713,2.8571424,2.8571424],"to":[18.285713,13.142858,13.142858],"rotation":{"angle":0.0,"axis":"y","origin":[6.285713,8.0,8.0]},"faces":{"east":{"uv":[10.125,11.125,9.375,11.875],"rotation":0,"texture":"#0","tintindex":0},"south":{"uv":[11.0,11.125,10.125,11.875],"rotation":0,"texture":"#0","tintindex":0},"north":{"uv":[9.375,11.125,8.5,11.875],"rotation":0,"texture":"#0","tintindex":0},"west":{"uv":[8.5,11.125,7.75,11.875],"rotation":0,"texture":"#0","tintindex":0},"up":{"uv":[8.5,11.125,9.375,10.375],"rotation":0,"texture":"#0","tintindex":0},"down":{"uv":[9.375,10.375,10.25,11.125],"rotation":0,"texture":"#0","tintindex":0}}},{"from":[21.714285,12.285715,2.8571424],"to":[30.285715,12.285715,13.142858],"rotation":{"angle":22.5,"axis":"z","origin":[21.714285,12.285715,8.0]},"faces":{"east":{"uv":[11.125,5.0,10.375,5.0],"rotation":0,"texture":"#0","tintindex":0},"south":{"uv":[11.75,5.0,11.125,5.0],"rotation":0,"texture":"#0","tintindex":0},"north":{"uv":[10.375,5.0,9.75,5.0],"rotation":0,"texture":"#0","tintindex":0},"west":{"uv":[9.75,5.0,9.0,5.0],"rotation":0,"texture":"#0","tintindex":0},"up":{"uv":[3.75,15.125,3.125,14.375],"rotation":0,"texture":"#0","tintindex":0},"down":{"uv":[3.75,14.375,3.125,15.125],"rotation":0,"texture":"#0","tintindex":0}}},{"from":[21.714285,3.7142854,2.8571424],"to":[30.285715,3.7142854,13.142858],"rotation":{"angle":-22.5,"axis":"z","origin":[21.714285,3.7142854,8.0]},"faces":{"east":{"uv":[11.125,5.0,10.375,5.0],"rotation":0,"texture":"#0","tintindex":0},"south":{"uv":[11.75,5.0,11.125,5.0],"rotation":0,"texture":"#0","tintindex":0},"north":{"uv":[10.375,5.0,9.75,5.0],"rotation":0,"texture":"#0","tintindex":0},"west":{"uv":[9.75,5.0,9.0,5.0],"rotation":0,"texture":"#0","tintindex":0},"up":{"uv":[3.75,15.125,3.125,14.375],"rotation":0,"texture":"#0","tintindex":0},"down":{"uv":[3.75,14.375,3.125,15.125],"rotation":0,"texture":"#0","tintindex":0}}},{"from":[18.285713,13.142858,2.8571424],"to":[23.428572,13.142858,13.142858],"rotation":{"angle":22.5,"axis":"z","origin":[18.285713,13.142858,8.0]},"faces":{"east":{"uv":[1.875,1.5,1.125,1.5],"rotation":0,"texture":"#0","tintindex":0},"south":{"uv":[2.25,1.5,1.875,1.5],"rotation":0,"texture":"#0","tintindex":0},"north":{"uv":[1.125,1.5,0.75,1.5],"rotation":0,"texture":"#0","tintindex":0},"west":{"uv":[0.75,1.5,0.0,1.5],"rotation":0,"texture":"#0","tintindex":0},"up":{"uv":[3.5,15.125,3.125,14.375],"rotation":0,"texture":"#0","tintindex":0},"down":{"uv":[3.5,14.375,3.125,15.125],"rotation":0,"texture":"#0","tintindex":0}}},{"from":[18.285713,2.8571424,2.8571424],"to":[23.428572,2.8571424,13.142858],"rotation":{"angle":-22.5,"axis":"z","origin":[18.285713,2.8571424,8.0]},"faces":{"east":{"uv":[1.875,1.5,1.125,1.5],"rotation":0,"texture":"#0","tintindex":0},"south":{"uv":[2.25,1.5,1.875,1.5],"rotation":0,"texture":"#0","tintindex":0},"north":{"uv":[1.125,1.5,0.75,1.5],"rotation":0,"texture":"#0","tintindex":0},"west":{"uv":[0.75,1.5,0.0,1.5],"rotation":0,"texture":"#0","tintindex":0},"up":{"uv":[3.5,15.125,3.125,14.375],"rotation":0,"texture":"#0","tintindex":0},"down":{"uv":[3.5,14.375,3.125,15.125],"rotation":0,"texture":"#0","tintindex":0}}},{"from":[18.285713,3.7142854,3.7142854],"to":[32.0,12.285715,12.285715],"rotation":{"angle":0.0,"axis":"y","origin":[18.285713,8.0,8.0]},"faces":{"east":{"uv":[13.25,11.0,12.625,11.625],"rotation":0,"texture":"#0","tintindex":0},"south":{"uv":[14.25,11.0,13.25,11.625],"rotation":0,"texture":"#0","tintindex":0},"north":{"uv":[12.625,11.0,11.625,11.625],"rotation":0,"texture":"#0","tintindex":0},"west":{"uv":[11.625,11.0,11.0,11.625],"rotation":0,"texture":"#0","tintindex":0},"up":{"uv":[11.625,11.0,12.625,10.375],"rotation":0,"texture":"#0","tintindex":0},"down":{"uv":[12.625,10.375,13.625,11.0],"rotation":0,"texture":"#0","tintindex":0}}},{"from":[21.714285,2.8571424,12.285715],"to":[30.285715,13.142858,12.285715],"rotation":{"angle":-22.5,"axis":"y","origin":[21.714285,8.0,12.285715]},"faces":{"east":{"uv":[3.125,14.375,3.125,15.125],"rotation":0,"texture":"#0","tintindex":0},"south":{"uv":[3.75,14.375,3.125,15.125],"rotation":0,"texture":"#0","tintindex":0},"north":{"uv":[3.125,14.375,3.75,15.125],"rotation":0,"texture":"#0","tintindex":0},"west":{"uv":[2.5,14.375,2.5,15.125],"rotation":0,"texture":"#0","tintindex":0},"up":{"uv":[2.5,14.375,3.125,14.375],"rotation":0,"texture":"#0","tintindex":0},"down":{"uv":[3.125,14.375,3.75,14.375],"rotation":0,"texture":"#0","tintindex":0}}},{"from":[21.714285,2.8571424,3.7142854],"to":[30.285715,13.142858,3.7142854],"rotation":{"angle":22.5,"axis":"y","origin":[21.714285,8.0,3.7142854]},"faces":{"east":{"uv":[3.125,14.375,3.125,15.125],"rotation":0,"texture":"#0","tintindex":0},"south":{"uv":[3.75,14.375,3.125,15.125],"rotation":0,"texture":"#0","tintindex":0},"north":{"uv":[3.125,14.375,3.75,15.125],"rotation":0,"texture":"#0","tintindex":0},"west":{"uv":[2.5,14.375,2.5,15.125],"rotation":0,"texture":"#0","tintindex":0},"up":{"uv":[2.5,14.375,3.125,14.375],"rotation":0,"texture":"#0","tintindex":0},"down":{"uv":[3.125,14.375,3.75,14.375],"rotation":0,"texture":"#0","tintindex":0}}},{"from":[7.999999,2.8571424,3.7142854],"to":[16.571428,13.142858,3.7142854],"rotation":{"angle":22.5,"axis":"y","origin":[7.999999,8.0,3.7142854]},"faces":{"east":{"uv":[3.125,14.375,3.125,15.125],"rotation":0,"texture":"#0","tintindex":0},"south":{"uv":[3.75,14.375,3.125,15.125],"rotation":0,"texture":"#0","tintindex":0},"north":{"uv":[3.125,14.375,3.75,15.125],"rotation":0,"texture":"#0","tintindex":0},"west":{"uv":[2.5,14.375,2.5,15.125],"rotation":0,"texture":"#0","tintindex":0},"up":{"uv":[2.5,14.375,3.125,14.375],"rotation":0,"texture":"#0","tintindex":0},"down":{"uv":[3.125,14.375,3.75,14.375],"rotation":0,"texture":"#0","tintindex":0}}},{"from":[7.999999,12.285715,2.8571424],"to":[16.571428,12.285715,13.142858],"rotation":{"angle":22.5,"axis":"z","origin":[7.999999,12.285715,8.0]},"faces":{"east":{"uv":[11.125,5.0,10.375,5.0],"rotation":0,"texture":"#0","tintindex":0},"south":{"uv":[11.75,5.0,11.125,5.0],"rotation":0,"texture":"#0","tintindex":0},"north":{"uv":[10.375,5.0,9.75,5.0],"rotation":0,"texture":"#0","tintindex":0},"west":{"uv":[9.75,5.0,9.0,5.0],"rotation":0,"texture":"#0","tintindex":0},"up":{"uv":[3.75,15.125,3.125,14.375],"rotation":0,"texture":"#0","tintindex":0},"down":{"uv":[3.75,14.375,3.125,15.125],"rotation":0,"texture":"#0","tintindex":0}}},{"from":[7.999999,3.7142854,2.8571424],"to":[16.571428,3.7142854,13.142858],"rotation":{"angle":-22.5,"axis":"z","origin":[7.999999,3.7142854,8.0]},"faces":{"east":{"uv":[11.125,5.0,10.375,5.0],"rotation":0,"texture":"#0","tintindex":0},"south":{"uv":[11.75,5.0,11.125,5.0],"rotation":0,"texture":"#0","tintindex":0},"north":{"uv":[10.375,5.0,9.75,5.0],"rotation":0,"texture":"#0","tintindex":0},"west":{"uv":[9.75,5.0,9.0,5.0],"rotation":0,"texture":"#0","tintindex":0},"up":{"uv":[3.75,15.125,3.125,14.375],"rotation":0,"texture":"#0","tintindex":0},"down":{"uv":[3.75,14.375,3.125,15.125],"rotation":0,"texture":"#0","tintindex":0}}},{"from":[7.999999,2.8571424,12.285715],"to":[16.571428,13.142858,12.285715],"rotation":{"angle":-22.5,"axis":"y","origin":[7.999999,8.0,12.285715]},"faces":{"east":{"uv":[3.125,14.375,3.125,15.125],"rotation":0,"texture":"#0","tintindex":0},"south":{"uv":[3.75,14.375,3.125,15.125],"rotation":0,"texture":"#0","tintindex":0},"north":{"uv":[3.125,14.375,3.75,15.125],"rotation":0,"texture":"#0","tintindex":0},"west":{"uv":[2.5,14.375,2.5,15.125],"rotation":0,"texture":"#0","tintindex":0},"up":{"uv":[2.5,14.375,3.125,14.375],"rotation":0,"texture":"#0","tintindex":0},"down":{"uv":[3.125,14.375,3.75,14.375],"rotation":0,"texture":"#0","tintindex":0}}},{"from":[18.285713,2.8571424,13.142858],"to":[23.428572,13.142858,13.142858],"rotation":{"angle":-22.5,"axis":"y","origin":[18.285713,8.0,13.142858]},"faces":{"east":{"uv":[0.375,0.75,0.375,1.5],