{"textures":{"0":"modelengine:entity/boar_female"},"elements":[{"from":[6.708724,6.765901,8.216408],"to":[8.547748,8.604925,10.055432],"faces":{"east":{"uv":[11.125,9.5,11.625,10.0],"tintindex":0,"rotation":0,"texture":"#0"},"south":{"uv":[11.75,10.375,12.25,10.875],"tintindex":0,"rotation":0,"texture":"#0"},"north":{"uv":[6.625,7.625,7.125,8.125],"tintindex":0,"rotation":0,"texture":"#0"},"west":{"uv":[13.0,10.375,13.5,10.875],"tintindex":0,"rotation":0,"texture":"#0"},"up":{"uv":[13.5,12.375,13.0,11.875],"tintindex":0,"rotation":0,"texture":"#0"},"down":{"uv":[13.625,4.875,13.125,5.375],"tintindex":0,"rotation":0,"texture":"#0"}},"rotation":{"origin":[6.407724,6.398096,8.216408],"angle":-45.0,"axis":"x"}},{"from":[6.7142277,5.024332,7.143644],"to":[8.246748,8.23712,8.676164],"faces":{"east":{"uv":[12.5,7.875,13.0,8.75],"tintindex":0,"rotation":0,"texture":"#0"},"south":{"uv":[8.0,12.5,8.5,13.375],"tintindex":0,"rotation":0,"texture":"#0"},"north":{"uv":[7.375,12.5,7.875,13.375],"tintindex":0,"rotation":0,"texture":"#0"},"west":{"uv":[12.5,8.875,13.0,9.75],"tintindex":0,"rotation":0,"texture":"#0"},"up":{"uv":[1.25,13.875,0.75,13.375],"tintindex":0,"rotation":0,"texture":"#0"},"down":{"uv":[13.875,2.0,13.375,2.5],"tintindex":0,"rotation":0,"texture":"#0"}}}],"display":{"gui":{"rotation":[30,225,0]}}}