{"textures":{"0":"modelengine:entity/boar_female"},"elements":[{"from":[8.773984,5.093132,7.3968964],"to":[10.459756,5.859392,8.929416],"faces":{"east":{"uv":[14.0,2.0,14.5,2.25],"tintindex":0,"rotation":0,"texture":"#0"},"south":{"uv":[14.0,2.375,14.5,2.625],"tintindex":0,"rotation":0,"texture":"#0"},"north":{"uv":[1.75,14.0,2.25,14.25],"tintindex":0,"rotation":0,"texture":"#0"},"west":{"uv":[14.0,2.75,14.5,3.0],"tintindex":0,"rotation":0,"texture":"#0"},"up":{"uv":[2.75,13.875,2.25,13.375],"tintindex":0,"rotation":0,"texture":"#0"},"down":{"uv":[13.875,2.625,13.375,3.125],"tintindex":0,"rotation":0,"texture":"#0"}},"rotation":{"origin":[9.080488,2.6411,6.0176277],"angle":-22.5,"axis":"x"}},{"from":[8.927237,5.859392,5.40462],"to":[10.306504,9.077683,6.630636],"faces":{"east":{"uv":[10.25,11.125,10.625,12.0],"tintindex":0,"rotation":0,"texture":"#0"},"south":{"uv":[11.0,12.125,11.375,13.0],"tintindex":0,"rotation":0,"texture":"#0"},"north":{"uv":[5.75,9.75,6.125,10.625],"tintindex":0,"rotation":0,"texture":"#0"},"west":{"uv":[12.625,5.75,13.0,6.625],"tintindex":0,"rotation":0,"texture":"#0"},"up":{"uv":[5.5,14.125,5.125,13.75],"tintindex":0,"rotation":0,"texture":"#0"},"down":{"uv":[14.125,5.625,13.75,6.0],"tintindex":0,"rotation":0,"texture":"#0"}},"rotation":{"origin":[9.080488,3.254108,5.2513676],"angle":22.5,"axis":"x"}},{"from":[8.620731,5.093132,6.0176277],"to":[10.6130085,5.859392,7.550148],"faces":{"east":{"uv":[0.5,14.0,1.0,14.25],"tintindex":0,"rotation":0,"texture":"#0"},"south":{"uv":[3.625,13.75,4.25,14.0],"tintindex":0,"rotation":0,"texture":"#0"},"north":{"uv":[13.75,0.875,14.375,1.125],"tintindex":0,"rotation":0,"texture":"#0"},"west":{"uv":[1.125,14.0,1.625,14.25],"tintindex":0,"rotation":0,"texture":"#0"},"up":{"uv":[13.375,13.25,12.75,12.75],"tintindex":0,"rotation":0,"texture":"#0"},"down":{"uv":[0.625,12.875,0.0,13.375],"tintindex":0,"rotation":0,"texture":"#0"}}}],"display":{"gui":{"rotation":[30,225,0]}}}