{"textures":{"0":"modelengine:entity/boar_female"},"elements":[{"from":[8.616088,8.317355,7.80482],"to":[10.455112,9.390119,10.1036],"faces":{"east":{"uv":[13.625,10.5,14.25,10.75],"tintindex":0,"rotation":0,"texture":"#0"},"south":{"uv":[13.875,1.625,14.375,1.875],"tintindex":0,"rotation":0,"texture":"#0"},"north":{"uv":[13.875,1.25,14.375,1.5],"tintindex":0,"rotation":0,"texture":"#0"},"west":{"uv":[13.625,11.375,14.25,11.625],"tintindex":0,"rotation":0,"texture":"#0"},"up":{"uv":[13.25,7.375,12.75,6.75],"tintindex":0,"rotation":0,"texture":"#0"},"down":{"uv":[9.125,12.75,8.625,13.375],"tintindex":0,"rotation":0,"texture":"#0"}},"rotation":{"origin":[9.5356,8.804657,7.254946],"angle":45.0,"axis":"x"}},{"from":[8.7693405,6.1568317,6.172478],"to":[10.30186,7.2295957,7.5517464],"faces":{"east":{"uv":[2.375,14.0,2.75,14.25],"tintindex":0,"rotation":0,"texture":"#0"},"south":{"uv":[13.75,13.625,14.25,13.875],"tintindex":0,"rotation":0,"texture":"#0"},"north":{"uv":[13.75,13.25,14.25,13.5],"tintindex":0,"rotation":0,"texture":"#0"},"west":{"uv":[8.0,14.0,8.375,14.25],"tintindex":0,"rotation":0,"texture":"#0"},"up":{"uv":[14.0,4.25,13.5,3.875],"tintindex":0,"rotation":0,"texture":"#0"},"down":{"uv":[14.0,4.375,13.5,4.75],"tintindex":0,"rotation":0,"texture":"#0"}},"rotation":{"origin":[8.922592,3.5208974,4.8559904],"angle":22.5,"axis":"x"}},{"from":[8.922592,6.798423,5.825375],"to":[10.148608,9.250455,7.051391],"faces":{"east":{"uv":[6.5,12.875,6.875,13.625],"tintindex":0,"rotation":0,"texture":"#0"},"south":{"uv":[13.0,0.0,13.375,0.75],"tintindex":0,"rotation":0,"texture":"#0"},"north":{"uv":[12.875,2.375,13.25,3.125],"tintindex":0,"rotation":0,"texture":"#0"},"west":{"uv":[13.0,4.0,13.375,4.75],"tintindex":0,"rotation":0,"texture":"#0"},"up":{"uv":[14.125,8.25,13.75,7.875],"tintindex":0,"rotation":0,"texture":"#0"},"down":{"uv":[14.125,8.375,13.75,8.75],"tintindex":0,"rotation":0,"texture":"#0"}},"rotation":{"origin":[8.922592,4.1339054,5.4689984],"angle":45.0,"axis":"x"}}],"display":{"gui":{"rotation":[30,225,0]}}}