{"textures":{"0":"modelengine:entity/boar_female"},"elements":[{"from":[6.93222,6.5702,7.475844],"to":[8.924496,9.022232,9.9278755],"faces":{"east":{"uv":[11.375,0.0,12.125,0.75],"tintindex":0,"rotation":0,"texture":"#0"},"south":{"uv":[11.875,5.875,12.5,6.625],"tintindex":0,"rotation":0,"texture":"#0"},"north":{"uv":[11.75,9.5,12.375,10.25],"tintindex":0,"rotation":0,"texture":"#0"},"west":{"uv":[11.375,4.125,12.125,4.875],"tintindex":0,"rotation":0,"texture":"#0"},"up":{"uv":[9.375,12.625,8.75,11.875],"tintindex":0,"rotation":0,"texture":"#0"},"down":{"uv":[12.125,11.875,11.5,12.625],"tintindex":0,"rotation":0,"texture":"#0"}},"rotation":{"origin":[6.354472,7.183208,8.088852],"angle":-45.0,"axis":"x"}},{"from":[6.9674797,4.884428,7.016088],"to":[8.040244,8.409224,9.161616],"faces":{"east":{"uv":[11.0,7.125,11.625,8.125],"tintindex":0,"rotation":0,"texture":"#0"},"south":{"uv":[10.5,13.0,10.75,14.0],"tintindex":0,"rotation":0,"texture":"#0"},"north":{"uv":[10.125,13.0,10.375,14.0],"tintindex":0,"rotation":0,"texture":"#0"},"west":{"uv":[10.75,11.0,11.375,12.0],"tintindex":0,"rotation":0,"texture":"#0"},"up":{"uv":[13.75,13.125,13.5,12.5],"tintindex":0,"rotation":0,"texture":"#0"},"down":{"uv":[13.875,9.75,13.625,10.375],"tintindex":0,"rotation":0,"texture":"#0"}}}],"display":{"gui":{"rotation":[30,225,0]}}}