{"textures":{"0":"modelengine:entity/boar_female"},"elements":[{"from":[6.973984,5.9197316,3.2253518],"to":[8.96626,7.299,5.524132],"faces":{"east":{"uv":[2.375,11.25,3.0,11.625],"tintindex":0,"rotation":0,"texture":"#0"},"south":{"uv":[13.5,0.0,14.125,0.375],"tintindex":0,"rotation":0,"texture":"#0"},"north":{"uv":[10.0,8.125,10.625,8.5],"tintindex":0,"rotation":0,"texture":"#0"},"west":{"uv":[1.375,13.5,2.0,13.875],"tintindex":0,"rotation":0,"texture":"#0"},"up":{"uv":[1.375,13.25,0.75,12.625],"tintindex":0,"rotation":0,"texture":"#0"},"down":{"uv":[2.875,12.625,2.25,13.25],"tintindex":0,"rotation":0,"texture":"#0"}},"rotation":{"origin":[6.514228,4.0807076,5.064376],"angle":-45.0,"axis":"x"}},{"from":[9.119512,6.9807987,5.1667514],"to":[9.63252,8.351807,6.5767674],"faces":{"east":{"uv":[7.25,11.875,7.75,12.375],"tintindex":0,"rotation":0,"texture":"#0"},"south":{"uv":[7.25,11.875,7.75,12.375],"tintindex":0,"rotation":0,"texture":"#0"},"north":{"uv":[7.75,11.875,7.25,12.375],"tintindex":0,"rotation":0,"texture":"#0"},"west":{"uv":[7.25,11.875,7.75,12.375],"tintindex":0,"rotation":0,"texture":"#0"},"up":{"uv":[1.125,15.0,1.625,15.5],"tintindex":0,"rotation":0,"texture":"#0"},"down":{"uv":[7.25,11.875,7.75,12.375],"tintindex":0,"rotation":0,"texture":"#0"}}},{"from":[3.142684,11.283552,6.290392],"to":[4.828456,12.509568,6.750148],"faces":{"east":{"uv":[13.375,14.125,13.5,14.5],"tintindex":0,"rotation":0,"texture":"#0"},"south":{"uv":[8.625,13.5,9.125,13.875],"tintindex":0,"rotation":0,"texture":"#0"},"north":{"uv":[8.0,13.5,8.5,13.875],"tintindex":0,"rotation":0,"texture":"#0"},"west":{"uv":[0.0,14.25,0.125,14.625],"tintindex":0,"rotation":0,"texture":"#0"},"up":{"uv":[14.625,4.5,14.125,4.375],"tintindex":0,"rotation":0,"texture":"#0"},"down":{"uv":[14.625,4.625,14.125,4.75],"tintindex":0,"rotation":0,"texture":"#0"}},"rotation":{"origin":[1.9166684,8.371763,9.508684],"angle":-45.0,"axis":"z"}},{"from":[10.958536,11.283552,6.290392],"to":[12.644308,12.509568,6.750148],"faces":{"east":{"uv":[14.25,0.0,14.375,0.375],"tintindex":0,"rotation":0,"texture":"#0"},"south":{"uv":[12.125,13.5,12.625,13.875],"tintindex":0,"rotation":0,"texture":"#0"},"north":{"uv":[11.5,13.5,12.0,13.875],"tintindex":0,"rotation":0,"texture":"#0"},"west":{"uv":[0.25,14.25,0.375,14.625],"tintindex":0,"rotation":0,"texture":"#0"},"up":{"uv":[14.625,7.5,14.125,7.375],"tintindex":0,"rotation":0,"texture":"#0"},"down":{"uv":[14.625,7.625,14.125,7.75],"tintindex":0,"rotation":0,"texture":"#0"}},"rotation":{"origin":[13.870324,8.371763,9.508684],"angle":45.0,"axis":"z"}},{"from":[6.66748,5.4599757,4.144864],"to":[9.272764,6.226236,6.13714],"faces":{"east":{"uv":[13.75,4.875,14.375,5.125],"tintindex":0,"rotation":0,"texture":"#0"},"south":{"uv":[13.5,0.5,14.25,0.75],"tintindex":0,"rotation":0,"texture":"#0"},"north":{"uv":[13.0,11.0,13.75,11.25],"tintindex":0,"rotation":0,"texture":"#0"},"west":{"uv":[13.75,5.25,14.375,5.5],"tintindex":0,"rotation":0,"texture":"#0"},"up":{"uv":[12.75,3.25,12.0,2.625],"tintindex":0,"rotation":0,"texture":"#0"},"down":{"uv":[13.0,5.0,12.25,5.625],"tintindex":0,"rotation":0,"texture":"#0"}},"rotation":{"origin":[6.66748,3.4677,5.677384],"angle":-45.0,"axis":"x"}},{"from":[6.207724,6.992496,6.750148],"to":[9.73252,10.713544,9.40944],"faces":{"east":{"uv":[9.5,2.875,10.25,4.0],"tintindex":0,"rotation":0,"texture":"#0"},"south":{"uv":[6.875,5.0,7.875,6.125],"tintindex":0,"rotation":0,"texture":"#0"},"north":{"uv":[6.5,1.125,7.5,2.25],"tintindex":0,"rotation":0,"texture":"#0"},"west":{"uv":[6.25,9.5,7.0,10.625],"tintindex":0,"rotation":0,"texture":"#0"},"up":{"uv":[3.0,11.125,2.0,10.375],"tintindex":0,"rotation":0,"texture":"#0"},"down":{"uv":[11.5,0.875,10.5,1.625],"tintindex":0,"rotation":0,"texture":"#0"}},"rotation":{"origin":[6.66748,6.685992,9.508684],"angle":-22.5,"axis":"x"}},{"from":[5.7479677,6.0729837,4.60462],"to":[10.192276,6.992496,6.443644],"faces":{"east":{"uv":[14.0,7.0,14.5,7.25],"tintindex":0,"rotation":0,"texture":"#0"},"south":{"uv":[12.75,7.5,14.0,7.75],"tintindex":0,"rotation":0,"texture":"#0"},"north":{"uv":[10.5,1.75,11.75,2.0],"tintindex":0,"rotation":0,"texture":"#0"},"west":{"uv":[7.375,14.0,7.875,14.25],"tintindex":0,"rotation":0,"texture":"#0"},"up":{"uv":[12.375,8.75,11.125,8.25],"tintindex":0,"rotation":0,"texture":"#0"},"down":{"uv":[12.375,8.875,11.125,9.375],"tintindex":0,"rotation":0,"texture":"#0"}},"rotation":{"origin":[6.66748,4.8469677,6.443644],"angle":-22.5,"axis":"x"}},{"from":[6.145976,9.6574955,6.004392],"to":[9.794268,10.6032915,9.96844],"faces":{"east":{"uv":[12.375,11.375,13.5,11.75],"tintindex":0,"rotation":0,"texture":"#0"},"south":{"uv":[12.5,9.875,13.5,10.25],"tintindex":0,"rotation":0,"texture":"#0"},"north":{"uv":[7.375,3.25,8.375,3.625],"tintindex":0,"rotation":0,"texture":"#0"},"west":{"uv":[12.5,0.875,13.625,1.25],"tintindex":0,"rotation":0,"texture":"#0"},"up":{"uv":[7.25,3.625,6.25,2.5],"tintindex":0,"rotation":0,"texture":"#0"},"down":{"uv":[3.75,6.25,2.75,7.375],"tintindex":0,"rotation":0,"texture":"#0"}},"rotation":{"origin":[6.66748,6.685992,9.508684],"angle":-22.5,"axis":"x"}},{"from":[5.9012203,5.4599757,4.911124],"to":[10.039024,7.452252,7.976164],"faces":{"east":{"uv":[11.625,3.375,12.5,4.0],"tintindex":0,"rotation":0,"texture":"#0"},"south":{"uv":[10.0,5.375,11.25,6.0],"tintindex":0,"rotation":0,"texture":"#0"},"north":{"uv":[9.75,9.375,11.0,10.0],"tintindex":0,"rotation":0,"texture":"#0"},"west":{"uv":[4.75,11.75,5.625,12.375],"tintindex":0,"rotation":0,"texture":"#0"},"up":{"uv":[8.5,8.125,7.25,7.25],"tintindex":0,"rotation":0,"texture":"#0"},"down":{"uv":[2.375,7.375,1.125,8.25],"tintindex":0,"rotation":0,"texture":"#0"}},"rotation":{"origin":[6.66748,4.8469677,6.443644],"angle":-22.5,"axis":"x"}},{"from":[6.307724,6.9807987,5.1667514],"to":[6.820732,8.351807,6.5767674],"faces":{"east":{"uv":[7.25,11.875,7.75,12.375],"tintindex":0,"rotation":0,"texture":"#0"},"south":{"uv":[7.25,11.875,7.75,12.375],"tintindex":0,"rotation":0,"texture":"#0"},"north":{"uv":[7.25,11.875,7.75,12.375],"tintindex":0,"rotation":0,"texture":"#0"},"west":{"uv":[7.75,11.875,7.25,12.375],"tintindex":0,"rotation":0,"texture":"#0"},"up":{"uv":[7.25,11.875,7.75,12.375],"tintindex":0,"rotation":0,"texture":"#0"},"down":{"uv":[7.25,11.875,7.75,12.375],"tintindex":0,"rotation":0,"texture":"#0"}}},{"from":[6.66748,7.452252,5.064376],"to":[9.272764,9.904284,8.1294155],"faces":{"east":{"uv":[3.125,10.875,4.0,11.625],"tintindex":0,"rotation":0,"texture":"#0"},"south":{"uv":[11.625,0.875,12.375,1.625],"tintindex":0,"rotation":0,"texture":"#0"},"north":{"uv":[11.5,11.0,12.25,11.75],"tintindex":0,"rotation":0,"texture":"#0"},"west":{"uv":[7.75,10.875,8.625,11.625],"tintindex":0,"rotation":0,"texture":"#0"},"up":{"uv":[9.5,11.75,8.75,10.875],"tintindex":0,"rotation":0,"texture":"#0"},"down":{"uv":[11.75,6.125,11.0,7.0],"tintindex":0,"rotation":0,"texture":"#0"}},"rotation":{"origin":[6.66748,5.76648,7.66966],"angle":-45.0,"axis":"x"}}],"display":{"gui":{"rotation":[30,225,0]}}}