{"textures":{"0":"modelengine:entity/boar_female"},"elements":[{"from":[9.23374,5.2297935,7.439414],"to":[10.6130085,8.448086,8.66543],"faces":{"east":{"uv":[3.0,12.75,3.375,13.625],"tintindex":0,"rotation":0,"texture":"#0"},"south":{"uv":[3.5,12.75,3.875,13.625],"tintindex":0,"rotation":0,"texture":"#0"},"north":{"uv":[12.75,1.375,13.125,2.25],"tintindex":0,"rotation":0,"texture":"#0"},"west":{"uv":[4.0,12.75,4.375,13.625],"tintindex":0,"rotation":0,"texture":"#0"},"up":{"uv":[14.125,6.5,13.75,6.125],"tintindex":0,"rotation":0,"texture":"#0"},"down":{"uv":[6.75,13.75,6.375,14.125],"tintindex":0,"rotation":0,"texture":"#0"}},"rotation":{"origin":[10.459756,8.054108,7.851368],"angle":22.5,"axis":"x"}},{"from":[8.927237,5.093132,6.0176277],"to":[10.919512,5.859392,7.550148],"faces":{"east":{"uv":[8.875,2.875,9.375,3.125],"tintindex":0,"rotation":0,"texture":"#0"},"south":{"uv":[11.75,7.875,12.375,8.125],"tintindex":0,"rotation":0,"texture":"#0"},"north":{"uv":[9.5,4.125,10.125,4.375],"tintindex":0,"rotation":0,"texture":"#0"},"west":{"uv":[13.75,9.375,14.25,9.625],"tintindex":0,"rotation":0,"texture":"#0"},"up":{"uv":[9.625,5.875,9.0,5.375],"tintindex":0,"rotation":0,"texture":"#0"},"down":{"uv":[13.25,3.375,12.625,3.875],"tintindex":0,"rotation":0,"texture":"#0"}}},{"from":[9.080488,5.093132,7.3968964],"to":[10.76626,5.859392,8.929416],"faces":{"east":{"uv":[14.0,3.5,14.5,3.75],"tintindex":0,"rotation":0,"texture":"#0"},"south":{"uv":[4.375,14.0,4.875,14.25],"tintindex":0,"rotation":0,"texture":"#0"},"north":{"uv":[14.0,3.125,14.5,3.375],"tintindex":0,"rotation":0,"texture":"#0"},"west":{"uv":[14.0,6.625,14.5,6.875],"tintindex":0,"rotation":0,"texture":"#0"},"up":{"uv":[13.875,3.75,13.375,3.25],"tintindex":0,"rotation":0,"texture":"#0"},"down":{"uv":[13.875,6.75,13.375,7.25],"tintindex":0,"rotation":0,"texture":"#0"}},"rotation":{"origin":[9.3869915,2.6411,6.0176277],"angle":-22.5,"axis":"x"}}],"display":{"gui":{"rotation":[30,225,0]}}}