{"textures":{"0":"modelengine:entity/boar_female"},"elements":[{"from":[7.26934,6.0343018,6.0988564],"to":[8.80186,7.1070657,7.4781246],"faces":{"east":{"uv":[8.5,14.0,8.875,14.25],"tintindex":0,"rotation":0,"texture":"#0"},"south":{"uv":[13.875,12.875,14.375,13.125],"tintindex":0,"rotation":0,"texture":"#0"},"north":{"uv":[13.875,12.5,14.375,12.75],"tintindex":0,"rotation":0,"texture":"#0"},"west":{"uv":[14.0,9.75,14.375,10.0],"tintindex":0,"rotation":0,"texture":"#0"},"up":{"uv":[5.0,13.875,4.5,13.5],"tintindex":0,"rotation":0,"texture":"#0"},"down":{"uv":[7.875,13.5,7.375,13.875],"tintindex":0,"rotation":0,"texture":"#0"}},"rotation":{"origin":[2.8250322,3.398367,4.7823687],"angle":22.5,"axis":"x"}},{"from":[7.116088,8.12355,7.7428637],"to":[8.955112,9.196315,10.041643],"faces":{"east":{"uv":[13.625,11.75,14.25,12.0],"tintindex":0,"rotation":0,"texture":"#0"},"south":{"uv":[13.875,10.875,14.375,11.125],"tintindex":0,"rotation":0,"texture":"#0"},"north":{"uv":[5.625,13.875,6.125,14.125],"tintindex":0,"rotation":0,"texture":"#0"},"west":{"uv":[13.625,12.125,14.25,12.375],"tintindex":0,"rotation":0,"texture":"#0"},"up":{"uv":[12.0,13.375,11.5,12.75],"tintindex":0,"rotation":0,"texture":"#0"},"down":{"uv":[12.625,12.75,12.125,13.375],"tintindex":0,"rotation":0,"texture":"#0"}},"rotation":{"origin":[3.131536,8.7524395,7.134343],"angle":45.0,"axis":"x"}},{"from":[7.422592,6.7235165,5.5398545],"to":[8.648608,9.022297,6.76587],"faces":{"east":{"uv":[12.75,13.375,13.125,14.0],"tintindex":0,"rotation":0,"texture":"#0"},"south":{"uv":[13.25,13.375,13.625,14.0],"tintindex":0,"rotation":0,"texture":"#0"},"north":{"uv":[9.25,13.375,9.625,14.0],"tintindex":0,"rotation":0,"texture":"#0"},"west":{"uv":[0.0,13.5,0.375,14.125],"tintindex":0,"rotation":0,"texture":"#0"},"up":{"uv":[14.125,9.25,13.75,8.875],"tintindex":0,"rotation":0,"texture":"#0"},"down":{"uv":[11.25,13.75,10.875,14.125],"tintindex":0,"rotation":0,"texture":"#0"}},"rotation":{"origin":[8.648608,3.9643936,5.3250637],"angle":45.0,"axis":"x"}}],"display":{"gui":{"rotation":[30,225,0]}}}