{"textures":{"0":"modelengine:entity/boar_female"},"elements":[{"from":[7.486992,5.024332,6.843644],"to":[9.019512,8.23712,8.3761635],"faces":{"east":{"uv":[12.375,10.375,12.875,11.25],"tintindex":0,"rotation":0,"texture":"#0"},"south":{"uv":[1.625,12.5,2.125,13.375],"tintindex":0,"rotation":0,"texture":"#0"},"north":{"uv":[9.5,12.375,10.0,13.25],"tintindex":0,"rotation":0,"texture":"#0"},"west":{"uv":[4.75,12.5,5.25,13.375],"tintindex":0,"rotation":0,"texture":"#0"},"up":{"uv":[13.75,1.875,13.25,1.375],"tintindex":0,"rotation":0,"texture":"#0"},"down":{"uv":[6.25,13.25,5.75,13.75],"tintindex":0,"rotation":0,"texture":"#0"}}},{"from":[7.1859922,6.765901,7.916408],"to":[9.025016,8.604925,9.755432],"faces":{"east":{"uv":[13.125,6.125,13.625,6.625],"tintindex":0,"rotation":0,"texture":"#0"},"south":{"uv":[13.125,7.875,13.625,8.375],"tintindex":0,"rotation":0,"texture":"#0"},"north":{"uv":[13.125,5.5,13.625,6.0],"tintindex":0,"rotation":0,"texture":"#0"},"west":{"uv":[13.125,8.5,13.625,9.0],"tintindex":0,"rotation":0,"texture":"#0"},"up":{"uv":[13.625,9.625,13.125,9.125],"tintindex":0,"rotation":0,"texture":"#0"},"down":{"uv":[11.375,13.125,10.875,13.625],"tintindex":0,"rotation":0,"texture":"#0"}},"rotation":{"origin":[9.326015,6.398096,7.916408],"angle":-45.0,"axis":"x"}}],"display":{"gui":{"rotation":[30,225,0]}}}