{"textures":{"0":"modelengine:entity/boar_female"},"elements":[{"from":[6.007724,6.314228,8.153252],"to":[9.379268,8.919512,11.218292],"faces":{"east":{"uv":[10.75,10.125,11.625,10.875],"tintindex":0,"rotation":0,"texture":"#0"},"south":{"uv":[10.25,4.125,11.25,4.875],"tintindex":0,"rotation":0,"texture":"#0"},"north":{"uv":[10.25,0.0,11.25,0.75],"tintindex":0,"rotation":0,"texture":"#0"},"west":{"uv":[0.75,10.875,1.625,11.625],"tintindex":0,"rotation":0,"texture":"#0"},"up":{"uv":[9.625,9.5,8.625,8.625],"tintindex":0,"rotation":0,"texture":"#0"},"down":{"uv":[1.0,8.75,0.0,9.625],"tintindex":0,"rotation":0,"texture":"#0"}},"rotation":{"origin":[6.46748,5.547968,9.992276],"angle":22.5,"axis":"x"}},{"from":[7.386992,7.23374,10.452032],"to":[8.153252,8.0,13.210567],"faces":{"east":{"uv":[10.25,5.0,11.0,5.25],"tintindex":0,"rotation":0,"texture":"#0"},"south":{"uv":[10.75,8.25,11.0,8.5],"tintindex":0,"rotation":0,"texture":"#0"},"north":{"uv":[6.25,8.875,6.5,9.125],"tintindex":0,"rotation":0,"texture":"#0"},"west":{"uv":[11.875,6.75,12.625,7.0],"tintindex":0,"rotation":0,"texture":"#0"},"up":{"uv":[1.375,7.125,1.125,6.375],"tintindex":0,"rotation":0,"texture":"#0"},"down":{"uv":[10.0,13.375,9.75,14.125],"tintindex":0,"rotation":0,"texture":"#0"}},"rotation":{"origin":[6.46748,6.314228,12.137804],"angle":45.0,"axis":"x"}},{"from":[5.2414637,4.93496,3.0959358],"to":[10.145528,8.6130085,7.080488],"faces":{"east":{"uv":[5.625,5.125,6.75,6.25],"tintindex":0,"rotation":0,"texture":"#0"},"south":{"uv":[3.5,0.0,4.875,1.125],"tintindex":0,"rotation":0,"texture":"#0"},"north":{"uv":[3.375,2.5,4.75,3.625],"tintindex":0,"rotation":0,"texture":"#0"},"west":{"uv":[5.875,3.75,7.0,4.875],"tintindex":0,"rotation":0,"texture":"#0"},"up":{"uv":[4.875,2.375,3.5,1.25],"tintindex":0,"rotation":0,"texture":"#0"},"down":{"uv":[3.0,3.75,1.625,4.875],"tintindex":0,"rotation":0,"texture":"#0"}},"rotation":{"origin":[6.46748,5.2414637,7.6934958],"angle":22.5,"axis":"x"}},{"from":[4.93496,4.781708,2.9426842],"to":[10.452032,8.76626,7.23374],"faces":{"east":{"uv":[4.875,2.5,6.125,3.625],"tintindex":0,"rotation":0,"texture":"#0"},"south":{"uv":[1.75,1.25,3.375,2.375],"tintindex":0,"rotation":0,"texture":"#0"},"north":{"uv":[1.75,0.0,3.375,1.125],"tintindex":0,"rotation":0,"texture":"#0"},"west":{"uv":[1.5,5.0,2.75,6.125],"tintindex":0,"rotation":0,"texture":"#0"},"up":{"uv":[1.625,1.25,0.0,0.0],"tintindex":0,"rotation":0,"texture":"#0"},"down":{"uv":[1.625,1.375,0.0,2.625],"tintindex":0,"rotation":0,"texture":"#0"}},"rotation":{"origin":[6.46748,5.2414637,7.6934958],"angle":22.5,"axis":"x"}},{"from":[5.547968,6.927236,1.2569122],"to":[9.992276,9.992275,3.40244],"faces":{"east":{"uv":[3.25,11.75,3.875,12.625],"tintindex":0,"rotation":0,"texture":"#0"},"south":{"uv":[7.25,6.25,8.5,7.125],"tintindex":0,"rotation":0,"texture":"#0"},"north":{"uv":[7.125,3.75,8.375,4.625],"tintindex":0,"rotation":0,"texture":"#0"},"west":{"uv":[4.0,11.75,4.625,12.625],"tintindex":0,"rotation":0,"texture":"#0"},"up":{"uv":[5.5,10.375,4.25,9.75],"tintindex":0,"rotation":0,"texture":"#0"},"down":{"uv":[11.0,8.625,9.75,9.25],"tintindex":0,"rotation":0,"texture":"#0"}},"rotation":{"origin":[6.46748,6.773984,3.7089443],"angle":45.0,"axis":"x"}},{"from":[6.160976,7.23374,4.781708],"to":[9.226016,10.911787,7.6934958],"faces":{"east":{"uv":[5.625,7.625,6.5,8.75],"tintindex":0,"rotation":0,"texture":"#0"},"south":{"uv":[8.0,4.75,8.875,5.875],"tintindex":0,"rotation":0,"texture":"#0"},"north":{"uv":[4.625,7.625,5.5,8.75],"tintindex":0,"rotation":0,"texture":"#0"},"west":{"uv":[6.625,8.25,7.5,9.375],"tintindex":0,"rotation":0,"texture":"#0"},"up":{"uv":[0.875,10.625,0.0,9.75],"tintindex":0,"rotation":0,"texture":"#0"},"down":{"uv":[10.875,6.125,10.0,7.0],"tintindex":0,"rotation":0,"texture":"#0"}}},{"from":[5.854472,6.620732,8.0],"to":[9.53252,9.379268,10.29878],"faces":{"east":{"uv":[12.25,0.0,12.875,0.75],"tintindex":0,"rotation":0,"texture":"#0"},"south":{"uv":[2.125,9.5,3.25,10.25],"tintindex":0,"rotation":0,"texture":"#0"},"north":{"uv":[9.0,4.5,10.125,5.25],"tintindex":0,"rotation":0,"texture":"#0"},"west":{"uv":[12.25,4.125,12.875,4.875],"tintindex":0,"rotation":0,"texture":"#0"},"up":{"uv":[11.5,4.0,10.375,3.375],"tintindex":0,"rotation":0,"texture":"#0"},"down":{"uv":[6.875,10.75,5.75,11.375],"tintindex":0,"rotation":0,"texture":"#0"}},"rotation":{"origin":[6.46748,5.8544717,9.839024],"angle":22.5,"axis":"x"}},{"from":[5.394716,7.6934958,1.1036601],"to":[10.145528,10.145529,3.40244],"faces":{"east":{"uv":[12.25,11.875,12.875,12.625],"tintindex":0,"rotation":0,"texture":"#0"},"south":{"uv":[7.5,0.0,8.875,0.75],"tintindex":0,"rotation":0,"texture":"#0"},"north":{"uv":[7.375,2.375,8.75,3.125],"tintindex":0,"rotation":0,"texture":"#0"},"west":{"uv":[5.75,12.375,6.375,13.125],"tintindex":0,"rotation":0,"texture":"#0"},"up":{"uv":[10.25,2.75,8.875,2.125],"tintindex":0,"rotation":0,"texture":"#0"},"down":{"uv":[4.875,8.875,3.5,9.5],"tintindex":0,"rotation":0,"texture":"#0"}},"rotation":{"origin":[6.46748,6.773984,3.7089443],"angle":45.0,"axis":"x"}},{"from":[6.160976,6.773984,6.007724],"to":[9.226016,10.605284,8.153252],"faces":{"east":{"uv":[0.0,10.75,0.625,11.875],"tintindex":0,"rotation":0,"texture":"#0"},"south":{"uv":[3.625,7.625,4.5,8.75],"tintindex":0,"rotation":0,"texture":"#0"},"north":{"uv":[7.625,0.875,8.5,2.0],"tintindex":0,"rotation":0,"texture":"#0"},"west":{"uv":[7.0,10.75,7.625,11.875],"tintindex":0,"rotation":0,"texture":"#0"},"up":{"uv":[12.625,7.75,11.75,7.125],"tintindex":0,"rotation":0,"texture":"#0"},"down":{"uv":[8.625,11.75,7.75,12.375],"tintindex":0,"rotation":0,"texture":"#0"}},"rotation":{"origin":[6.46748,6.773984,7.846748],"angle":22.5,"axis":"x"}},{"from":[6.160976,7.23374,4.781708],"to":[9.226016,10.911787,7.6934958],"faces":{"east":{"uv":[1.125,8.375,2.0,9.5],"tintindex":0,"rotation":0,"texture":"#0"},"south":{"uv":[8.5,3.25,9.375,4.375],"tintindex":0,"rotation":0,"texture":"#0"},"north":{"uv":[7.625,8.25,8.5,9.375],"tintindex":0,"rotation":0,"texture":"#0"},"west":{"uv":[8.625,0.875,9.5,2.0],"tintindex":0,"rotation":0,"texture":"#0"},"up":{"uv":[10.875,8.0,10.0,7.125],"tintindex":0,"rotation":0,"texture":"#0"},"down":{"uv":[10.625,10.125,9.75,11.0],"tintindex":0,"rotation":0,"texture":"#0"}}},{"from":[6.007724,7.23374,4.265708],"to":[9.379268,10.97904,7.6074963],"faces":{"east":{"uv":[3.875,6.375,4.875,7.5],"tintindex":0,"rotation":0,"texture":"#0"},"south":{"uv":[5.0,6.375,6.0,7.5],"tintindex":0,"rotation":0,"texture":"#0"},"north":{"uv":[0.0,6.375,1.0,7.5],"tintindex":0,"rotation":0,"texture":"#0"},"west":{"uv":[6.125,6.375,7.125,7.5],"tintindex":0,"rotation":0,"texture":"#0"},"up":{"uv":[3.5,8.5,2.5,7.5],"tintindex":0,"rotation":0,"texture":"#0"},"down":{"uv":[1.0,7.625,0.0,8.625],"tintindex":0,"rotation":0,"texture":"#0"}}},{"from":[5.394716,5.088212,3.249188],"to":[9.992276,8.459756,6.927236],"faces":{"east":{"uv":[6.25,0.0,7.375,1.0],"tintindex":0,"rotation":0,"texture":"#0"},"south":{"uv":[0.0,5.25,1.375,6.25],"tintindex":0,"rotation":0,"texture":"#0"},"north":{"uv":[5.0,1.375,6.375,2.375],"tintindex":0,"rotation":0,"texture":"#0"},"west":{"uv":[1.5,6.25,2.625,7.25],"tintindex":0,"rotation":0,"texture":"#0"},"up":{"uv":[4.5,4.875,3.125,3.75],"tintindex":0,"rotation":0,"texture":"#0"},"down":{"uv":[1.375,4.0,0.0,5.125],"tintindex":0,"rotation":0,"texture":"#0"}},"rotation":{"origin":[6.46748,5.2414637,7.6934958],"angle":22.5,"axis":"x"}},{"from":[5.510472,6.927236,6.007724],"to":[9.83352,10.605284,8.76626],"faces":{"east":{"uv":[7.125,9.5,7.875,10.625],"tintindex":0,"rotation":0,"texture":"#0"},"south":{"uv":[4.25,5.125,5.5,6.25],"tintindex":0,"rotation":0,"texture":"#0"},"north":{"uv":[2.875,5.0,4.125,6.125],"tintindex":0,"rotation":0,"texture":"#0"},"west":{"uv":[9.625,0.875,10.375,2.0],"tintindex":0,"rotation":0,"texture":"#0"},"up":{"uv":[9.875,7.625,8.625,6.875],"tintindex":0,"rotation":0,"texture":"#0"},"down":{"uv":[9.875,7.75,8.625,8.5],"tintindex":0,"rotation":0,