{"textures":{"0":"modelengine:entity/shelob"},"elements":[{"from":[8.30447,5.7382374,5.9122195],"to":[12.306049,10.261761,10.08778],"faces":{"east":{"uv":[0.89375,6.2125,0.75,6.0625],"tintindex":0,"rotation":0,"texture":"#0"},"south":{"uv":[0.89375,6.2125,0.75,6.0625],"tintindex":0,"rotation":0,"texture":"#0"},"north":{"uv":[0.89375,6.2125,0.75,6.0625],"tintindex":0,"rotation":0,"texture":"#0"},"west":{"uv":[0.89375,6.2125,0.75,6.0625],"tintindex":0,"rotation":0,"texture":"#0"},"up":{"uv":[0.89375,6.2125,0.75,6.0625],"tintindex":0,"rotation":0,"texture":"#0"},"down":{"uv":[0.89375,6.2125,0.75,6.0625],"tintindex":0,"rotation":0,"texture":"#0"}}},{"from":[6.9126167,5.0423107,5.042311],"to":[13.697903,10.957687,10.957689],"faces":{"east":{"uv":[8.0,0.0,16.0,8.0],"tintindex":0,"rotation":0,"texture":"#0"},"south":{"uv":[8.0,0.0,16.0,8.0],"tintindex":0,"rotation":0,"texture":"#0"},"north":{"uv":[8.0,0.0,16.0,8.0],"tintindex":0,"rotation":0,"texture":"#0"},"west":{"uv":[8.0,0.0,16.0,8.0],"tintindex":0,"rotation":0,"texture":"#0"},"up":{"uv":[8.0,0.0,16.0,8.0],"tintindex":0,"rotation":0,"texture":"#0"},"down":{"uv":[8.0,0.0,16.0,8.0],"tintindex":0,"rotation":0,"texture":"#0"}}},{"from":[12.132065,6.6081457,6.608146],"to":[20.135223,9.391853,9.391853],"faces":{"east":{"uv":[3.725,5.7875,3.4375,5.6875],"tintindex":0,"rotation":0,"texture":"#0"},"south":{"uv":[3.725,5.7875,3.4375,5.6875],"tintindex":0,"rotation":0,"texture":"#0"},"north":{"uv":[3.725,5.7875,3.4375,5.6875],"tintindex":0,"rotation":0,"texture":"#0"},"west":{"uv":[3.725,5.7875,3.4375,5.6875],"tintindex":0,"rotation":0,"texture":"#0"},"up":{"uv":[3.725,5.7875,3.4375,5.6875],"tintindex":0,"rotation":0,"texture":"#0"},"down":{"uv":[3.725,5.7875,3.4375,5.6875],"tintindex":0,"rotation":0,"texture":"#0"}}},{"from":[10.7402115,5.912219,5.738238],"to":[21.527077,10.08778,10.261763],"faces":{"east":{"uv":[8.0,0.0,16.0,8.0],"tintindex":0,"rotation":0,"texture":"#0"},"south":{"uv":[8.0,0.0,16.0,8.0],"tintindex":0,"rotation":0,"texture":"#0"},"north":{"uv":[8.0,0.0,16.0,8.0],"tintindex":0,"rotation":0,"texture":"#0"},"west":{"uv":[8.0,0.0,16.0,8.0],"tintindex":0,"rotation":0,"texture":"#0"},"up":{"uv":[8.0,0.0,16.0,8.0],"tintindex":0,"rotation":0,"texture":"#0"},"down":{"uv":[8.0,0.0,16.0,8.0],"tintindex":0,"rotation":0,"texture":"#0"}}}],"display":{"gui":{"rotation":[30,225,0]}}}