{"textures":{"0":"modelengine:entity/shelob"},"elements":[{"from":[-3.1783218,6.6081457,6.608146],"to":[4.8248367,9.391853,9.391853],"faces":{"east":{"uv":[2.5375,5.6625,2.25,5.5625],"tintindex":0,"rotation":0,"texture":"#0"},"south":{"uv":[2.5375,5.6625,2.25,5.5625],"tintindex":0,"rotation":0,"texture":"#0"},"north":{"uv":[2.5375,5.6625,2.25,5.5625],"tintindex":0,"rotation":0,"texture":"#0"},"west":{"uv":[2.5375,5.6625,2.25,5.5625],"tintindex":0,"rotation":0,"texture":"#0"},"up":{"uv":[2.5375,5.6625,2.25,5.5625],"tintindex":0,"rotation":0,"texture":"#0"},"down":{"uv":[2.5375,5.6625,2.25,5.5625],"tintindex":0,"rotation":0,"texture":"#0"}}},{"from":[3.7809448,5.912219,6.086201],"to":[7.782524,10.08778,9.913799],"faces":{"east":{"uv":[3.95625,6.325,3.8125,6.1875],"tintindex":0,"rotation":0,"texture":"#0"},"south":{"uv":[3.95625,6.325,3.8125,6.1875],"tintindex":0,"rotation":0,"texture":"#0"},"north":{"uv":[3.95625,6.325,3.8125,6.1875],"tintindex":0,"rotation":0,"texture":"#0"},"west":{"uv":[3.95625,6.325,3.8125,6.1875],"tintindex":0,"rotation":0,"texture":"#0"},"up":{"uv":[3.95625,6.325,3.8125,6.1875],"tintindex":0,"rotation":0,"texture":"#0"},"down":{"uv":[3.95625,6.325,3.8125,6.1875],"tintindex":0,"rotation":0,"texture":"#0"}}},{"from":[-4.570175,5.912219,5.738238],"to":[6.21669,10.08778,10.261763],"faces":{"east":{"uv":[8.0,0.0,16.0,8.0],"tintindex":0,"rotation":0,"texture":"#0"},"south":{"uv":[8.0,0.0,16.0,8.0],"tintindex":0,"rotation":0,"texture":"#0"},"north":{"uv":[8.0,0.0,16.0,8.0],"tintindex":0,"rotation":0,"texture":"#0"},"west":{"uv":[8.0,0.0,16.0,8.0],"tintindex":0,"rotation":0,"texture":"#0"},"up":{"uv":[8.0,0.0,16.0,8.0],"tintindex":0,"rotation":0,"texture":"#0"},"down":{"uv":[8.0,0.0,16.0,8.0],"tintindex":0,"rotation":0,"texture":"#0"}}},{"from":[2.3890915,5.2162924,5.216293],"to":[9.174377,10.783707,10.783707],"faces":{"east":{"uv":[8.0,0.0,16.0,8.0],"tintindex":0,"rotation":0,"texture":"#0"},"south":{"uv":[8.0,0.0,16.0,8.0],"tintindex":0,"rotation":0,"texture":"#0"},"north":{"uv":[8.0,0.0,16.0,8.0],"tintindex":0,"rotation":0,"texture":"#0"},"west":{"uv":[8.0,0.0,16.0,8.0],"tintindex":0,"rotation":0,"texture":"#0"},"up":{"uv":[8.0,0.0,16.0,8.0],"tintindex":0,"rotation":0,"texture":"#0"},"down":{"uv":[8.0,0.0,16.0,8.0],"tintindex":0,"rotation":0,"texture":"#0"}}}],"display":{"gui":{"rotation":[30,225,0]}}}