{"textures":{"0":"modelengine:entity/shelob"},"elements":[{"from":[6.9126143,5.0423107,4.86833],"to":[19.265316,10.957687,11.131671],"faces":{"east":{"uv":[8.0,0.0,16.0,8.0],"tintindex":0,"rotation":0,"texture":"#0"},"south":{"uv":[8.0,0.0,16.0,8.0],"tintindex":0,"rotation":0,"texture":"#0"},"north":{"uv":[8.0,0.0,16.0,8.0],"tintindex":0,"rotation":0,"texture":"#0"},"west":{"uv":[8.0,0.0,16.0,8.0],"tintindex":0,"rotation":0,"texture":"#0"},"up":{"uv":[8.0,0.0,16.0,8.0],"tintindex":0,"rotation":0,"texture":"#0"},"down":{"uv":[8.0,0.0,16.0,8.0],"tintindex":0,"rotation":0,"texture":"#0"}}},{"from":[16.133644,6.0862007,6.2601833],"to":[30.052181,9.913797,9.739817],"faces":{"east":{"uv":[5.5625,1.75,5.0625,1.625],"tintindex":0,"rotation":0,"texture":"#0"},"south":{"uv":[5.5625,1.75,5.0625,1.625],"tintindex":0,"rotation":0,"texture":"#0"},"north":{"uv":[5.5625,1.75,5.0625,1.625],"tintindex":0,"rotation":0,"texture":"#0"},"west":{"uv":[5.5625,1.75,5.0625,1.625],"tintindex":0,"rotation":0,"texture":"#0"},"up":{"uv":[5.5625,1.75,5.0625,1.625],"tintindex":0,"rotation":0,"texture":"#0"},"down":{"uv":[5.5625,1.75,5.0625,1.625],"tintindex":0,"rotation":0,"texture":"#0"}}},{"from":[8.304468,5.7382374,5.7382383],"to":[17.873463,10.261761,10.261763],"faces":{"east":{"uv":[2.90625,5.225,2.5625,5.0625],"tintindex":0,"rotation":0,"texture":"#0"},"south":{"uv":[2.90625,5.225,2.5625,5.0625],"tintindex":0,"rotation":0,"texture":"#0"},"north":{"uv":[2.90625,5.225,2.5625,5.0625],"tintindex":0,"rotation":0,"texture":"#0"},"west":{"uv":[2.90625,5.225,2.5625,5.0625],"tintindex":0,"rotation":0,"texture":"#0"},"up":{"uv":[2.90625,5.225,2.5625,5.0625],"tintindex":0,"rotation":0,"texture":"#0"},"down":{"uv":[2.90625,5.225,2.5625,5.0625],"tintindex":0,"rotation":0,"texture":"#0"}}},{"from":[14.741791,5.390274,5.390275],"to":[31.444035,10.609724,10.609726],"faces":{"east":{"uv":[8.0,0.0,16.0,8.0],"tintindex":0,"rotation":0,"texture":"#0"},"south":{"uv":[8.0,0.0,16.0,8.0],"tintindex":0,"rotation":0,"texture":"#0"},"north":{"uv":[8.0,0.0,16.0,8.0],"tintindex":0,"rotation":0,"texture":"#0"},"west":{"uv":[8.0,0.0,16.0,8.0],"tintindex":0,"rotation":0,"texture":"#0"},"up":{"uv":[8.0,0.0,16.0,8.0],"tintindex":0,"rotation":0,"texture":"#0"},"down":{"uv":[8.0,0.0,16.0,8.0],"tintindex":0,"rotation":0,"texture":"#0"}}}],"display":{"gui":{"rotation":[30,225,0]}}}