{"textures":{"0":"modelengine:entity/shelob"},"elements":[{"from":[-3.265316,6.2601824,6.434165],"to":[4.7378426,9.739817,9.565835],"faces":{"east":{"uv":[5.725,2.175,5.4375,2.0625],"tintindex":0,"rotation":0,"texture":"#0"},"south":{"uv":[5.725,2.175,5.4375,2.0625],"tintindex":0,"rotation":0,"texture":"#0"},"north":{"uv":[5.725,2.175,5.4375,2.0625],"tintindex":0,"rotation":0,"texture":"#0"},"west":{"uv":[5.725,2.175,5.4375,2.0625],"tintindex":0,"rotation":0,"texture":"#0"},"up":{"uv":[5.725,2.175,5.4375,2.0625],"tintindex":0,"rotation":0,"texture":"#0"},"down":{"uv":[5.725,2.175,5.4375,2.0625],"tintindex":0,"rotation":0,"texture":"#0"}}},{"from":[3.8679352,5.7382374,5.91222],"to":[7.8695145,10.261761,10.087781],"faces":{"east":{"uv":[6.08125,2.5875,5.9375,2.4375],"tintindex":0,"rotation":0,"texture":"#0"},"south":{"uv":[6.08125,2.5875,5.9375,2.4375],"tintindex":0,"rotation":0,"texture":"#0"},"north":{"uv":[6.08125,2.5875,5.9375,2.4375],"tintindex":0,"rotation":0,"texture":"#0"},"west":{"uv":[6.08125,2.5875,5.9375,2.4375],"tintindex":0,"rotation":0,"texture":"#0"},"up":{"uv":[6.08125,2.5875,5.9375,2.4375],"tintindex":0,"rotation":0,"texture":"#0"},"down":{"uv":[6.08125,2.5875,5.9375,2.4375],"tintindex":0,"rotation":0,"texture":"#0"}}},{"from":[2.4760818,5.0423107,5.0423117],"to":[9.261368,10.957687,10.957689],"faces":{"east":{"uv":[8.0,0.0,16.0,8.0],"tintindex":0,"rotation":0,"texture":"#0"},"south":{"uv":[8.0,0.0,16.0,8.0],"tintindex":0,"rotation":0,"texture":"#0"},"north":{"uv":[8.0,0.0,16.0,8.0],"tintindex":0,"rotation":0,"texture":"#0"},"west":{"uv":[8.0,0.0,16.0,8.0],"tintindex":0,"rotation":0,"texture":"#0"},"up":{"uv":[8.0,0.0,16.0,8.0],"tintindex":0,"rotation":0,"texture":"#0"},"down":{"uv":[8.0,0.0,16.0,8.0],"tintindex":0,"rotation":0,"texture":"#0"}}},{"from":[-4.6571693,5.5642557,5.5642567],"to":[6.129696,10.435743,10.435744],"faces":{"east":{"uv":[8.0,0.0,16.0,8.0],"tintindex":0,"rotation":0,"texture":"#0"},"south":{"uv":[8.0,0.0,16.0,8.0],"tintindex":0,"rotation":0,"texture":"#0"},"north":{"uv":[8.0,0.0,16.0,8.0],"tintindex":0,"rotation":0,"texture":"#0"},"west":{"uv":[8.0,0.0,16.0,8.0],"tintindex":0,"rotation":0,"texture":"#0"},"up":{"uv":[8.0,0.0,16.0,8.0],"tintindex":0,"rotation":0,"texture":"#0"},"down":{"uv":[8.0,0.0,16.0,8.0],"tintindex":0,"rotation":0,"texture":"#0"}}}],"display":{"gui":{"rotation":[30,225,0]}}}