{"textures":{"0":"modelengine:entity/shelob"},"elements":[{"from":[-3.265316,6.2601824,6.4341645],"to":[4.7378426,9.739817,9.565836],"faces":{"east":{"uv":[5.725,2.55,5.4375,2.4375],"tintindex":0,"rotation":0,"texture":"#0"},"south":{"uv":[5.725,2.55,5.4375,2.4375],"tintindex":0,"rotation":0,"texture":"#0"},"north":{"uv":[5.725,2.55,5.4375,2.4375],"tintindex":0,"rotation":0,"texture":"#0"},"west":{"uv":[5.725,2.55,5.4375,2.4375],"tintindex":0,"rotation":0,"texture":"#0"},"up":{"uv":[5.725,2.55,5.4375,2.4375],"tintindex":0,"rotation":0,"texture":"#0"},"down":{"uv":[5.725,2.55,5.4375,2.4375],"tintindex":0,"rotation":0,"texture":"#0"}}},{"from":[-4.6571693,5.5642557,5.564256],"to":[6.129696,10.435743,10.435743],"faces":{"east":{"uv":[8.0,0.0,16.0,8.0],"tintindex":0,"rotation":0,"texture":"#0"},"south":{"uv":[8.0,0.0,16.0,8.0],"tintindex":0,"rotation":0,"texture":"#0"},"north":{"uv":[8.0,0.0,16.0,8.0],"tintindex":0,"rotation":0,"texture":"#0"},"west":{"uv":[8.0,0.0,16.0,8.0],"tintindex":0,"rotation":0,"texture":"#0"},"up":{"uv":[8.0,0.0,16.0,8.0],"tintindex":0,"rotation":0,"texture":"#0"},"down":{"uv":[8.0,0.0,16.0,8.0],"tintindex":0,"rotation":0,"texture":"#0"}}},{"from":[3.8679352,5.7382374,5.9122195],"to":[7.8695145,10.261761,10.08778],"faces":{"east":{"uv":[6.01875,5.0875,5.875,4.9375],"tintindex":0,"rotation":0,"texture":"#0"},"south":{"uv":[6.01875,5.0875,5.875,4.9375],"tintindex":0,"rotation":0,"texture":"#0"},"north":{"uv":[6.01875,5.0875,5.875,4.9375],"tintindex":0,"rotation":0,"texture":"#0"},"west":{"uv":[6.01875,5.0875,5.875,4.9375],"tintindex":0,"rotation":0,"texture":"#0"},"up":{"uv":[6.01875,5.0875,5.875,4.9375],"tintindex":0,"rotation":0,"texture":"#0"},"down":{"uv":[6.01875,5.0875,5.875,4.9375],"tintindex":0,"rotation":0,"texture":"#0"}}},{"from":[2.4760818,5.0423107,5.0423107],"to":[9.261368,10.957687,10.957689],"faces":{"east":{"uv":[8.0,0.0,16.0,8.0],"tintindex":0,"rotation":0,"texture":"#0"},"south":{"uv":[8.0,0.0,16.0,8.0],"tintindex":0,"rotation":0,"texture":"#0"},"north":{"uv":[8.0,0.0,16.0,8.0],"tintindex":0,"rotation":0,"texture":"#0"},"west":{"uv":[8.0,0.0,16.0,8.0],"tintindex":0,"rotation":0,"texture":"#0"},"up":{"uv":[8.0,0.0,16.0,8.0],"tintindex":0,"rotation":0,"texture":"#0"},"down":{"uv":[8.0,0.0,16.0,8.0],"tintindex":0,"rotation":0,"texture":"#0"}}}],"display":{"gui":{"rotation":[30,225,0]}}}