{"textures":{"0":"modelengine:entity/shelob"},"elements":[{"from":[-14.487133,5.390274,5.3902745],"to":[2.2151098,10.609724,10.609726],"faces":{"east":{"uv":[8.0,0.0,16.0,8.0],"tintindex":0,"rotation":0,"texture":"#0"},"south":{"uv":[8.0,0.0,16.0,8.0],"tintindex":0,"rotation":0,"texture":"#0"},"north":{"uv":[8.0,0.0,16.0,8.0],"tintindex":0,"rotation":0,"texture":"#0"},"west":{"uv":[8.0,0.0,16.0,8.0],"tintindex":0,"rotation":0,"texture":"#0"},"up":{"uv":[8.0,0.0,16.0,8.0],"tintindex":0,"rotation":0,"texture":"#0"},"down":{"uv":[8.0,0.0,16.0,8.0],"tintindex":0,"rotation":0,"texture":"#0"}}},{"from":[-13.09528,6.0862007,6.260183],"to":[0.8232546,9.913797,9.739817],"faces":{"east":{"uv":[2.6875,5.0625,2.1875,4.9375],"tintindex":0,"rotation":0,"texture":"#0"},"south":{"uv":[2.6875,5.0625,2.1875,4.9375],"tintindex":0,"rotation":0,"texture":"#0"},"north":{"uv":[2.6875,5.0625,2.1875,4.9375],"tintindex":0,"rotation":0,"texture":"#0"},"west":{"uv":[2.6875,5.0625,2.1875,4.9375],"tintindex":0,"rotation":0,"texture":"#0"},"up":{"uv":[2.6875,5.0625,2.1875,4.9375],"tintindex":0,"rotation":0,"texture":"#0"},"down":{"uv":[2.6875,5.0625,2.1875,4.9375],"tintindex":0,"rotation":0,"texture":"#0"}}},{"from":[-1.4385061,5.0423107,4.8683295],"to":[10.914194,10.957687,11.13167],"faces":{"east":{"uv":[8.0,0.0,16.0,8.0],"tintindex":0,"rotation":0,"texture":"#0"},"south":{"uv":[8.0,0.0,16.0,8.0],"tintindex":0,"rotation":0,"texture":"#0"},"north":{"uv":[8.0,0.0,16.0,8.0],"tintindex":0,"rotation":0,"texture":"#0"},"west":{"uv":[8.0,0.0,16.0,8.0],"tintindex":0,"rotation":0,"texture":"#0"},"up":{"uv":[8.0,0.0,16.0,8.0],"tintindex":0,"rotation":0,"texture":"#0"},"down":{"uv":[8.0,0.0,16.0,8.0],"tintindex":0,"rotation":0,"texture":"#0"}}},{"from":[-0.046652794,5.7382374,5.738238],"to":[9.52234,10.261761,10.261763],"faces":{"east":{"uv":[3.21875,5.4125,2.875,5.25],"tintindex":0,"rotation":0,"texture":"#0"},"south":{"uv":[3.21875,5.4125,2.875,5.25],"tintindex":0,"rotation":0,"texture":"#0"},"north":{"uv":[3.21875,5.4125,2.875,5.25],"tintindex":0,"rotation":0,"texture":"#0"},"west":{"uv":[3.21875,5.4125,2.875,5.25],"tintindex":0,"rotation":0,"texture":"#0"},"up":{"uv":[3.21875,5.4125,2.875,5.25],"tintindex":0,"rotation":0,"texture":"#0"},"down":{"uv":[3.21875,5.4125,2.875,5.25],"tintindex":0,"rotation":0,"texture":"#0"}}}],"display":{"gui":{"rotation":[30,225,0]}}}