{"textures":{"0":"modelengine:entity/shelob"},"elements":[{"from":[-13.443243,6.0862007,6.260183],"to":[0.4752922,9.913797,9.739817],"faces":{"east":{"uv":[3.1875,5.0625,2.6875,4.9375],"tintindex":0,"rotation":0,"texture":"#0"},"south":{"uv":[3.1875,5.0625,2.6875,4.9375],"tintindex":0,"rotation":0,"texture":"#0"},"north":{"uv":[3.1875,5.0625,2.6875,4.9375],"tintindex":0,"rotation":0,"texture":"#0"},"west":{"uv":[3.1875,5.0625,2.6875,4.9375],"tintindex":0,"rotation":0,"texture":"#0"},"up":{"uv":[3.1875,5.0625,2.6875,4.9375],"tintindex":0,"rotation":0,"texture":"#0"},"down":{"uv":[3.1875,5.0625,2.6875,4.9375],"tintindex":0,"rotation":0,"texture":"#0"}}},{"from":[-14.835096,5.390274,5.3902745],"to":[1.8671455,10.609724,10.609726],"faces":{"east":{"uv":[8.0,0.0,16.0,8.0],"tintindex":0,"rotation":0,"texture":"#0"},"south":{"uv":[8.0,0.0,16.0,8.0],"tintindex":0,"rotation":0,"texture":"#0"},"north":{"uv":[8.0,0.0,16.0,8.0],"tintindex":0,"rotation":0,"texture":"#0"},"west":{"uv":[8.0,0.0,16.0,8.0],"tintindex":0,"rotation":0,"texture":"#0"},"up":{"uv":[8.0,0.0,16.0,8.0],"tintindex":0,"rotation":0,"texture":"#0"},"down":{"uv":[8.0,0.0,16.0,8.0],"tintindex":0,"rotation":0,"texture":"#0"}}},{"from":[-0.39461708,5.7382374,5.738238],"to":[9.1743765,10.261761,10.261763],"faces":{"east":{"uv":[5.53125,5.2875,5.1875,5.125],"tintindex":0,"rotation":0,"texture":"#0"},"south":{"uv":[5.53125,5.2875,5.1875,5.125],"tintindex":0,"rotation":0,"texture":"#0"},"north":{"uv":[5.53125,5.2875,5.1875,5.125],"tintindex":0,"rotation":0,"texture":"#0"},"west":{"uv":[5.53125,5.2875,5.1875,5.125],"tintindex":0,"rotation":0,"texture":"#0"},"up":{"uv":[5.53125,5.2875,5.1875,5.125],"tintindex":0,"rotation":0,"texture":"#0"},"down":{"uv":[5.53125,5.2875,5.1875,5.125],"tintindex":0,"rotation":0,"texture":"#0"}}},{"from":[-1.7864704,5.0423107,4.868329],"to":[10.56623,10.957687,11.13167],"faces":{"east":{"uv":[8.0,0.0,16.0,8.0],"tintindex":0,"rotation":0,"texture":"#0"},"south":{"uv":[8.0,0.0,16.0,8.0],"tintindex":0,"rotation":0,"texture":"#0"},"north":{"uv":[8.0,0.0,16.0,8.0],"tintindex":0,"rotation":0,"texture":"#0"},"west":{"uv":[8.0,0.0,16.0,8.0],"tintindex":0,"rotation":0,"texture":"#0"},"up":{"uv":[8.0,0.0,16.0,8.0],"tintindex":0,"rotation":0,"texture":"#0"},"down":{"uv":[8.0,0.0,16.0,8.0],"tintindex":0,"rotation":0,"texture":"#0"}}}],"display":{"gui":{"rotation":[30,225,0]}}}