{"textures":{"0":"modelengine:entity/shelob"},"elements":[{"from":[2.3890915,5.2162924,5.2162933],"to":[9.174377,10.783707,10.783708],"faces":{"east":{"uv":[8.0,0.0,16.0,8.0],"tintindex":0,"rotation":0,"texture":"#0"},"south":{"uv":[8.0,0.0,16.0,8.0],"tintindex":0,"rotation":0,"texture":"#0"},"north":{"uv":[8.0,0.0,16.0,8.0],"tintindex":0,"rotation":0,"texture":"#0"},"west":{"uv":[8.0,0.0,16.0,8.0],"tintindex":0,"rotation":0,"texture":"#0"},"up":{"uv":[8.0,0.0,16.0,8.0],"tintindex":0,"rotation":0,"texture":"#0"},"down":{"uv":[8.0,0.0,16.0,8.0],"tintindex":0,"rotation":0,"texture":"#0"}}},{"from":[-4.570179,5.912219,5.7382383],"to":[6.2166862,10.08778,10.261763],"faces":{"east":{"uv":[8.0,0.0,16.0,8.0],"tintindex":0,"rotation":0,"texture":"#0"},"south":{"uv":[8.0,0.0,16.0,8.0],"tintindex":0,"rotation":0,"texture":"#0"},"north":{"uv":[8.0,0.0,16.0,8.0],"tintindex":0,"rotation":0,"texture":"#0"},"west":{"uv":[8.0,0.0,16.0,8.0],"tintindex":0,"rotation":0,"texture":"#0"},"up":{"uv":[8.0,0.0,16.0,8.0],"tintindex":0,"rotation":0,"texture":"#0"},"down":{"uv":[8.0,0.0,16.0,8.0],"tintindex":0,"rotation":0,"texture":"#0"}}},{"from":[-3.1783218,6.6081457,6.6081467],"to":[4.824833,9.391853,9.391853],"faces":{"east":{"uv":[4.725,5.6625,4.4375,5.5625],"tintindex":0,"rotation":0,"texture":"#0"},"south":{"uv":[4.725,5.6625,4.4375,5.5625],"tintindex":0,"rotation":0,"texture":"#0"},"north":{"uv":[4.725,5.6625,4.4375,5.5625],"tintindex":0,"rotation":0,"texture":"#0"},"west":{"uv":[4.725,5.6625,4.4375,5.5625],"tintindex":0,"rotation":0,"texture":"#0"},"up":{"uv":[4.725,5.6625,4.4375,5.5625],"tintindex":0,"rotation":0,"texture":"#0"},"down":{"uv":[4.725,5.6625,4.4375,5.5625],"tintindex":0,"rotation":0,"texture":"#0"}}},{"from":[3.7809448,5.912219,6.0862017],"to":[7.782524,10.08778,9.913798],"faces":{"east":{"uv":[6.20625,5.325,6.0625,5.1875],"tintindex":0,"rotation":0,"texture":"#0"},"south":{"uv":[6.20625,5.325,6.0625,5.1875],"tintindex":0,"rotation":0,"texture":"#0"},"north":{"uv":[6.20625,5.325,6.0625,5.1875],"tintindex":0,"rotation":0,"texture":"#0"},"west":{"uv":[6.20625,5.325,6.0625,5.1875],"tintindex":0,"rotation":0,"texture":"#0"},"up":{"uv":[6.20625,5.325,6.0625,5.1875],"tintindex":0,"rotation":0,"texture":"#0"},"down":{"uv":[6.20625,5.325,6.0625,5.1875],"tintindex":0,"rotation":0,"texture":"#0"}}}],"display":{"gui":{"rotation":[30,225,0]}}}