{"textures":{"0":"modelengine:entity/shelob"},"elements":[{"from":[6.8256245,5.0423107,5.042311],"to":[13.61091,10.957687,10.957689],"faces":{"east":{"uv":[8.0,0.0,16.0,8.0],"tintindex":0,"rotation":0,"texture":"#0"},"south":{"uv":[8.0,0.0,16.0,8.0],"tintindex":0,"rotation":0,"texture":"#0"},"north":{"uv":[8.0,0.0,16.0,8.0],"tintindex":0,"rotation":0,"texture":"#0"},"west":{"uv":[8.0,0.0,16.0,8.0],"tintindex":0,"rotation":0,"texture":"#0"},"up":{"uv":[8.0,0.0,16.0,8.0],"tintindex":0,"rotation":0,"texture":"#0"},"down":{"uv":[8.0,0.0,16.0,8.0],"tintindex":0,"rotation":0,"texture":"#0"}}},{"from":[12.219057,6.6081457,6.6081467],"to":[20.222216,9.391853,9.391853],"faces":{"east":{"uv":[4.0375,5.7875,3.75,5.6875],"tintindex":0,"rotation":0,"texture":"#0"},"south":{"uv":[4.0375,5.7875,3.75,5.6875],"tintindex":0,"rotation":0,"texture":"#0"},"north":{"uv":[4.0375,5.7875,3.75,5.6875],"tintindex":0,"rotation":0,"texture":"#0"},"west":{"uv":[4.0375,5.7875,3.75,5.6875],"tintindex":0,"rotation":0,"texture":"#0"},"up":{"uv":[4.0375,5.7875,3.75,5.6875],"tintindex":0,"rotation":0,"texture":"#0"},"down":{"uv":[4.0375,5.7875,3.75,5.6875],"tintindex":0,"rotation":0,"texture":"#0"}}},{"from":[10.827204,5.912219,5.738238],"to":[21.614069,10.08778,10.261763],"faces":{"east":{"uv":[8.0,0.0,16.0,8.0],"tintindex":0,"rotation":0,"texture":"#0"},"south":{"uv":[8.0,0.0,16.0,8.0],"tintindex":0,"rotation":0,"texture":"#0"},"north":{"uv":[8.0,0.0,16.0,8.0],"tintindex":0,"rotation":0,"texture":"#0"},"west":{"uv":[8.0,0.0,16.0,8.0],"tintindex":0,"rotation":0,"texture":"#0"},"up":{"uv":[8.0,0.0,16.0,8.0],"tintindex":0,"rotation":0,"texture":"#0"},"down":{"uv":[8.0,0.0,16.0,8.0],"tintindex":0,"rotation":0,"texture":"#0"}}},{"from":[8.217478,5.7382374,5.9122195],"to":[12.219057,10.261761,10.08778],"faces":{"east":{"uv":[6.20625,2.2125,6.0625,2.0625],"tintindex":0,"rotation":0,"texture":"#0"},"south":{"uv":[6.20625,2.2125,6.0625,2.0625],"tintindex":0,"rotation":0,"texture":"#0"},"north":{"uv":[6.20625,2.2125,6.0625,2.0625],"tintindex":0,"rotation":0,"texture":"#0"},"west":{"uv":[6.20625,2.2125,6.0625,2.0625],"tintindex":0,"rotation":0,"texture":"#0"},"up":{"uv":[6.20625,2.2125,6.0625,2.0625],"tintindex":0,"rotation":0,"texture":"#0"},"down":{"uv":[6.20625,2.2125,6.0625,2.0625],"tintindex":0,"rotation":0,"texture":"#0"}}}],"display":{"gui":{"rotation":[30,225,0]}}}