{"textures":{"0":"modelengine:entity/shelob","1":"modelengine:entity/eyesshelob","2":"modelengine:entity/eyeshelob"},"elements":[{"from":[-0.86581707,5.5752773,15.775448],"to":[16.706333,10.272783,21.16888],"faces":{"east":{"uv":[8.0,0.0,16.0,8.0],"tintindex":0,"rotation":0,"texture":"#0"},"south":{"uv":[8.0,0.0,16.0,8.0],"tintindex":0,"rotation":0,"texture":"#0"},"north":{"uv":[8.0,0.0,16.0,8.0],"tintindex":0,"rotation":0,"texture":"#0"},"west":{"uv":[8.0,0.0,16.0,8.0],"tintindex":0,"rotation":0,"texture":"#0"},"up":{"uv":[8.0,0.0,16.0,8.0],"tintindex":0,"rotation":0,"texture":"#0"},"down":{"uv":[8.0,0.0,16.0,8.0],"tintindex":0,"rotation":0,"texture":"#0"}},"rotation":{"origin":[7.9202585,7.9240303,18.472164],"angle":45.0,"axis":"x"}},{"from":[3.1357622,10.874943,10.8000145],"to":[7.3113227,14.354576,14.975575],"faces":{"east":{"uv":[5.5,11.0,4.75,10.25],"tintindex":0,"rotation":0,"texture":"#1"},"south":{"uv":[5.5,11.0,4.75,10.25],"tintindex":0,"rotation":0,"texture":"#1"},"north":{"uv":[5.5,11.0,4.75,10.25],"tintindex":0,"rotation":0,"texture":"#1"},"west":{"uv":[5.5,11.0,4.75,10.25],"tintindex":0,"rotation":0,"texture":"#1"},"up":{"uv":[0.0,0.0,16.0,16.0],"tintindex":0,"rotation":0,"texture":"#2"},"down":{"uv":[6.5,11.25,5.75,10.5],"tintindex":0,"rotation":0,"texture":"#1"}},"rotation":{"origin":[8.7031765,7.6562824,12.887795],"angle":22.5,"axis":"x"}},{"from":[9.05114,10.894808,12.613944],"to":[12.18281,14.374443,15.745614],"faces":{"east":{"uv":[5.5,11.0,4.75,10.25],"tintindex":0,"rotation":0,"texture":"#1"},"south":{"uv":[5.5,11.0,4.75,10.25],"tintindex":0,"rotation":0,"texture":"#1"},"north":{"uv":[6.5,11.25,5.75,10.5],"tintindex":0,"rotation":0,"texture":"#1"},"west":{"uv":[5.5,11.0,4.75,10.25],"tintindex":0,"rotation":0,"texture":"#1"},"up":{"uv":[0.0,0.0,16.0,16.0],"tintindex":0,"rotation":0,"texture":"#2"},"down":{"uv":[6.5,11.25,5.75,10.5],"tintindex":0,"rotation":0,"texture":"#1"}},"rotation":{"origin":[8.09424,7.4151745,12.787926],"angle":45.0,"axis":"x"}},{"from":[-1.2137804,2.947154,9.720425],"to":[17.22828,7.8186417,19.289417],"faces":{"east":{"uv":[3.4125,1.53125,2.75,1.1875],"tintindex":0,"rotation":0,"texture":"#0"},"south":{"uv":[3.4125,1.53125,2.75,1.1875],"tintindex":0,"rotation":0,"texture":"#0"},"north":{"uv":[3.4125,1.53125,2.75,1.1875],"tintindex":0,"rotation":0,"texture":"#0"},"west":{"uv":[3.4125,1.53125,2.75,1.1875],"tintindex":0,"rotation":0,"texture":"#0"},"up":{"uv":[3.4125,1.53125,2.75,1.1875],"tintindex":0,"rotation":0,"texture":"#0"},"down":{"uv":[3.4125,1.53125,2.75,1.1875],"tintindex":0,"rotation":0,"texture":"#0"}}},{"from":[9.921048,6.78257,19.974255],"to":[12.008829,10.262203,21.714071],"faces":{"east":{"uv":[5.5,11.0,4.75,10.25],"tintindex":0,"rotation":0,"texture":"#1"},"south":{"uv":[5.5,11.0,4.75,10.25],"tintindex":0,"rotation":0,"texture":"#1"},"north":{"uv":[5.5,11.0,4.75,10.25],"tintindex":0,"rotation":0,"texture":"#1"},"west":{"uv":[5.5,11.0,4.75,10.25],"tintindex":0,"rotation":0,"texture":"#1"},"up":{"uv":[0.0,0.0,16.0,16.0],"tintindex":0,"rotation":0,"texture":"#2"},"down":{"uv":[6.5,11.25,5.75,10.5],"tintindex":0,"rotation":0,"texture":"#1"}},"rotation":{"origin":[8.09424,8.522387,19.800274],"angle":22.5,"axis":"x"}},{"from":[-1.7357254,0.85937405,8.676535],"to":[17.750225,14.081982,14.591912],"faces":{"east":{"uv":[8.0,0.0,16.0,8.0],"tintindex":0,"rotation":0,"texture":"#0"},"south":{"uv":[8.0,0.0,16.0,8.0],"tintindex":0,"rotation":0,"texture":"#0"},"north":{"uv":[8.0,0.0,16.0,8.0],"tintindex":0,"rotation":0,"texture":"#0"},"west":{"uv":[8.0,0.0,16.0,8.0],"tintindex":0,"rotation":0,"texture":"#0"},"up":{"uv":[8.0,0.0,16.0,8.0],"tintindex":0,"rotation":0,"texture":"#0"},"down":{"uv":[8.0,0.0,16.0,8.0],"tintindex":0,"rotation":0,"texture":"#0"}}},{"from":[0.17807293,0.85937405,5.3708825],"to":[15.836426,2.425209,17.897564],"faces":{"east":{"uv":[3.9375,4.325,3.375,3.875],"tintindex":0,"rotation":0,"texture":"#0"},"south":{"uv":[3.9375,4.325,3.375,3.875],"tintindex":0,"rotation":0,"texture":"#0"},"north":{"uv":[3.9375,4.325,3.375,3.875],"tintindex":0,"rotation":0,"texture":"#0"},"west":{"uv":[3.9375,4.325,3.375,3.875],"tintindex":0,"rotation":0,"texture":"#0"},"up":{"uv":[3.9375,4.325,3.375,3.875],"tintindex":0,"rotation":0,"texture":"#0"},"down":{"uv":[3.9375,4.325,3.375,3.875],"tintindex":0,"rotation":0,"texture":"#0"}}},{"from":[-0.34387207,4.7676315,17.725279],"to":[16.18439,9.4651375,23.466675],"faces":{"east":{"uv":[8.0,0.0,16.0,8.0],"tintindex":0,"rotation":0,"texture":"#0"},"south":{"uv":[8.0,0.0,16.0,8.0],"tintindex":0,"rotation":0,"texture":"#0"},"north":{"uv":[8.0,0.0,16.0,8.0],"tintindex":0,"rotation":0,"texture":"#0"},"west":{"uv":[8.0,0.0,16.0,8.0],"tintindex":0,"rotation":0,"texture":"#0"},"up":{"uv":[8.0,0.0,16.0,8.0],"tintindex":0,"rotation":0,"texture":"#0"},"down":{"uv":[8.0,0.0,16.0,8.0],"tintindex":0,"rotation":0,"texture":"#0"}}},{"from":[1.0479813,5.463558,18.595188],"to":[14.792536,8.769211,22.596766],"faces":{"east":{"uv":[6.5375,4.7,4.5625,4.125],"tintindex":0,"rotation":0,"texture":"#0"},"south":{"uv":[6.5375,4.7,4.5625,4.125],"tintindex":0,"rotation":0,"texture":"#0"},"north":{"uv":[6.5375,4.7,4.5625,4.125],"tintindex":0,"rotation":0,"texture":"#0"},"west":{"uv":[6.5375,4.7,4.5625,4.125],"tintindex":0,"rotation":0,"texture":"#0"},"up":{"uv":[6.5375,4.7,4.5625,4.125],"tintindex":0,"rotation":0,"texture":"#0"},"down":{"uv":[6.5375,4.7,4.5625,4.125],"tintindex":0,"rotation":0,"texture":"#0"}}},{"from":[-0.34387207,1.5553007,9.546444],"to":[16.358372,13.386055,13.722004],"faces":{"east":{"uv":[4.4,5.1625,2.0,4.5625],"tintindex":0,"rotation":0,"texture":"#0"},"south":{"uv":[4.4,5.1625,2.0,4.5625],"tintindex":0,"rotation":0,"texture":"#0"},"north":{"uv":[4.4,5.1625,2.0,4.5625],"tintindex":0,"rotation":0,"texture":"#0"},"west":{"uv":[4.4,5.1625,2.0,4.5625],"tintindex":0,"rotation":0,"texture":"#0"},"up":{"uv":[4.4,5.1625,2.0,4.5625],"tintindex":0,"rotation":0,"texture":"#0"},"down":{"uv":[4.4,5.1625,2.0,4.5625],"tintindex":0,"rotation":0,"texture":"#0"}}},{"from":[0.3520546,10.894808,12.613944],"to":[3.4837255,14.374443,15.745614],"faces":{"east":{"uv":[5.5,11.0,4.75,10.25],"tintindex":0,"rotation":0,"texture":"#1"},"south":{"uv":[5.5,11.0,4.75,10.25],"tintindex":0,"rotation":0,"texture":"#1"},"north":{"uv":[5.5,11.0,4.75,10.25],"tintindex":0,"rotation":0,"texture":"#1"},"west":{"uv":[5.5,11.0,4.75,10.25],"tintindex":0,"rotation":0,"texture":"#1"},"up":{"uv":[0.0,0.0,16.0,16.0],"tintindex":0,"rotation":0,"texture":"#2"},"down":{"uv":[6.5,11.25,5.75,10.5],"tintindex":0,"rotation":0,"texture":"#1"}},"rotation":{"origin":[8.09424,7.4151745,12.787926],"angle":45.0,"axis":"x"}},{"from":[4.179652,6.78257,19.974255],"to":[6.2674327,10.262203,21.714071],"faces":{"east":{"uv":[5.5,11.0,4.75,10.25],"tintindex":0,"rotation":0,"texture":"#1"},"south":{"uv":[5.5,11.0,4.75,10.25],"tintindex":0,"rotation":0,"texture":"#1"},"north":{"uv":[5.5,11.0,4.75,10.25],"tintindex":0,"rotation":0,"texture":"#1"},"west":{"uv":[5.5,11.0,4.75,10.25],"tintindex":0,"rotation":0,"texture":"#1"},"up":{"uv":[0.0,0.0,16.0,16.0],"tintindex":0,"rotation":0,"texture":"#2"},"down":{"uv":[6.5,11.25,5.75,10.5],"tintindex":0,"rotation":0,"texture":"#1"}},"rotation":{"origin":[8.09424,8.522387,19.800274],"angle":22.5,"axis":"x"}},{"from":[-1.0397987,0.85937405,8.676535],"to":[17.054298,9.384478,22.247108],"faces":{"east":{"uv":[8.0,0.0,16.0,8.0],"tintindex":0,"rotation":0,"texture":"#0"},"south":{"uv":[8.0,0.0,16.0,8.0],"tintindex":0,"rotation":0,"texture":"#0"},"north":{"uv":[8.0,0.0,16.0,8.0],"tintindex":0,"rotation":0,"texture":"#0"},"west":{"uv":[8.0,0.0,16.0,8.0],"tintindex":0,"rotation":0,"texture":"#0"},"up":{"uv":[8.0,0.0,16.0,8.0],"tintindex":0,"rotation":0,"texture":"#0"},"down":{"uv":[8.0,0.0,16.0,8.0],"tintindex":0,"rotation":0,"texture":"#0"}}},{"from":[-0.86581707,7.6738873,10.989126],"to":[16.706333,12.021393,18.818302],"faces":{"east":{"uv":[8.0,0.0,16.0,8.0],"tintindex":0,"rotation":0,"texture":"#0"},