{"textures":{"0":"modelengine:entity/shelob"},"elements":[{"from":[1.504683,5.3260727,-9.072454],"to":[14.495317,17.736767,7.397814],"faces":{"east":{"uv":[4.425,2.675,0.875,0.0],"tintindex":0,"rotation":0,"texture":"#0"},"south":{"uv":[4.425,2.675,0.875,0.0],"tintindex":0,"rotation":0,"texture":"#0"},"north":{"uv":[4.425,2.675,0.875,0.0],"tintindex":0,"rotation":0,"texture":"#0"},"west":{"uv":[4.425,2.675,0.875,0.0],"tintindex":0,"rotation":0,"texture":"#0"},"up":{"uv":[4.425,2.675,0.875,0.0],"tintindex":0,"rotation":0,"texture":"#0"},"down":{"uv":[4.425,2.675,0.875,0.0],"tintindex":0,"rotation":0,"texture":"#0"}},"rotation":{"origin":[8.0,11.531421,-1.9971981],"angle":22.5,"axis":"x"}},{"from":[2.4325852,4.8621216,-7.796588],"to":[13.567415,18.896646,6.1219473],"faces":{"east":{"uv":[8.0,0.0,16.0,8.0],"tintindex":0,"rotation":0,"texture":"#0"},"south":{"uv":[8.0,0.0,16.0,8.0],"tintindex":0,"rotation":0,"texture":"#0"},"north":{"uv":[8.0,0.0,16.0,8.0],"tintindex":0,"rotation":0,"texture":"#0"},"west":{"uv":[8.0,0.0,16.0,8.0],"tintindex":0,"rotation":0,"texture":"#0"},"up":{"uv":[8.0,0.0,16.0,8.0],"tintindex":0,"rotation":0,"texture":"#0"},"down":{"uv":[8.0,0.0,16.0,8.0],"tintindex":0,"rotation":0,"texture":"#0"}},"rotation":{"origin":[8.0,11.531421,-1.9971981],"angle":22.5,"axis":"x"}},{"from":[2.0846224,6.4859505,-10.928259],"to":[13.915378,15.648987,6.353923],"faces":{"east":{"uv":[2.2,0.93125,1.5625,0.0],"tintindex":0,"rotation":0,"texture":"#0"},"south":{"uv":[2.2,0.93125,1.5625,0.0],"tintindex":0,"rotation":0,"texture":"#0"},"north":{"uv":[4.1125,1.975,1.5625,0.0],"tintindex":0,"rotation":0,"texture":"#0"},"west":{"uv":[2.2,0.93125,1.5625,0.0],"tintindex":0,"rotation":0,"texture":"#0"},"up":{"uv":[2.2,0.93125,1.5625,0.0],"tintindex":0,"rotation":0,"texture":"#0"},"down":{"uv":[2.2,0.93125,1.5625,0.0],"tintindex":0,"rotation":0,"texture":"#0"}},"rotation":{"origin":[8.0,11.531421,-1.9971981],"angle":22.5,"axis":"x"}},{"from":[3.360488,5.3260727,-7.21665],"to":[12.639512,18.432695,5.5420084],"faces":{"east":{"uv":[6.375,3.3875,3.625,0.5625],"tintindex":0,"rotation":0,"texture":"#0"},"south":{"uv":[6.375,3.3875,3.625,0.5625],"tintindex":0,"rotation":0,"texture":"#0"},"north":{"uv":[6.375,3.3875,3.625,0.5625],"tintindex":0,"rotation":0,"texture":"#0"},"west":{"uv":[6.375,3.3875,3.625,0.5625],"tintindex":0,"rotation":0,"texture":"#0"},"up":{"uv":[6.375,3.3875,3.625,0.5625],"tintindex":0,"rotation":0,"texture":"#0"},"down":{"uv":[6.375,3.3875,3.625,0.5625],"tintindex":0,"rotation":0,"texture":"#0"}},"rotation":{"origin":[8.0,11.531421,-1.9971981],"angle":22.5,"axis":"x"}},{"from":[-0.23513317,6.4859505,-8.028564],"to":[16.235134,16.57689,6.353923],"faces":{"east":{"uv":[3.1,2.175,0.0,0.0],"tintindex":0,"rotation":0,"texture":"#0"},"south":{"uv":[3.1,2.175,0.0,0.0],"tintindex":0,"rotation":0,"texture":"#0"},"north":{"uv":[3.1,2.175,0.0,0.0],"tintindex":0,"rotation":0,"texture":"#0"},"west":{"uv":[3.1,2.175,0.0,0.0],"tintindex":0,"rotation":0,"texture":"#0"},"up":{"uv":[3.1,2.175,0.0,0.0],"tintindex":0,"rotation":0,"texture":"#0"},"down":{"uv":[3.1,2.175,0.0,0.0],"tintindex":0,"rotation":0,"texture":"#0"}},"rotation":{"origin":[8.0,11.531421,-1.9971981],"angle":22.5,"axis":"x"}},{"from":[-1.1630354,6.0219994,-8.608503],"to":[17.163036,17.040842,6.9338617],"faces":{"east":{"uv":[8.0,0.0,16.0,8.0],"tintindex":0,"rotation":0,"texture":"#0"},"south":{"uv":[8.0,0.0,16.0,8.0],"tintindex":0,"rotation":0,"texture":"#0"},"north":{"uv":[8.0,0.0,16.0,8.0],"tintindex":0,"rotation":0,"texture":"#0"},"west":{"uv":[8.0,0.0,16.0,8.0],"tintindex":0,"rotation":0,"texture":"#0"},"up":{"uv":[8.0,0.0,16.0,8.0],"tintindex":0,"rotation":0,"texture":"#0"},"down":{"uv":[8.0,0.0,16.0,8.0],"tintindex":0,"rotation":0,"texture":"#0"}},"rotation":{"origin":[8.0,11.531421,-1.9971981],"angle":22.5,"axis":"x"}},{"from":[0.5767808,4.8621216,-9.652393],"to":[15.42322,18.200718,7.977752],"faces":{"east":{"uv":[8.0,0.0,16.0,8.0],"tintindex":0,"rotation":0,"texture":"#0"},"south":{"uv":[8.0,0.0,16.0,8.0],"tintindex":0,"rotation":0,"texture":"#0"},"north":{"uv":[8.0,0.0,16.0,8.0],"tintindex":0,"rotation":0,"texture":"#0"},"west":{"uv":[8.0,0.0,16.0,8.0],"tintindex":0,"rotation":0,"texture":"#0"},"up":{"uv":[8.0,0.0,16.0,8.0],"tintindex":0,"rotation":0,"texture":"#0"},"down":{"uv":[8.0,0.0,16.0,8.0],"tintindex":0,"rotation":0,"texture":"#0"}},"rotation":{"origin":[8.0,11.531421,-1.9971981],"angle":22.5,"axis":"x"}},{"from":[-0.815073,7.7618165,-6.288748],"to":[16.815073,15.301024,4.614106],"faces":{"east":{"uv":[4.1,3.5,1.75,1.875],"tintindex":0,"rotation":0,"texture":"#0"},"south":{"uv":[4.1,3.5,1.75,1.875],"tintindex":0,"rotation":0,"texture":"#0"},"north":{"uv":[4.1,3.5,1.75,1.875],"tintindex":0,"rotation":0,"texture":"#0"},"west":{"uv":[4.1,3.5,1.75,1.875],"tintindex":0,"rotation":0,"texture":"#0"},"up":{"uv":[4.1,3.5,1.75,1.875],"tintindex":0,"rotation":0,"texture":"#0"},"down":{"uv":[4.1,3.5,1.75,1.875],"tintindex":0,"rotation":0,"texture":"#0"}},"rotation":{"origin":[8.0,11.531421,-1.9971981],"angle":22.5,"axis":"x"}},{"from":[1.1567202,6.0219994,-11.5082],"to":[14.843281,16.11294,6.9338617],"faces":{"east":{"uv":[8.0,0.0,16.0,8.0],"tintindex":0,"rotation":0,"texture":"#0"},"south":{"uv":[8.0,0.0,16.0,8.0],"tintindex":0,"rotation":0,"texture":"#0"},"north":{"uv":[8.0,0.0,16.0,8.0],"tintindex":0,"rotation":0,"texture":"#0"},"west":{"uv":[8.0,0.0,16.0,8.0],"tintindex":0,"rotation":0,"texture":"#0"},"up":{"uv":[8.0,0.0,16.0,8.0],"tintindex":0,"rotation":0,"texture":"#0"},"down":{"uv":[8.0,0.0,16.0,8.0],"tintindex":0,"rotation":0,"texture":"#0"}},"rotation":{"origin":[8.0,11.531421,-1.9971981],"angle":22.5,"axis":"x"}},{"from":[-1.7429752,7.2978654,-6.8686857],"to":[17.742975,15.764976,5.194045],"faces":{"east":{"uv":[8.0,0.0,16.0,8.0],"tintindex":0,"rotation":0,"texture":"#0"},"south":{"uv":[8.0,0.0,16.0,8.0],"tintindex":0,"rotation":0,"texture":"#0"},"north":{"uv":[8.0,0.0,16.0,8.0],"tintindex":0,"rotation":0,"texture":"#0"},"west":{"uv":[8.0,0.0,16.0,8.0],"tintindex":0,"rotation":0,"texture":"#0"},"up":{"uv":[8.0,0.0,16.0,8.0],"tintindex":0,"rotation":0,"texture":"#0"},"down":{"uv":[8.0,0.0,16.0,8.0],"tintindex":0,"rotation":0,"texture":"#0"}},"rotation":{"origin":[8.0,11.531421,-1.9971981],"angle":22.5,"axis":"x"}}],"display":{"gui":{"rotation":[30,225,0]}}}