{"textures":{"0":"modelengine:entity/shelob"},"elements":[{"from":[2.5088906,9.82464,14.525709],"to":[15.035573,19.219654,18.353308],"faces":{"east":{"uv":[4.15,12.7125,3.25,12.4375],"tintindex":0,"rotation":0,"texture":"#0"},"south":{"uv":[4.15,12.7125,3.25,12.4375],"tintindex":0,"rotation":0,"texture":"#0"},"north":{"uv":[4.15,12.7125,3.25,12.4375],"tintindex":0,"rotation":0,"texture":"#0"},"west":{"uv":[4.15,12.7125,3.25,12.4375],"tintindex":0,"rotation":0,"texture":"#0"},"up":{"uv":[4.15,12.7125,3.25,12.4375],"tintindex":0,"rotation":0,"texture":"#0"},"down":{"uv":[4.15,12.7125,3.25,12.4375],"tintindex":0,"rotation":0,"texture":"#0"}},"rotation":{"origin":[-7.75603,14.522148,17.657381],"angle":22.5,"axis":"x"}},{"from":[3.2048178,7.8700924,15.655275],"to":[13.991683,17.265102,23.310469],"faces":{"east":{"uv":[4.65,13.7375,3.875,13.1875],"tintindex":0,"rotation":0,"texture":"#0"},"south":{"uv":[4.65,13.7375,3.875,13.1875],"tintindex":0,"rotation":0,"texture":"#0"},"north":{"uv":[4.65,13.7375,3.875,13.1875],"tintindex":0,"rotation":0,"texture":"#0"},"west":{"uv":[4.65,13.7375,3.875,13.1875],"tintindex":0,"rotation":0,"texture":"#0"},"up":{"uv":[4.65,13.7375,3.875,13.1875],"tintindex":0,"rotation":0,"texture":"#0"},"down":{"uv":[4.65,13.7375,3.875,13.1875],"tintindex":0,"rotation":0,"texture":"#0"}},"rotation":{"origin":[-10.887699,12.567596,19.48287],"angle":45.0,"axis":"x"}},{"from":[4.374095,-2.5792522,17.855837],"to":[11.333363,5.4239044,24.815104],"faces":{"east":{"uv":[4.625,11.625,4.125,11.125],"tintindex":0,"rotation":0,"texture":"#0"},"south":{"uv":[4.625,11.625,4.125,11.125],"tintindex":0,"rotation":0,"texture":"#0"},"north":{"uv":[4.625,11.625,4.125,11.125],"tintindex":0,"rotation":0,"texture":"#0"},"west":{"uv":[4.625,11.625,4.125,11.125],"tintindex":0,"rotation":0,"texture":"#0"},"up":{"uv":[4.625,11.625,4.125,11.125],"tintindex":0,"rotation":0,"texture":"#0"},"down":{"uv":[4.625,11.625,4.125,11.125],"tintindex":0,"rotation":0,"texture":"#0"}},"rotation":{"origin":[7.853729,1.4223251,21.683432],"angle":-22.5,"axis":"z"}},{"from":[3.552781,3.7877045,17.855837],"to":[12.599829,13.182716,25.163065],"faces":{"east":{"uv":[0.65,14.9625,0.0,14.4375],"tintindex":0,"rotation":0,"texture":"#0"},"south":{"uv":[0.65,14.9625,0.0,14.4375],"tintindex":0,"rotation":0,"texture":"#0"},"north":{"uv":[0.65,14.9625,0.0,14.4375],"tintindex":0,"rotation":0,"texture":"#0"},"west":{"uv":[0.65,14.9625,0.0,14.4375],"tintindex":0,"rotation":0,"texture":"#0"},"up":{"uv":[0.65,14.9625,0.0,14.4375],"tintindex":0,"rotation":0,"texture":"#0"},"down":{"uv":[0.65,14.9625,0.0,14.4375],"tintindex":0,"rotation":0,"texture":"#0"}}},{"from":[3.1435456,-8.961088,17.855837],"to":[7.319106,-0.9579296,24.119177],"faces":{"east":{"uv":[6.325,13.2,5.875,12.625],"tintindex":0,"rotation":0,"texture":"#0"},"south":{"uv":[6.325,13.2,5.875,12.625],"tintindex":0,"rotation":0,"texture":"#0"},"north":{"uv":[6.325,13.2,5.875,12.625],"tintindex":0,"rotation":0,"texture":"#0"},"west":{"uv":[6.325,13.2,5.875,12.625],"tintindex":0,"rotation":0,"texture":"#0"},"up":{"uv":[6.325,13.2,5.875,12.625],"tintindex":0,"rotation":0,"texture":"#0"},"down":{"uv":[6.325,13.2,5.875,12.625],"tintindex":0,"rotation":0,"texture":"#0"}},"rotation":{"origin":[5.231326,-4.959509,21.683432],"angle":-45.0,"axis":"z"}},{"from":[2.8568544,10.798662,11.716751],"to":[16.079464,20.193676,16.58824],"faces":{"east":{"uv":[4.7,13.4125,3.75,13.0625],"tintindex":0,"rotation":0,"texture":"#0"},"south":{"uv":[4.7,13.4125,3.75,13.0625],"tintindex":0,"rotation":0,"texture":"#0"},"north":{"uv":[4.7,13.4125,3.75,13.0625],"tintindex":0,"rotation":0,"texture":"#0"},"west":{"uv":[4.7,13.4125,3.75,13.0625],"tintindex":0,"rotation":0,"texture":"#0"},"up":{"uv":[4.7,13.4125,3.75,13.0625],"tintindex":0,"rotation":0,"texture":"#0"},"down":{"uv":[4.7,13.4125,3.75,13.0625],"tintindex":0,"rotation":0,"texture":"#0"}}}],"display":{"gui":{"rotation":[30,225,0]}}}