{"textures":{"0":"modelengine:entity/shelob"},"elements":[{"from":[0.18150902,10.787565,12.772537],"to":[13.752082,20.182579,17.29606],"faces":{"east":{"uv":[4.5375,12.6375,3.5625,12.3125],"tintindex":0,"rotation":0,"texture":"#0"},"south":{"uv":[4.5375,12.6375,3.5625,12.3125],"tintindex":0,"rotation":0,"texture":"#0"},"north":{"uv":[4.5375,12.6375,3.5625,12.3125],"tintindex":0,"rotation":0,"texture":"#0"},"west":{"uv":[4.5375,12.6375,3.5625,12.3125],"tintindex":0,"rotation":0,"texture":"#0"},"up":{"uv":[4.5375,12.6375,3.5625,12.3125],"tintindex":0,"rotation":0,"texture":"#0"},"down":{"uv":[4.5375,12.6375,3.5625,12.3125],"tintindex":0,"rotation":0,"texture":"#0"}}},{"from":[1.9213257,7.8589954,16.711061],"to":[12.708191,17.254005,24.366255],"faces":{"east":{"uv":[2.2125,10.7375,1.4375,10.1875],"tintindex":0,"rotation":0,"texture":"#0"},"south":{"uv":[2.2125,10.7375,1.4375,10.1875],"tintindex":0,"rotation":0,"texture":"#0"},"north":{"uv":[2.2125,10.7375,1.4375,10.1875],"tintindex":0,"rotation":0,"texture":"#0"},"west":{"uv":[2.2125,10.7375,1.4375,10.1875],"tintindex":0,"rotation":0,"texture":"#0"},"up":{"uv":[2.2125,10.7375,1.4375,10.1875],"tintindex":0,"rotation":0,"texture":"#0"},"down":{"uv":[2.2125,10.7375,1.4375,10.1875],"tintindex":0,"rotation":0,"texture":"#0"}},"rotation":{"origin":[5.2269783,12.5564995,20.538656],"angle":45.0,"axis":"x"}},{"from":[8.186237,-7.987996,18.911623],"to":[12.361799,0.015161514,25.174963],"faces":{"east":{"uv":[1.7375,11.6375,1.4375,11.0625],"tintindex":0,"rotation":0,"texture":"#0"},"south":{"uv":[1.7375,11.6375,1.4375,11.0625],"tintindex":0,"rotation":0,"texture":"#0"},"north":{"uv":[1.7375,11.6375,1.4375,11.0625],"tintindex":0,"rotation":0,"texture":"#0"},"west":{"uv":[1.7375,11.6375,1.4375,11.0625],"tintindex":0,"rotation":0,"texture":"#0"},"up":{"uv":[1.7375,11.6375,1.4375,11.0625],"tintindex":0,"rotation":0,"texture":"#0"},"down":{"uv":[1.7375,11.6375,1.4375,11.0625],"tintindex":0,"rotation":0,"texture":"#0"}},"rotation":{"origin":[11.665873,-3.9864178,22.739218],"angle":45.0,"axis":"z"}},{"from":[3.313179,3.7766075,18.911623],"to":[12.360228,13.171619,26.218851],"faces":{"east":{"uv":[4.65,9.0875,4.0,8.5625],"tintindex":0,"rotation":0,"texture":"#0"},"south":{"uv":[4.65,9.0875,4.0,8.5625],"tintindex":0,"rotation":0,"texture":"#0"},"north":{"uv":[4.65,9.0875,4.0,8.5625],"tintindex":0,"rotation":0,"texture":"#0"},"west":{"uv":[4.65,9.0875,4.0,8.5625],"tintindex":0,"rotation":0,"texture":"#0"},"up":{"uv":[4.65,9.0875,4.0,8.5625],"tintindex":0,"rotation":0,"texture":"#0"},"down":{"uv":[4.65,9.0875,4.0,8.5625],"tintindex":0,"rotation":0,"texture":"#0"}}},{"from":[0.8774357,9.813543,15.23353],"to":[13.404118,19.208557,19.409094],"faces":{"east":{"uv":[3.2125,8.925,2.3125,8.625],"tintindex":0,"rotation":0,"texture":"#0"},"south":{"uv":[3.2125,8.925,2.3125,8.625],"tintindex":0,"rotation":0,"texture":"#0"},"north":{"uv":[3.2125,8.925,2.3125,8.625],"tintindex":0,"rotation":0,"texture":"#0"},"west":{"uv":[3.2125,8.925,2.3125,8.625],"tintindex":0,"rotation":0,"texture":"#0"},"up":{"uv":[3.2125,8.925,2.3125,8.625],"tintindex":0,"rotation":0,"texture":"#0"},"down":{"uv":[3.2125,8.925,2.3125,8.625],"tintindex":0,"rotation":0,"texture":"#0"}},"rotation":{"origin":[6.966795,14.511051,18.713167],"angle":22.5,"axis":"x"}},{"from":[4.7665043,-2.1378956,18.911623],"to":[11.725773,5.865261,25.87089],"faces":{"east":{"uv":[4.625,11.375,4.125,10.875],"tintindex":0,"rotation":0,"texture":"#0"},"south":{"uv":[4.625,11.375,4.125,10.875],"tintindex":0,"rotation":0,"texture":"#0"},"north":{"uv":[4.625,11.375,4.125,10.875],"tintindex":0,"rotation":0,"texture":"#0"},"west":{"uv":[4.625,11.375,4.125,10.875],"tintindex":0,"rotation":0,"texture":"#0"},"up":{"uv":[4.625,11.375,4.125,10.875],"tintindex":0,"rotation":0,"texture":"#0"},"down":{"uv":[4.625,11.375,4.125,10.875],"tintindex":0,"rotation":0,"texture":"#0"}},"rotation":{"origin":[9.29003,1.1677551,22.739218],"angle":22.5,"axis":"z"}}],"display":{"gui":{"rotation":[30,225,0]}}}