{
	"format_version": "1.8.0",
	"animations": {
		"idle": {
			"loop": true,
			"animation_length": 2,
			"bones": {
				"leftclaw": {
					"rotation": {
						"0.0": [0, 0, 0],
						"1.0": [0, -10, 0],
						"2.0": [0, 0, 0]
					}
				},
				"rightclaw": {
					"rotation": {
						"0.0": [0, 0, 0],
						"1.0": [0, 10, 0],
						"2.0": [0, 0, 0]
					}
				}
			}
		},
		"walk": {
			"loop": true,
			"animation_length": 2,
			"bones": {
				"frontleftleg": {
					"rotation": {
						"0.0": [2.59866, 7.1558, 1.30464],
						"0.25": [0, 0, 0],
						"0.5": [2.59866, 7.1558, 1.30464],
						"0.75": [0, 0, 0],
						"1.0": [2.59866, 7.1558, 1.30464],
						"1.25": [0, 0, 0],
						"1.5": [2.59866, 7.1558, 1.30464],
						"1.75": [0, 0, 0],
						"2.0": [2.59866, 7.1558, 1.30464]
					}
				},
				"midleftleg": {
					"rotation": {
						"0.0": [0, 0, 0],
						"0.25": [1.95155, 7.24305, 0.12353],
						"0.5": [0, 0, 0],
						"0.75": [1.95155, 7.24305, 0.12353],
						"1.0": [0, 0, 0],
						"1.25": [1.95155, 7.24305, 0.12353],
						"1.5": [0, 0, 0],
						"1.75": [1.95155, 7.24305, 0.12353],
						"2.0": [0, 0, 0]
					}
				},
				"backleftleg": {
					"rotation": {
						"0.0": [0, 0, 0],
						"0.25": [-2.73393, -7.13742, 1.46989],
						"0.5": [0, 0, 0],
						"0.75": [-2.73393, -7.13742, 1.46989],
						"1.0": [0, 0, 0],
						"1.25": [-2.73393, -7.13742, 1.46989],
						"1.5": [0, 0, 0],
						"1.75": [-2.73393, -7.13742, 1.46989],
						"2.0": [0, 0, 0]
					}
				},
				"backrightleg": {
					"rotation": {
						"0.0": [2.59866, 7.1558, 1.30464],
						"0.25": [0, 0, 0],
						"0.5": [2.59866, 7.1558, 1.30464],
						"0.75": [0, 0, 0],
						"1.0": [2.59866, 7.1558, 1.30464],
						"1.25": [0, 0, 0],
						"1.5": [2.59866, 7.1558, 1.30464],
						"1.75": [0, 0, 0],
						"2.0": [2.59866, 7.1558, 1.30464]
					}
				},
				"midrightleg": {
					"rotation": {
						"0.0": [0, 0, 0],
						"0.25": [1.95155, 7.24305, 0.12353],
						"0.5": [0, 0, 0],
						"0.75": [1.95155, 7.24305, 0.12353],
						"1.0": [0, 0, 0],
						"1.25": [1.95155, 7.24305, 0.12353],
						"1.5": [0, 0, 0],
						"1.75": [1.95155, 7.24305, 0.12353],
						"2.0": [0, 0, 0]
					}
				},
				"frontrightleg": {
					"rotation": {
						"0.0": [2.37968, 7.18544, -1.01858],
						"0.25": [0, 0, 0],
						"0.5": [2.37968, 7.18544, -1.01858],
						"0.75": [0, 0, 0],
						"1.0": [2.37968, 7.18544, -1.01858],
						"1.25": [0, 0, 0],
						"1.5": [2.37968, 7.18544, -1.01858],
						"1.75": [0, 0, 0],
						"2.0": [2.37968, 7.18544, -1.01858]
					}
				}
			}
		},
		"attack": {
			"animation_length": 1.25,
			"bones": {
				"leftclaw": {
					"rotation": {
						"0.0": [0, 0, 0],
						"0.25": [0, -27.5, 0],
						"0.5": [0, 27.5, 0],
						"0.75": [0, 0, 0]
					}
				},
				"rightclaw": {
					"rotation": {
						"0.0": [0, 0, 0],
						"0.5": [0, 0, 0],
						"0.75": [0, 27.5, 0],
						"1.0": [0, -27.5, 0],
						"1.25": [0, 0, 0]
					}
				}
			}
		},
		"death": {
			"animation_length": 0.75,
			"bones": {
				"body": {
					"rotation": {
						"0.0": [0, 0, 0],
						"0.5": [0, 0, 90]
					}
				}
			}
		}
	}
}