{"textures":{"0":"modelengine:entity/minotaur"},"elements":[{"from":[5.65,5.5499954,3.6],"to":[10.35,10.449997,12.4],"faces":{"east":{"uv":[2.84375,12.0625,2.5625,11.5],"tintindex":0,"rotation":0,"texture":"#0"},"south":{"uv":[2.84375,12.0625,2.5625,11.5],"tintindex":0,"rotation":0,"texture":"#0"},"north":{"uv":[2.84375,12.0625,2.5625,11.5],"tintindex":0,"rotation":0,"texture":"#0"},"west":{"uv":[2.84375,12.0625,2.5625,11.5],"tintindex":0,"rotation":0,"texture":"#0"},"up":{"uv":[2.84375,12.0625,2.5625,11.5],"tintindex":0,"rotation":0,"texture":"#0"},"down":{"uv":[2.84375,12.0625,2.5625,11.5],"tintindex":0,"rotation":0,"texture":"#0"}}}],"display":{"gui":{"rotation":[30,225,0]}}}