{"textures":{"0":"modelengine:entity/minotaur"},"elements":[{"from":[0.020616531,4.0461273,1.4119997],"to":[4.9126167,15.350128,14.738],"faces":{"east":{"uv":[2.125,10.9375,2.5,11.65625],"tintindex":0,"rotation":0,"texture":"#0"},"south":{"uv":[2.125,10.9375,2.5,11.65625],"tintindex":0,"rotation":0,"texture":"#0"},"north":{"uv":[2.125,10.9375,2.5,11.65625],"tintindex":0,"rotation":0,"texture":"#0"},"west":{"uv":[2.125,10.9375,2.5,11.65625],"tintindex":0,"rotation":0,"texture":"#0"},"up":{"uv":[2.125,10.9375,2.5,11.65625],"tintindex":0,"rotation":0,"texture":"#0"},"down":{"uv":[6.5625,9.9375,6.25,10.78125],"tintindex":0,"rotation":0,"texture":"#0"}},"rotation":{"origin":[8.0,8.0,8.0],"angle":-22.5,"axis":"z"}},{"from":[7.899782,0.37702942,1.8119998],"to":[12.791783,6.9810295,13.738],"faces":{"east":{"uv":[9.4375,6.3125,10.1875,6.71875],"tintindex":0,"rotation":0,"texture":"#0"},"south":{"uv":[1.0625,11.6875,1.375,12.09375],"tintindex":0,"rotation":180,"texture":"#0"},"north":{"uv":[1.0625,11.6875,1.375,12.09375],"tintindex":0,"rotation":180,"texture":"#0"},"west":{"uv":[9.4375,4.3125,10.1875,4.71875],"tintindex":0,"rotation":0,"texture":"#0"},"up":{"uv":[11.125,4.375,10.8125,3.625],"tintindex":0,"rotation":0,"texture":"#0"},"down":{"uv":[9.4375,6.3125,10.182875,6.61825],"tintindex":0,"rotation":90,"texture":"#0"}},"rotation":{"origin":[8.0,8.0,8.0],"angle":22.5,"axis":"z"}},{"from":[3.1965027,-1.1631393,1.7119999],"to":[8.088503,13.440857,14.438],"faces":{"east":{"uv":[7.875,9.625,8.1875,10.53125],"tintindex":0,"rotation":0,"texture":"#0"},"south":{"uv":[7.875,9.625,8.1875,10.53125],"tintindex":0,"rotation":0,"texture":"#0"},"north":{"uv":[7.875,9.625,8.1875,10.53125],"tintindex":0,"rotation":0,"texture":"#0"},"west":{"uv":[2.25,3.1875,3.03125,4.09375],"tintindex":0,"rotation":0,"texture":"#0"},"up":{"uv":[9.875,11.21875,9.5625,10.4375],"tintindex":0,"rotation":0,"texture":"#0"},"down":{"uv":[7.875,9.71875,8.18075,10.514125],"tintindex":0,"rotation":0,"texture":"#0"}},"rotation":{"origin":[8.0,8.0,8.0],"angle":45.0,"axis":"z"}},{"from":[7.996502,4.5368576,2.012],"to":[12.788503,13.440857,14.138],"faces":{"east":{"uv":[7.8125,0.625,8.5625,1.1875],"tintindex":0,"rotation":0,"texture":"#0"},"south":{"uv":[2.5,7.1875,2.8125,7.75],"tintindex":0,"rotation":180,"texture":"#0"},"north":{"uv":[2.5,7.1875,2.8125,7.75],"tintindex":0,"rotation":180,"texture":"#0"},"west":{"uv":[5.5625,7.75,6.3125,8.3125],"tintindex":0,"rotation":0,"texture":"#0"},"up":{"uv":[5.0625,11.5,4.75,10.75],"tintindex":0,"rotation":0,"texture":"#0"},"down":{"uv":[7.8125,0.625,8.5625,1.1875],"tintindex":0,"rotation":0,"texture":"#0"}},"rotation":{"origin":[8.0,8.0,8.0],"angle":45.0,"axis":"z"}}],"display":{"gui":{"rotation":[30,225,0]}}}