{"textures":{"0":"modelengine:entity/minotaur"},"elements":[{"from":[4.753599,-2.092267,7.843466],"to":[11.407999,11.440534,16.376266],"faces":{"east":{"uv":[2.125,9.0625,2.53125,9.90625],"tintindex":0,"rotation":0,"texture":"#0"},"south":{"uv":[2.125,9.0625,2.53125,9.90625],"tintindex":0,"rotation":0,"texture":"#0"},"north":{"uv":[2.125,9.0625,2.53125,9.90625],"tintindex":0,"rotation":0,"texture":"#0"},"west":{"uv":[2.125,9.0625,2.53125,9.90625],"tintindex":0,"rotation":0,"texture":"#0"},"up":{"uv":[2.125,9.0625,2.53125,9.90625],"tintindex":0,"rotation":0,"texture":"#0"},"down":{"uv":[2.125,9.0625,2.53125,9.90625],"tintindex":0,"rotation":0,"texture":"#0"}}},{"from":[8.840799,-5.792267,5.3066664],"to":[12.5784,1.1181331,14.383467],"faces":{"east":{"uv":[11.8125,4.1875,12.03125,4.625],"tintindex":0,"rotation":0,"texture":"#0"},"south":{"uv":[11.8125,4.1875,12.03125,4.625],"tintindex":0,"rotation":0,"texture":"#0"},"north":{"uv":[11.8125,4.1875,12.03125,4.625],"tintindex":0,"rotation":0,"texture":"#0"},"west":{"uv":[11.8125,4.1875,12.03125,4.625],"tintindex":0,"rotation":0,"texture":"#0"},"up":{"uv":[11.8125,4.1875,12.03125,4.625],"tintindex":0,"rotation":0,"texture":"#0"},"down":{"uv":[11.8125,4.1875,12.03125,4.625],"tintindex":0,"rotation":0,"texture":"#0"}}},{"from":[3.3407993,-5.792267,5.3066664],"to":[7.0783997,1.1181331,14.383467],"faces":{"east":{"uv":[11.8125,4.1875,12.03125,4.625],"tintindex":0,"rotation":0,"texture":"#0"},"south":{"uv":[11.8125,4.1875,12.03125,4.625],"tintindex":0,"rotation":0,"texture":"#0"},"north":{"uv":[11.8125,4.1875,12.03125,4.625],"tintindex":0,"rotation":0,"texture":"#0"},"west":{"uv":[11.8125,4.1875,12.03125,4.625],"tintindex":0,"rotation":0,"texture":"#0"},"up":{"uv":[11.8125,4.1875,12.03125,4.625],"tintindex":0,"rotation":0,"texture":"#0"},"down":{"uv":[11.8125,4.1875,12.03125,4.625],"tintindex":0,"rotation":0,"texture":"#0"}}}],"display":{"gui":{"rotation":[30,225,0]}}}