{"textures":{"0":"modelengine:entity/minotaur"},"elements":[{"from":[5.9729276,5.421829,6.954133],"to":[11.172928,10.021828,10.854134],"faces":{"east":{"uv":[14.1875,6.875,14.5125,7.1625],"tintindex":0,"rotation":0,"texture":"#0"},"south":{"uv":[14.1875,6.875,14.5125,7.1625],"tintindex":0,"rotation":0,"texture":"#0"},"north":{"uv":[14.1875,6.875,14.5125,7.1625],"tintindex":0,"rotation":0,"texture":"#0"},"west":{"uv":[14.1875,6.875,14.5125,7.1625],"tintindex":0,"rotation":0,"texture":"#0"},"up":{"uv":[14.1875,6.875,14.5125,7.1625],"tintindex":0,"rotation":0,"texture":"#0"},"down":{"uv":[14.1875,6.875,14.5125,7.1625],"tintindex":0,"rotation":0,"texture":"#0"}}},{"from":[1.0427766,17.548576,0.9110203],"to":[3.142776,19.648575,5.4110203],"faces":{"east":{"uv":[14.1875,6.875,14.31875,7.00625],"tintindex":0,"rotation":0,"texture":"#0"},"south":{"uv":[14.1875,6.875,14.31875,7.00625],"tintindex":0,"rotation":0,"texture":"#0"},"north":{"uv":[14.1875,6.875,14.31875,7.00625],"tintindex":0,"rotation":0,"texture":"#0"},"west":{"uv":[14.1875,6.875,14.31875,7.00625],"tintindex":0,"rotation":0,"texture":"#0"},"up":{"uv":[14.1875,6.875,14.31875,7.00625],"tintindex":0,"rotation":0,"texture":"#0"},"down":{"uv":[14.1875,6.875,14.31875,7.00625],"tintindex":0,"rotation":0,"texture":"#0"}}},{"from":[1.142776,19.02832,2.6974921],"to":[3.0427766,20.728317,7.1974916],"faces":{"east":{"uv":[14.1875,6.875,14.30625,6.98125],"tintindex":0,"rotation":0,"texture":"#0"},"south":{"uv":[14.1875,6.875,14.30625,6.98125],"tintindex":0,"rotation":0,"texture":"#0"},"north":{"uv":[14.1875,6.875,14.30625,6.98125],"tintindex":0,"rotation":0,"texture":"#0"},"west":{"uv":[14.1875,6.875,14.30625,6.98125],"tintindex":0,"rotation":0,"texture":"#0"},"up":{"uv":[14.1875,6.875,14.30625,6.98125],"tintindex":0,"rotation":0,"texture":"#0"},"down":{"uv":[14.1875,6.875,14.30625,6.98125],"tintindex":0,"rotation":0,"texture":"#0"}},"rotation":{"origin":[3.8665528,12.700005,5.5990396],"angle":-45.0,"axis":"x"}},{"from":[1.2427764,15.123093,-5.427458],"to":[2.9427762,16.82309,-0.9274578],"faces":{"east":{"uv":[14.1875,6.875,14.29375,6.98125],"tintindex":0,"rotation":0,"texture":"#0"},"south":{"uv":[14.1875,6.875,14.29375,6.98125],"tintindex":0,"rotation":0,"texture":"#0"},"north":{"uv":[14.1875,6.875,14.29375,6.98125],"tintindex":0,"rotation":0,"texture":"#0"},"west":{"uv":[14.1875,6.875,14.29375,6.98125],"tintindex":0,"rotation":0,"texture":"#0"},"up":{"uv":[14.1875,6.875,14.29375,6.98125],"tintindex":0,"rotation":0,"texture":"#0"},"down":{"uv":[14.1875,6.875,14.29375,6.98125],"tintindex":0,"rotation":0,"texture":"#0"}}},{"from":[4.251822,7.699486,6.1541333],"to":[8.451822,11.099487,10.454133],"faces":{"east":{"uv":[14.1875,6.875,14.45,7.0875],"tintindex":0,"rotation":0,"texture":"#0"},"south":{"uv":[14.1875,6.875,14.45,7.0875],"tintindex":0,"rotation":0,"texture":"#0"},"north":{"uv":[14.1875,6.875,14.45,7.0875],"tintindex":0,"rotation":0,"texture":"#0"},"west":{"uv":[14.1875,6.875,14.45,7.0875],"tintindex":0,"rotation":0,"texture":"#0"},"up":{"uv":[14.1875,6.875,14.45,7.0875],"tintindex":0,"rotation":0,"texture":"#0"},"down":{"uv":[14.1875,6.875,14.45,7.0875],"tintindex":0,"rotation":0,"texture":"#0"}},"rotation":{"origin":[3.8665528,12.700005,5.5990396],"angle":-45.0,"axis":"z"}},{"from":[0.9427762,13.717049,7.5501833],"to":[3.2427764,17.817047,10.450183],"faces":{"east":{"uv":[14.1875,6.875,14.33125,7.13125],"tintindex":0,"rotation":0,"texture":"#0"},"south":{"uv":[14.1875,6.875,14.33125,7.13125],"tintindex":0,"rotation":0,"texture":"#0"},"north":{"uv":[14.1875,6.875,14.33125,7.13125],"tintindex":0,"rotation":0,"texture":"#0"},"west":{"uv":[14.1875,6.875,14.33125,7.13125],"tintindex":0,"rotation":0,"texture":"#0"},"up":{"uv":[14.1875,6.875,14.33125,7.13125],"tintindex":0,"rotation":0,"texture":"#0"},"down":{"uv":[14.1875,6.875,14.33125,7.13125],"tintindex":0,"rotation":0,"texture":"#0"}},"rotation":{"origin":[3.8665528,12.700005,5.5990396],"angle":-45.0,"axis":"x"}},{"from":[3.572928,5.921829,5.954133],"to":[7.7729278,9.521828,10.854134],"faces":{"east":{"uv":[14.1875,6.875,14.45,7.1],"tintindex":0,"rotation":0,"texture":"#0"},"south":{"uv":[14.1875,6.875,14.45,7.1],"tintindex":0,"rotation":0,"texture":"#0"},"north":{"uv":[14.1875,6.875,14.45,7.1],"tintindex":0,"rotation":0,"texture":"#0"},"west":{"uv":[14.1875,6.875,14.45,7.1],"tintindex":0,"rotation":0,"texture":"#0"},"up":{"uv":[14.1875,6.875,14.45,7.1],"tintindex":0,"rotation":0,"texture":"#0"},"down":{"uv":[14.1875,6.875,14.45,7.1],"tintindex":0,"rotation":0,"texture":"#0"}}},{"from":[0.642776,8.891678,6.454133],"to":[3.5427766,13.691673,10.154133],"faces":{"east":{"uv":[14.1875,6.875,14.36875,7.175],"tintindex":0,"rotation":0,"texture":"#0"},"south":{"uv":[14.1875,6.875,14.36875,7.175],"tintindex":0,"rotation":0,"texture":"#0"},"north":{"uv":[14.1875,6.875,14.36875,7.175],"tintindex":0,"rotation":0,"texture":"#0"},"west":{"uv":[14.1875,6.875,14.36875,7.175],"tintindex":0,"rotation":0,"texture":"#0"},"up":{"uv":[14.1875,6.875,14.36875,7.175],"tintindex":0,"rotation":0,"texture":"#0"},"down":{"uv":[14.1875,6.875,14.36875,7.175],"tintindex":0,"rotation":0,"texture":"#0"}}},{"from":[6.4729276,5.121826,5.754133],"to":[10.672928,10.421829,11.054133],"faces":{"east":{"uv":[14.1875,6.875,14.45,7.20625],"tintindex":0,"rotation":0,"texture":"#0"},"south":{"uv":[14.1875,6.875,14.45,7.20625],"tintindex":0,"rotation":0,"texture":"#0"},"north":{"uv":[14.1875,6.875,14.45,7.20625],"tintindex":0,"rotation":0,"texture":"#0"},"west":{"uv":[14.1875,6.875,14.45,7.20625],"tintindex":0,"rotation":0,"texture":"#0"},"up":{"uv":[14.1875,6.875,14.45,7.20625],"tintindex":0,"rotation":0,"texture":"#0"},"down":{"uv":[14.1875,6.875,14.45,7.20625],"tintindex":0,"rotation":0,"texture":"#0"}}},{"from":[0.7427764,11.781685,6.846114],"to":[3.4427762,15.681686,9.946115],"faces":{"east":{"uv":[14.1875,6.875,14.35625,7.11875],"tintindex":0,"rotation":0,"texture":"#0"},"south":{"uv":[14.1875,6.875,14.35625,7.11875],"tintindex":0,"rotation":0,"texture":"#0"},"north":{"uv":[14.1875,6.875,14.35625,7.11875],"tintindex":0,"rotation":0,"texture":"#0"},"west":{"uv":[14.1875,6.875,14.35625,7.11875],"tintindex":0,"rotation":0,"texture":"#0"},"up":{"uv":[14.1875,6.875,14.35625,7.11875],"tintindex":0,"rotation":0,"texture":"#0"},"down":{"uv":[14.1875,6.875,14.35625,7.11875],"tintindex":0,"rotation":0,"texture":"#0"}},"rotation":{"origin":[3.8665528,12.700005,5.5990396],"angle":-22.5,"axis":"x"}}],"display":{"gui":{"rotation":[30,225,0]}}}