{"textures":{"0":"modelengine:entity/minotaur"},"elements":[{"from":[3.3384,-7.0855494,7.95111],"to":[12.6616,7.98645,18.63271],"faces":{"east":{"uv":[0.6875,5.8125,1.28125,6.75],"tintindex":0,"rotation":0,"texture":"#0"},"south":{"uv":[0.6875,5.8125,1.28125,6.75],"tintindex":0,"rotation":0,"texture":"#0"},"north":{"uv":[0.6875,5.8125,1.28125,6.75],"tintindex":0,"rotation":0,"texture":"#0"},"west":{"uv":[0.6875,5.8125,1.28125,6.75],"tintindex":0,"rotation":0,"texture":"#0"},"up":{"uv":[0.6875,5.8125,1.28125,6.75],"tintindex":0,"rotation":0,"texture":"#0"},"down":{"uv":[0.6875,5.8125,1.28125,6.75],"tintindex":0,"rotation":0,"texture":"#0"}}}],"display":{"gui":{"rotation":[30,225,0]}}}