{"textures":{"0":"modelengine:entity/minotaur"},"elements":[{"from":[3.0895996,5.321419,9.745506],"to":[13.3568,11.250217,18.631907],"faces":{"east":{"uv":[10.6875,5.125,11.34375,5.5],"tintindex":0,"rotation":0,"texture":"#0"},"south":{"uv":[10.6875,5.125,11.34375,5.5],"tintindex":0,"rotation":0,"texture":"#0"},"north":{"uv":[10.6875,5.125,11.34375,5.5],"tintindex":0,"rotation":0,"texture":"#0"},"west":{"uv":[10.6875,5.125,11.34375,5.5],"tintindex":0,"rotation":0,"texture":"#0"},"up":{"uv":[10.6875,5.125,11.34375,5.5],"tintindex":0,"rotation":0,"texture":"#0"},"down":{"uv":[10.6875,5.125,11.34375,5.5],"tintindex":0,"rotation":0,"texture":"#0"}},"rotation":{"origin":[8.0,4.464466,11.535534],"angle":-45.0,"axis":"x"}},{"from":[1.8991995,-7.553711,7.47196],"to":[13.6544,7.32629,17.25116],"faces":{"east":{"uv":[3.4375,0.0,4.1875,0.9375],"tintindex":0,"rotation":0,"texture":"#0"},"south":{"uv":[3.4375,0.0,4.1875,0.9375],"tintindex":0,"rotation":0,"texture":"#0"},"north":{"uv":[3.4375,0.0,4.1875,0.9375],"tintindex":0,"rotation":0,"texture":"#0"},"west":{"uv":[3.4375,0.0,4.1875,0.9375],"tintindex":0,"rotation":0,"texture":"#0"},"up":{"uv":[3.4375,0.0,4.1875,0.9375],"tintindex":0,"rotation":0,"texture":"#0"},"down":{"uv":[3.4375,0.0,4.1875,0.9375],"tintindex":0,"rotation":0,"texture":"#0"}}}],"display":{"gui":{"rotation":[30,225,0]}}}