{"textures":{"0":"modelengine:entity/minotaur"},"elements":[{"from":[4.7697835,5.775444,6.9855766],"to":[8.969784,9.3754425,11.885576],"faces":{"east":{"uv":[14.1875,6.875,14.45,7.1],"tintindex":0,"rotation":0,"texture":"#0"},"south":{"uv":[14.1875,6.875,14.45,7.1],"tintindex":0,"rotation":0,"texture":"#0"},"north":{"uv":[14.1875,6.875,14.45,7.1],"tintindex":0,"rotation":0,"texture":"#0"},"west":{"uv":[14.1875,6.875,14.45,7.1],"tintindex":0,"rotation":0,"texture":"#0"},"up":{"uv":[14.1875,6.875,14.45,7.1],"tintindex":0,"rotation":0,"texture":"#0"},"down":{"uv":[14.1875,6.875,14.45,7.1],"tintindex":0,"rotation":0,"texture":"#0"}}},{"from":[6.338658,19.863625,8.369835],"to":[8.238657,22.66362,10.469835],"faces":{"east":{"uv":[14.1875,6.875,14.30625,7.05],"tintindex":0,"rotation":0,"texture":"#0"},"south":{"uv":[14.1875,6.875,14.30625,7.05],"tintindex":0,"rotation":0,"texture":"#0"},"north":{"uv":[14.1875,6.875,14.30625,7.05],"tintindex":0,"rotation":0,"texture":"#0"},"west":{"uv":[14.1875,6.875,14.30625,7.05],"tintindex":0,"rotation":0,"texture":"#0"},"up":{"uv":[14.1875,6.875,14.30625,7.05],"tintindex":0,"rotation":0,"texture":"#0"},"down":{"uv":[14.1875,6.875,14.30625,7.05],"tintindex":0,"rotation":0,"texture":"#0"}}},{"from":[2.1397796,11.975067,7.8698354],"to":[4.8397803,15.475067,10.969835],"faces":{"east":{"uv":[14.1875,6.875,14.35625,7.09375],"tintindex":0,"rotation":0,"texture":"#0"},"south":{"uv":[14.1875,6.875,14.35625,7.09375],"tintindex":0,"rotation":0,"texture":"#0"},"north":{"uv":[14.1875,6.875,14.35625,7.09375],"tintindex":0,"rotation":0,"texture":"#0"},"west":{"uv":[14.1875,6.875,14.35625,7.09375],"tintindex":0,"rotation":0,"texture":"#0"},"up":{"uv":[14.1875,6.875,14.35625,7.09375],"tintindex":0,"rotation":0,"texture":"#0"},"down":{"uv":[14.1875,6.875,14.35625,7.09375],"tintindex":0,"rotation":0,"texture":"#0"}},"rotation":{"origin":[5.784332,13.297386,9.458956],"angle":-22.5,"axis":"z"}},{"from":[1.8113837,13.698006,8.069836],"to":[4.111384,17.198006,10.769835],"faces":{"east":{"uv":[14.1875,6.875,14.33125,7.09375],"tintindex":0,"rotation":0,"texture":"#0"},"south":{"uv":[14.1875,6.875,14.33125,7.09375],"tintindex":0,"rotation":0,"texture":"#0"},"north":{"uv":[14.1875,6.875,14.33125,7.09375],"tintindex":0,"rotation":0,"texture":"#0"},"west":{"uv":[14.1875,6.875,14.33125,7.09375],"tintindex":0,"rotation":0,"texture":"#0"},"up":{"uv":[14.1875,6.875,14.33125,7.09375],"tintindex":0,"rotation":0,"texture":"#0"},"down":{"uv":[14.1875,6.875,14.33125,7.09375],"tintindex":0,"rotation":0,"texture":"#0"}},"rotation":{"origin":[5.784332,13.297386,9.458956],"angle":-45.0,"axis":"z"}},{"from":[1.8396325,8.745293,7.4855766],"to":[4.739632,13.545288,11.185576],"faces":{"east":{"uv":[14.1875,6.875,14.36875,7.175],"tintindex":0,"rotation":0,"texture":"#0"},"south":{"uv":[14.1875,6.875,14.36875,7.175],"tintindex":0,"rotation":0,"texture":"#0"},"north":{"uv":[14.1875,6.875,14.36875,7.175],"tintindex":0,"rotation":0,"texture":"#0"},"west":{"uv":[14.1875,6.875,14.36875,7.175],"tintindex":0,"rotation":0,"texture":"#0"},"up":{"uv":[14.1875,6.875,14.36875,7.175],"tintindex":0,"rotation":0,"texture":"#0"},"down":{"uv":[14.1875,6.875,14.36875,7.175],"tintindex":0,"rotation":0,"texture":"#0"}}},{"from":[7.269784,5.3754425,6.4855766],"to":[9.469784,9.775444,13.285577],"faces":{"east":{"uv":[14.1875,6.875,14.325,7.15],"tintindex":0,"rotation":0,"texture":"#0"},"south":{"uv":[14.1875,6.875,14.325,7.15],"tintindex":0,"rotation":0,"texture":"#0"},"north":{"uv":[14.1875,6.875,14.325,7.15],"tintindex":0,"rotation":0,"texture":"#0"},"west":{"uv":[14.1875,6.875,14.325,7.15],"tintindex":0,"rotation":0,"texture":"#0"},"up":{"uv":[14.1875,6.875,14.325,7.15],"tintindex":0,"rotation":0,"texture":"#0"},"down":{"uv":[14.1875,6.875,14.325,7.15],"tintindex":0,"rotation":0,"texture":"#0"}}},{"from":[3.5314307,17.541298,8.2698345],"to":[5.631431,20.341293,10.569835],"faces":{"east":{"uv":[14.1875,6.875,14.31875,7.05],"tintindex":0,"rotation":0,"texture":"#0"},"south":{"uv":[14.1875,6.875,14.31875,7.05],"tintindex":0,"rotation":0,"texture":"#0"},"north":{"uv":[14.1875,6.875,14.31875,7.05],"tintindex":0,"rotation":0,"texture":"#0"},"west":{"uv":[14.1875,6.875,14.31875,7.05],"tintindex":0,"rotation":0,"texture":"#0"},"up":{"uv":[14.1875,6.875,14.31875,7.05],"tintindex":0,"rotation":0,"texture":"#0"},"down":{"uv":[14.1875,6.875,14.31875,7.05],"tintindex":0,"rotation":0,"texture":"#0"}},"rotation":{"origin":[5.784332,13.297386,9.458956],"angle":-22.5,"axis":"z"}},{"from":[6.1857543,7.261177,7.185577],"to":[10.385754,10.661179,11.485577],"faces":{"east":{"uv":[14.1875,6.875,14.45,7.0875],"tintindex":0,"rotation":0,"texture":"#0"},"south":{"uv":[14.1875,6.875,14.45,7.0875],"tintindex":0,"rotation":0,"texture":"#0"},"north":{"uv":[14.1875,6.875,14.45,7.0875],"tintindex":0,"rotation":0,"texture":"#0"},"west":{"uv":[14.1875,6.875,14.45,7.0875],"tintindex":0,"rotation":0,"texture":"#0"},"up":{"uv":[14.1875,6.875,14.45,7.0875],"tintindex":0,"rotation":0,"texture":"#0"},"down":{"uv":[14.1875,6.875,14.45,7.0875],"tintindex":0,"rotation":0,"texture":"#0"}},"rotation":{"origin":[5.784332,13.297386,9.458956],"angle":-45.0,"axis":"z"}}],"display":{"gui":{"rotation":[30,225,0]}}}