{"textures":{"0":"modelengine:entity/minotaur"},"elements":[{"from":[4.8837795,6.177948,5.219733],"to":[9.08378,9.777954,10.119734],"faces":{"east":{"uv":[14.1875,6.875,14.45,7.18125],"tintindex":0,"rotation":0,"texture":"#0"},"south":{"uv":[14.1875,6.875,14.45,7.18125],"tintindex":0,"rotation":0,"texture":"#0"},"north":{"uv":[14.1875,6.875,14.45,7.18125],"tintindex":0,"rotation":0,"texture":"#0"},"west":{"uv":[14.1875,6.875,14.45,7.18125],"tintindex":0,"rotation":0,"texture":"#0"},"up":{"uv":[14.1875,6.875,14.45,7.18125],"tintindex":0,"rotation":0,"texture":"#0"},"down":{"uv":[14.1875,6.875,14.45,7.18125],"tintindex":0,"rotation":0,"texture":"#0"}}},{"from":[3.6454268,17.943802,6.503992],"to":[5.745427,20.743805,8.803992],"faces":{"east":{"uv":[14.1875,6.875,14.31875,7.01875],"tintindex":0,"rotation":0,"texture":"#0"},"south":{"uv":[14.1875,6.875,14.31875,7.01875],"tintindex":0,"rotation":0,"texture":"#0"},"north":{"uv":[14.1875,6.875,14.31875,7.01875],"tintindex":0,"rotation":0,"texture":"#0"},"west":{"uv":[14.1875,6.875,14.31875,7.01875],"tintindex":0,"rotation":0,"texture":"#0"},"up":{"uv":[14.1875,6.875,14.31875,7.01875],"tintindex":0,"rotation":0,"texture":"#0"},"down":{"uv":[14.1875,6.875,14.31875,7.01875],"tintindex":0,"rotation":0,"texture":"#0"}},"rotation":{"origin":[5.898328,13.69989,7.693113],"angle":-22.5,"axis":"z"}},{"from":[2.253776,12.377571,6.103992],"to":[4.953776,15.877571,9.203992],"faces":{"east":{"uv":[14.1875,6.875,14.35625,7.06875],"tintindex":0,"rotation":0,"texture":"#0"},"south":{"uv":[14.1875,6.875,14.35625,7.06875],"tintindex":0,"rotation":0,"texture":"#0"},"north":{"uv":[14.1875,6.875,14.35625,7.06875],"tintindex":0,"rotation":0,"texture":"#0"},"west":{"uv":[14.1875,6.875,14.35625,7.06875],"tintindex":0,"rotation":0,"texture":"#0"},"up":{"uv":[14.1875,6.875,14.35625,7.06875],"tintindex":0,"rotation":0,"texture":"#0"},"down":{"uv":[14.1875,6.875,14.35625,7.06875],"tintindex":0,"rotation":0,"texture":"#0"}},"rotation":{"origin":[5.898328,13.69989,7.693113],"angle":-22.5,"axis":"z"}},{"from":[1.9253798,14.10051,6.3039923],"to":[4.22538,17.60051,9.003992],"faces":{"east":{"uv":[14.1875,6.875,14.33125,7.04375],"tintindex":0,"rotation":0,"texture":"#0"},"south":{"uv":[14.1875,6.875,14.33125,7.04375],"tintindex":0,"rotation":0,"texture":"#0"},"north":{"uv":[14.1875,6.875,14.33125,7.04375],"tintindex":0,"rotation":0,"texture":"#0"},"west":{"uv":[14.1875,6.875,14.33125,7.04375],"tintindex":0,"rotation":0,"texture":"#0"},"up":{"uv":[14.1875,6.875,14.33125,7.04375],"tintindex":0,"rotation":0,"texture":"#0"},"down":{"uv":[14.1875,6.875,14.33125,7.04375],"tintindex":0,"rotation":0,"texture":"#0"}},"rotation":{"origin":[5.898328,13.69989,7.693113],"angle":-45.0,"axis":"z"}},{"from":[6.4526534,20.266129,6.603992],"to":[8.3526535,23.066132,8.703992],"faces":{"east":{"uv":[14.1875,6.875,14.30625,7.00625],"tintindex":0,"rotation":0,"texture":"#0"},"south":{"uv":[14.1875,6.875,14.30625,7.00625],"tintindex":0,"rotation":0,"texture":"#0"},"north":{"uv":[14.1875,6.875,14.30625,7.00625],"tintindex":0,"rotation":0,"texture":"#0"},"west":{"uv":[14.1875,6.875,14.30625,7.00625],"tintindex":0,"rotation":0,"texture":"#0"},"up":{"uv":[14.1875,6.875,14.30625,7.00625],"tintindex":0,"rotation":0,"texture":"#0"},"down":{"uv":[14.1875,6.875,14.30625,7.00625],"tintindex":0,"rotation":0,"texture":"#0"}}},{"from":[7.38378,5.777954,4.719733],"to":[9.583779,10.177948,11.519733],"faces":{"east":{"uv":[14.1875,6.875,14.325,7.3],"tintindex":0,"rotation":0,"texture":"#0"},"south":{"uv":[14.1875,6.875,14.325,7.3],"tintindex":0,"rotation":0,"texture":"#0"},"north":{"uv":[14.1875,6.875,14.325,7.3],"tintindex":0,"rotation":0,"texture":"#0"},"west":{"uv":[14.1875,6.875,14.325,7.3],"tintindex":0,"rotation":0,"texture":"#0"},"up":{"uv":[14.1875,6.875,14.325,7.3],"tintindex":0,"rotation":0,"texture":"#0"},"down":{"uv":[14.1875,6.875,14.325,7.3],"tintindex":0,"rotation":0,"texture":"#0"}}},{"from":[1.9536285,9.147797,5.7197337],"to":[4.853628,13.9478,9.419733],"faces":{"east":{"uv":[14.1875,6.875,14.36875,7.10625],"tintindex":0,"rotation":0,"texture":"#0"},"south":{"uv":[14.1875,6.875,14.36875,7.10625],"tintindex":0,"rotation":0,"texture":"#0"},"north":{"uv":[14.1875,6.875,14.36875,7.10625],"tintindex":0,"rotation":0,"texture":"#0"},"west":{"uv":[14.1875,6.875,14.36875,7.10625],"tintindex":0,"rotation":0,"texture":"#0"},"up":{"uv":[14.1875,6.875,14.36875,7.10625],"tintindex":0,"rotation":0,"texture":"#0"},"down":{"uv":[14.1875,6.875,14.36875,7.10625],"tintindex":0,"rotation":0,"texture":"#0"}}},{"from":[6.2997503,7.663681,5.4197335],"to":[10.49975,11.063683,9.719734],"faces":{"east":{"uv":[14.1875,6.875,14.45,7.14375],"tintindex":0,"rotation":0,"texture":"#0"},"south":{"uv":[14.1875,6.875,14.45,7.14375],"tintindex":0,"rotation":0,"texture":"#0"},"north":{"uv":[14.1875,6.875,14.45,7.14375],"tintindex":0,"rotation":0,"texture":"#0"},"west":{"uv":[14.1875,6.875,14.45,7.14375],"tintindex":0,"rotation":0,"texture":"#0"},"up":{"uv":[14.1875,6.875,14.45,7.14375],"tintindex":0,"rotation":0,"texture":"#0"},"down":{"uv":[14.1875,6.875,14.45,7.14375],"tintindex":0,"rotation":0,"texture":"#0"}},"rotation":{"origin":[5.898328,13.69989,7.693113],"angle":-45.0,"axis":"z"}}],"display":{"gui":{"rotation":[30,225,0]}}}