{"textures":{"0":"modelengine:entity/minotaur"},"elements":[{"from":[15.29471,7.0218277,9.516228],"to":[19.494709,10.621826,14.016228],"faces":{"east":{"uv":[14.1875,6.875,14.45,7.1],"tintindex":0,"rotation":0,"texture":"#0"},"south":{"uv":[14.1875,6.875,14.45,7.1],"tintindex":0,"rotation":0,"texture":"#0"},"north":{"uv":[14.1875,6.875,14.45,7.1],"tintindex":0,"rotation":0,"texture":"#0"},"west":{"uv":[14.1875,6.875,14.45,7.1],"tintindex":0,"rotation":0,"texture":"#0"},"up":{"uv":[14.1875,6.875,14.45,7.1],"tintindex":0,"rotation":0,"texture":"#0"},"down":{"uv":[14.1875,6.875,14.45,7.1],"tintindex":0,"rotation":0,"texture":"#0"}}},{"from":[19.564558,9.991676,9.816228],"to":[22.464558,14.791672,13.516228],"faces":{"east":{"uv":[14.1875,6.875,14.36875,7.175],"tintindex":0,"rotation":0,"texture":"#0"},"south":{"uv":[14.1875,6.875,14.36875,7.175],"tintindex":0,"rotation":0,"texture":"#0"},"north":{"uv":[14.1875,6.875,14.36875,7.175],"tintindex":0,"rotation":0,"texture":"#0"},"west":{"uv":[14.1875,6.875,14.36875,7.175],"tintindex":0,"rotation":0,"texture":"#0"},"up":{"uv":[14.1875,6.875,14.36875,7.175],"tintindex":0,"rotation":0,"texture":"#0"},"down":{"uv":[14.1875,6.875,14.36875,7.175],"tintindex":0,"rotation":0,"texture":"#0"}}},{"from":[19.964558,18.648575,4.273115],"to":[22.064558,20.748573,8.773115],"faces":{"east":{"uv":[14.1875,6.875,14.31875,7.00625],"tintindex":0,"rotation":0,"texture":"#0"},"south":{"uv":[14.1875,6.875,14.31875,7.00625],"tintindex":0,"rotation":0,"texture":"#0"},"north":{"uv":[14.1875,6.875,14.31875,7.00625],"tintindex":0,"rotation":0,"texture":"#0"},"west":{"uv":[14.1875,6.875,14.31875,7.00625],"tintindex":0,"rotation":0,"texture":"#0"},"up":{"uv":[14.1875,6.875,14.31875,7.00625],"tintindex":0,"rotation":0,"texture":"#0"},"down":{"uv":[14.1875,6.875,14.31875,7.00625],"tintindex":0,"rotation":0,"texture":"#0"}}},{"from":[20.064558,20.057602,6.0302973],"to":[21.964558,21.757607,10.530297],"faces":{"east":{"uv":[14.1875,6.875,14.30625,6.98125],"tintindex":0,"rotation":0,"texture":"#0"},"south":{"uv":[14.1875,6.875,14.30625,6.98125],"tintindex":0,"rotation":0,"texture":"#0"},"north":{"uv":[14.1875,6.875,14.30625,6.98125],"tintindex":0,"rotation":0,"texture":"#0"},"west":{"uv":[14.1875,6.875,14.30625,6.98125],"tintindex":0,"rotation":0,"texture":"#0"},"up":{"uv":[14.1875,6.875,14.30625,6.98125],"tintindex":0,"rotation":0,"texture":"#0"},"down":{"uv":[14.1875,6.875,14.30625,6.98125],"tintindex":0,"rotation":0,"texture":"#0"}},"rotation":{"origin":[19.224903,13.800003,8.861135],"angle":-45.0,"axis":"x"}},{"from":[12.39471,6.2218246,9.116228],"to":[16.594711,11.521828,14.416228],"faces":{"east":{"uv":[14.1875,6.875,14.45,7.20625],"tintindex":0,"rotation":0,"texture":"#0"},"south":{"uv":[14.1875,6.875,14.45,7.20625],"tintindex":0,"rotation":0,"texture":"#0"},"north":{"uv":[14.1875,6.875,14.45,7.20625],"tintindex":0,"rotation":0,"texture":"#0"},"west":{"uv":[14.1875,6.875,14.45,7.20625],"tintindex":0,"rotation":0,"texture":"#0"},"up":{"uv":[14.1875,6.875,14.45,7.20625],"tintindex":0,"rotation":0,"texture":"#0"},"down":{"uv":[14.1875,6.875,14.45,7.20625],"tintindex":0,"rotation":0,"texture":"#0"}}},{"from":[19.664558,12.843414,10.200597],"to":[22.36456,16.743416,13.300596],"faces":{"east":{"uv":[14.1875,6.875,14.35625,7.11875],"tintindex":0,"rotation":0,"texture":"#0"},"south":{"uv":[14.1875,6.875,14.35625,7.11875],"tintindex":0,"rotation":0,"texture":"#0"},"north":{"uv":[14.1875,6.875,14.35625,7.11875],"tintindex":0,"rotation":0,"texture":"#0"},"west":{"uv":[14.1875,6.875,14.35625,7.11875],"tintindex":0,"rotation":0,"texture":"#0"},"up":{"uv":[14.1875,6.875,14.35625,7.11875],"tintindex":0,"rotation":0,"texture":"#0"},"down":{"uv":[14.1875,6.875,14.35625,7.11875],"tintindex":0,"rotation":0,"texture":"#0"}},"rotation":{"origin":[19.224903,13.800003,8.861135],"angle":-22.5,"axis":"x"}},{"from":[11.89471,6.5218277,9.316228],"to":[17.094711,11.121826,13.216228],"faces":{"east":{"uv":[14.1875,6.875,14.5125,7.1625],"tintindex":0,"rotation":0,"texture":"#0"},"south":{"uv":[14.1875,6.875,14.5125,7.1625],"tintindex":0,"rotation":0,"texture":"#0"},"north":{"uv":[14.1875,6.875,14.5125,7.1625],"tintindex":0,"rotation":0,"texture":"#0"},"west":{"uv":[14.1875,6.875,14.5125,7.1625],"tintindex":0,"rotation":0,"texture":"#0"},"up":{"uv":[14.1875,6.875,14.5125,7.1625],"tintindex":0,"rotation":0,"texture":"#0"},"down":{"uv":[14.1875,6.875,14.5125,7.1625],"tintindex":0,"rotation":0,"texture":"#0"}}},{"from":[20.164558,16.223091,-2.065363],"to":[21.86456,17.923088,2.434637],"faces":{"east":{"uv":[14.1875,6.875,14.29375,6.98125],"tintindex":0,"rotation":0,"texture":"#0"},"south":{"uv":[14.1875,6.875,14.29375,6.98125],"tintindex":0,"rotation":0,"texture":"#0"},"north":{"uv":[14.1875,6.875,14.29375,6.98125],"tintindex":0,"rotation":0,"texture":"#0"},"west":{"uv":[14.1875,6.875,14.29375,6.98125],"tintindex":0,"rotation":0,"texture":"#0"},"up":{"uv":[14.1875,6.875,14.29375,6.98125],"tintindex":0,"rotation":0,"texture":"#0"},"down":{"uv":[14.1875,6.875,14.29375,6.98125],"tintindex":0,"rotation":0,"texture":"#0"}}},{"from":[14.622791,8.81633,9.616228],"to":[18.822792,12.216324,13.716228],"faces":{"east":{"uv":[14.1875,6.875,14.45,7.0875],"tintindex":0,"rotation":0,"texture":"#0"},"south":{"uv":[14.1875,6.875,14.45,7.0875],"tintindex":0,"rotation":0,"texture":"#0"},"north":{"uv":[14.1875,6.875,14.45,7.0875],"tintindex":0,"rotation":0,"texture":"#0"},"west":{"uv":[14.1875,6.875,14.45,7.0875],"tintindex":0,"rotation":0,"texture":"#0"},"up":{"uv":[14.1875,6.875,14.45,7.0875],"tintindex":0,"rotation":0,"texture":"#0"},"down":{"uv":[14.1875,6.875,14.45,7.0875],"tintindex":0,"rotation":0,"texture":"#0"}},"rotation":{"origin":[19.224903,13.800003,8.861135],"angle":45.0,"axis":"z"}},{"from":[19.86456,14.746338,10.882988],"to":[22.164558,18.846336,13.782989],"faces":{"east":{"uv":[14.1875,6.875,14.33125,7.13125],"tintindex":0,"rotation":0,"texture":"#0"},"south":{"uv":[14.1875,6.875,14.33125,7.13125],"tintindex":0,"rotation":0,"texture":"#0"},"north":{"uv":[14.1875,6.875,14.33125,7.13125],"tintindex":0,"rotation":0,"texture":"#0"},"west":{"uv":[14.1875,6.875,14.33125,7.13125],"tintindex":0,"rotation":0,"texture":"#0"},"up":{"uv":[14.1875,6.875,14.33125,7.13125],"tintindex":0,"rotation":0,"texture":"#0"},"down":{"uv":[14.1875,6.875,14.33125,7.13125],"tintindex":0,"rotation":0,"texture":"#0"}},"rotation":{"origin":[19.224903,13.800003,8.861135],"angle":-45.0,"axis":"x"}}],"display":{"gui":{"rotation":[30,225,0]}}}