{"textures":{"0":"modelengine:entity/minotaur"},"elements":[{"from":[2.4103994,5.998825,6.1248865],"to":[12.6776,11.927624,15.011286],"faces":{"east":{"uv":[10.6875,5.125,11.34375,5.5],"tintindex":0,"rotation":0,"texture":"#0"},"south":{"uv":[10.6875,5.125,11.34375,5.5],"tintindex":0,"rotation":0,"texture":"#0"},"north":{"uv":[10.6875,5.125,11.34375,5.5],"tintindex":0,"rotation":0,"texture":"#0"},"west":{"uv":[10.6875,5.125,11.34375,5.5],"tintindex":0,"rotation":0,"texture":"#0"},"up":{"uv":[10.6875,5.125,11.34375,5.5],"tintindex":0,"rotation":0,"texture":"#0"},"down":{"uv":[10.6875,5.125,11.34375,5.5],"tintindex":0,"rotation":0,"texture":"#0"}},"rotation":{"origin":[7.5439997,8.963226,10.568087],"angle":-45.0,"axis":"x"}}],"display":{"gui":{"rotation":[30,225,0]}}}