{"textures":{"0":"modelengine:entity/minotaur"},"elements":[{"from":[0.020618439,4.046131,1.4119997],"to":[4.9126186,15.350128,14.738001],"faces":{"east":{"uv":[2.125,10.9375,2.5,11.65625],"tintindex":0,"rotation":0,"texture":"#0"},"south":{"uv":[2.125,10.9375,2.5,11.65625],"tintindex":0,"rotation":0,"texture":"#0"},"north":{"uv":[2.125,10.9375,2.5,11.65625],"tintindex":0,"rotation":0,"texture":"#0"},"west":{"uv":[2.125,10.9375,2.5,11.65625],"tintindex":0,"rotation":0,"texture":"#0"},"up":{"uv":[2.125,10.9375,2.5,11.65625],"tintindex":0,"rotation":0,"texture":"#0"},"down":{"uv":[2.125,10.9375,2.5,11.65625],"tintindex":0,"rotation":0,"texture":"#0"}},"rotation":{"origin":[8.0,8.0,8.0],"angle":-22.5,"axis":"z"}},{"from":[7.996504,4.5368614,2.012],"to":[12.788504,13.440857,14.1380005],"faces":{"east":{"uv":[7.8125,0.625,8.5625,1.1875],"tintindex":0,"rotation":0,"texture":"#0"},"south":{"uv":[2.5,7.1875,2.8125,7.75],"tintindex":0,"rotation":180,"texture":"#0"},"north":{"uv":[2.5,7.1875,2.8125,7.75],"tintindex":0,"rotation":0,"texture":"#0"},"west":{"uv":[7.875,0.0,8.625,0.5625],"tintindex":0,"rotation":0,"texture":"#0"},"up":{"uv":[1.75,11.625,1.4375,10.875],"tintindex":0,"rotation":0,"texture":"#0"},"down":{"uv":[6.375,10.875,6.0625,11.625],"tintindex":0,"rotation":0,"texture":"#0"}},"rotation":{"origin":[8.0,8.0,8.0],"angle":45.0,"axis":"z"}},{"from":[3.1965036,-1.1631393,1.7119999],"to":[8.088505,13.440857,14.438],"faces":{"east":{"uv":[7.875,9.625,8.1875,10.53125],"tintindex":0,"rotation":0,"texture":"#0"},"south":{"uv":[7.875,9.625,8.1875,10.53125],"tintindex":0,"rotation":0,"texture":"#0"},"north":{"uv":[7.875,9.625,8.1875,10.53125],"tintindex":0,"rotation":0,"texture":"#0"},"west":{"uv":[0.0,3.4375,0.78125,4.34375],"tintindex":0,"rotation":0,"texture":"#0"},"up":{"uv":[11.0,8.46875,10.6875,7.6875],"tintindex":0,"rotation":0,"texture":"#0"},"down":{"uv":[7.875,9.71875,8.18075,10.514125],"tintindex":0,"rotation":0,"texture":"#0"}},"rotation":{"origin":[8.0,8.0,8.0],"angle":45.0,"axis":"z"}},{"from":[7.899784,0.37703323,1.8120003],"to":[12.791784,6.9810295,13.738001],"faces":{"east":{"uv":[9.4375,6.3125,10.1875,6.71875],"tintindex":0,"rotation":0,"texture":"#0"},"south":{"uv":[1.0625,11.6875,1.375,12.09375],"tintindex":0,"rotation":180,"texture":"#0"},"north":{"uv":[1.0625,11.6875,1.375,12.09375],"tintindex":0,"rotation":0,"texture":"#0"},"west":{"uv":[9.4375,7.875,10.1875,8.28125],"tintindex":0,"rotation":0,"texture":"#0"},"up":{"uv":[8.8125,11.625,8.5,10.875],"tintindex":0,"rotation":0,"texture":"#0"},"down":{"uv":[9.4375,6.3125,10.182875,6.61825],"tintindex":0,"rotation":90,"texture":"#0"}},"rotation":{"origin":[8.0,8.0,8.0],"angle":22.5,"axis":"z"}}],"display":{"gui":{"rotation":[30,225,0]}}}