{"textures":{"0":"modelengine:entity/minotaur"},"elements":[{"from":[4.9540005,-1.343998,-1.8400002],"to":[10.882,9.026001,8.768001],"faces":{"east":{"uv":[7.4375,5.375,8.09375,6.03125],"tintindex":0,"rotation":0,"texture":"#0"},"south":{"uv":[3.9375,10.4375,4.3125,11.09375],"tintindex":0,"rotation":0,"texture":"#0"},"north":{"uv":[3.5,10.4375,3.875,11.09375],"tintindex":0,"rotation":0,"texture":"#0"},"west":{"uv":[7.4375,6.125,8.09375,6.78125],"tintindex":0,"rotation":0,"texture":"#0"},"up":{"uv":[5.5625,11.09375,5.1875,10.4375],"tintindex":0,"rotation":0,"texture":"#0"},"down":{"uv":[6.0,10.4375,5.625,11.09375],"tintindex":0,"rotation":0,"texture":"#0"}}},{"from":[3.9280005,-7.9559994,-0.88199997],"to":[11.110001,-0.4319992,7.8100004],"faces":{"east":{"uv":[11.1875,9.6875,11.625,10.15625],"tintindex":0,"rotation":0,"texture":"#0"},"south":{"uv":[13.75,9.71875,14.1875,10.1875],"tintindex":0,"rotation":0,"texture":"#0"},"north":{"uv":[13.15625,9.71875,13.59375,10.1875],"tintindex":0,"rotation":0,"texture":"#0"},"west":{"uv":[10.0625,9.8125,10.59375,10.28125],"tintindex":0,"rotation":0,"texture":"#0"},"up":{"uv":[11.125,9.09375,10.6875,8.5625],"tintindex":0,"rotation":0,"texture":"#0"},"down":{"uv":[10.0625,9.8125,10.59375,10.28125],"tintindex":0,"rotation":0,"texture":"#0"}}},{"from":[3.5860004,0.526001,-2.5240002],"to":[12.275999,7.1380005,9.338],"faces":{"east":{"uv":[2.125,10.9375,2.491375,11.480625],"tintindex":0,"rotation":90,"texture":"#0"},"south":{"uv":[2.125,10.9375,2.491375,11.480625],"tintindex":0,"rotation":90,"texture":"#0"},"north":{"uv":[2.125,10.9375,2.491375,11.480625],"tintindex":0,"rotation":90,"texture":"#0"},"west":{"uv":[2.125,10.9375,2.491375,11.480625],"tintindex":0,"rotation":90,"texture":"#0"},"up":{"uv":[2.125,10.9375,2.491375,11.480625],"tintindex":0,"rotation":90,"texture":"#0"},"down":{"uv":[2.125,10.9375,2.491375,11.480625],"tintindex":0,"rotation":90,"texture":"#0"}}}],"display":{"gui":{"rotation":[30,225,0]}}}