{"textures":{"0":"modelengine:entity/minotaur"},"elements":[{"from":[3.6959991,0.22600174,-1.4240007],"to":[12.386,6.8380013,10.438],"faces":{"east":{"uv":[2.125,10.9375,2.491375,11.480625],"tintindex":0,"rotation":90,"texture":"#0"},"south":{"uv":[2.125,10.9375,2.491375,11.480625],"tintindex":0,"rotation":90,"texture":"#0"},"north":{"uv":[2.125,10.9375,2.491375,11.480625],"tintindex":0,"rotation":90,"texture":"#0"},"west":{"uv":[2.125,10.9375,2.491375,11.480625],"tintindex":0,"rotation":90,"texture":"#0"},"up":{"uv":[2.125,10.9375,2.491375,11.480625],"tintindex":0,"rotation":90,"texture":"#0"},"down":{"uv":[2.125,10.9375,2.491375,11.480625],"tintindex":0,"rotation":90,"texture":"#0"}}},{"from":[4.406,-8.255999,-0.010000229],"to":[11.587999,-0.73199844,9.138],"faces":{"east":{"uv":[10.0625,9.8125,10.59375,10.28125],"tintindex":0,"rotation":0,"texture":"#0"},"south":{"uv":[13.15625,9.71875,13.59375,10.1875],"tintindex":0,"rotation":0,"texture":"#0"},"north":{"uv":[13.75,9.71875,14.1875,10.1875],"tintindex":0,"rotation":0,"texture":"#0"},"west":{"uv":[11.1875,9.6875,11.625,10.15625],"tintindex":0,"rotation":0,"texture":"#0"},"up":{"uv":[10.5,10.9375,10.0625,10.375],"tintindex":0,"rotation":0,"texture":"#0"},"down":{"uv":[10.0625,9.8125,10.59375,10.28125],"tintindex":0,"rotation":0,"texture":"#0"}}},{"from":[4.633999,-1.6439972,-0.7400007],"to":[10.561999,8.726002,9.868],"faces":{"east":{"uv":[3.5,10.4375,3.875,11.09375],"tintindex":0,"rotation":0,"texture":"#0"},"south":{"uv":[3.5,10.4375,3.875,11.09375],"tintindex":0,"rotation":0,"texture":"#0"},"north":{"uv":[3.5,10.4375,3.875,11.09375],"tintindex":0,"rotation":0,"texture":"#0"},"west":{"uv":[3.5,10.4375,3.875,11.09375],"tintindex":0,"rotation":0,"texture":"#0"},"up":{"uv":[3.5,10.4375,3.875,11.09375],"tintindex":0,"rotation":0,"texture":"#0"},"down":{"uv":[3.5,10.4375,3.875,11.09375],"tintindex":0,"rotation":0,"texture":"#0"}}}],"display":{"gui":{"rotation":[30,225,0]}}}