{"textures":{"0":"modelengine:entity/minotaur"},"elements":[{"from":[5.05,7.049999,5.25],"to":[10.95,8.949997,6.75],"faces":{"east":{"uv":[8.875,12.625,8.96875,12.90625],"tintindex":0,"rotation":0,"texture":"#0"},"south":{"uv":[7.3125,11.75,7.6875,12.03125],"tintindex":0,"rotation":0,"texture":"#0"},"north":{"uv":[7.0625,13.125,7.43125,13.24375],"tintindex":0,"rotation":0,"texture":"#0"},"west":{"uv":[10.6875,12.625,10.78125,12.90625],"tintindex":0,"rotation":0,"texture":"#0"},"up":{"uv":[8.3125,12.59375,7.9375,12.5],"tintindex":0,"rotation":0,"texture":"#0"},"down":{"uv":[12.875,8.25,12.5,8.34375],"tintindex":0,"rotation":0,"texture":"#0"}},"rotation":{"origin":[8.0,8.0,6.0],"angle":-22.5,"axis":"x"}}],"display":{"gui":{"rotation":[30,225,0]}}}