{"textures":{"0":"modelengine:entity/minotaur"},"elements":[{"from":[8.539814,19.249794,0.071050644],"to":[8.539814,28.98313,5.989132],"faces":{"east":{"uv":[12.75,13.21875,13.75625,13.6875],"tintindex":0,"rotation":270,"texture":"#0"},"south":{"uv":[0.171875,0.46875,0.1875,0.5],"tintindex":0,"rotation":0,"texture":"#0"},"north":{"uv":[0.1875,0.375,0.171875,0.40625],"tintindex":0,"rotation":0,"texture":"#0"},"west":{"uv":[13.75,13.21875,14.74375,13.6875],"tintindex":0,"rotation":90,"texture":"#0"},"up":{"uv":[13.75,13.21875,14.75,13.6875],"tintindex":0,"rotation":180,"texture":"#0"},"down":{"uv":[12.75,13.21875,13.75,13.6875],"tintindex":0,"rotation":0,"texture":"#0"}}},{"from":[7.745147,-5.7049675,6.9722795],"to":[9.344667,-2.4916344,8.975695],"faces":{"east":{"uv":[14.09375,11.9375,14.69366,12.31314],"tintindex":0,"rotation":180,"texture":"#0"},"south":{"uv":[14.09375,11.9375,14.69366,12.31314],"tintindex":0,"rotation":180,"texture":"#0"},"north":{"uv":[14.09375,11.9375,14.69366,12.31314],"tintindex":0,"rotation":180,"texture":"#0"},"west":{"uv":[14.09375,11.9375,14.69366,12.31314],"tintindex":0,"rotation":180,"texture":"#0"},"up":{"uv":[14.09375,11.9375,14.69366,12.31314],"tintindex":0,"rotation":180,"texture":"#0"},"down":{"uv":[14.09375,11.9375,14.69366,12.31314],"tintindex":0,"rotation":180,"texture":"#0"}}},{"from":[7.9904804,-3.3041143,7.409028],"to":[9.0460005,22.429218,8.475695],"faces":{"east":{"uv":[7.375,13.3125,10.69791,13.5125],"tintindex":0,"rotation":0,"texture":"#0"},"south":{"uv":[10.9375,14.65625,14.26041,14.85625],"tintindex":0,"rotation":0,"texture":"#0"},"north":{"uv":[10.9375,14.65625,14.26041,14.85625],"tintindex":0,"rotation":0,"texture":"#0"},"west":{"uv":[7.375,13.3125,10.69791,13.5125],"tintindex":0,"rotation":0,"texture":"#0"},"up":{"uv":[10.9375,14.65625,14.26041,14.85625],"tintindex":0,"rotation":0,"texture":"#0"},"down":{"uv":[7.375,13.3125,10.69791,13.5125],"tintindex":0,"rotation":0,"texture":"#0"}}},{"from":[8.167814,23.065792,5.9716353],"to":[8.911334,25.167126,9.756384],"faces":{"east":{"uv":[14.15625,13.34375,14.514703,13.483813],"tintindex":0,"rotation":180,"texture":"#0"},"south":{"uv":[14.15625,13.34375,14.514703,13.483813],"tintindex":0,"rotation":180,"texture":"#0"},"north":{"uv":[14.15625,13.34375,14.514703,13.483813],"tintindex":0,"rotation":180,"texture":"#0"},"west":{"uv":[14.15625,13.34375,14.514703,13.483813],"tintindex":0,"rotation":180,"texture":"#0"},"up":{"uv":[14.15625,13.34375,14.514703,13.483813],"tintindex":0,"rotation":180,"texture":"#0"},"down":{"uv":[14.15625,13.34375,14.514703,13.483813],"tintindex":0,"rotation":180,"texture":"#0"}}},{"from":[8.50648,19.249794,9.756384],"to":[8.50648,28.98313,15.674466],"faces":{"east":{"uv":[12.75,13.21875,13.75625,13.6875],"tintindex":0,"rotation":90,"texture":"#0"},"south":{"uv":[0.171875,0.46875,0.1875,0.5],"tintindex":0,"rotation":0,"texture":"#0"},"north":{"uv":[0.1875,0.375,0.171875,0.40625],"tintindex":0,"rotation":0,"texture":"#0"},"west":{"uv":[13.75,13.21875,14.74375,13.6875],"tintindex":0,"rotation":270,"texture":"#0"},"up":{"uv":[12.75,13.21875,13.75,13.6875],"tintindex":0,"rotation":0,"texture":"#0"},"down":{"uv":[13.75,13.21875,14.75,13.6875],"tintindex":0,"rotation":180,"texture":"#0"}}},{"from":[7.873147,22.409794,6.462302],"to":[9.206001,25.823128,9.265717],"faces":{"east":{"uv":[14.0625,11.875,14.71866,12.41314],"tintindex":0,"rotation":180,"texture":"#0"},"south":{"uv":[14.15625,13.34375,14.46875,13.59375],"tintindex":0,"rotation":180,"texture":"#0"},"north":{"uv":[14.15625,13.34375,14.46875,13.59375],"tintindex":0,"rotation":180,"texture":"#0"},"west":{"uv":[14.15625,13.34375,14.46875,13.59375],"tintindex":0,"rotation":180,"texture":"#0"},"up":{"uv":[14.0625,11.875,14.71866,12.41314],"tintindex":0,"rotation":180,"texture":"#0"},"down":{"uv":[14.15625,13.34375,14.46875,13.59375],"tintindex":0,"rotation":180,"texture":"#0"}}}],"display":{"gui":{"rotation":[30,225,0]}}}