{"textures":{"0":"modelengine:entity/minotaur"},"elements":[{"from":[7.6112,7.355522,4.7599998],"to":[8.3888,8.644478,5.2784],"faces":{"east":{"uv":[4.75,7.8125,4.84375,7.84375],"tintindex":0,"rotation":0,"texture":"#0"},"south":{"uv":[4.75,7.8125,4.84375,7.84375],"tintindex":0,"rotation":0,"texture":"#0"},"north":{"uv":[4.75,7.8125,4.84375,7.84375],"tintindex":0,"rotation":0,"texture":"#0"},"west":{"uv":[4.75,7.8125,4.84375,7.84375],"tintindex":0,"rotation":0,"texture":"#0"},"up":{"uv":[4.75,7.8125,4.84375,7.84375],"tintindex":0,"rotation":0,"texture":"#0"},"down":{"uv":[4.75,7.8125,4.84375,7.84375],"tintindex":0,"rotation":0,"texture":"#0"}},"rotation":{"origin":[8.0,8.0,8.0],"angle":-45.0,"axis":"x"}},{"from":[7.6112,7.355522,4.7599998],"to":[8.3888,8.644478,5.2784],"faces":{"east":{"uv":[4.75,7.8125,4.84375,7.84375],"tintindex":0,"rotation":0,"texture":"#0"},"south":{"uv":[4.75,7.8125,4.84375,7.84375],"tintindex":0,"rotation":0,"texture":"#0"},"north":{"uv":[4.75,7.8125,4.84375,7.84375],"tintindex":0,"rotation":0,"texture":"#0"},"west":{"uv":[4.75,7.8125,4.84375,7.84375],"tintindex":0,"rotation":0,"texture":"#0"},"up":{"uv":[4.75,7.8125,4.84375,7.84375],"tintindex":0,"rotation":0,"texture":"#0"},"down":{"uv":[4.75,7.8125,4.84375,7.84375],"tintindex":0,"rotation":0,"texture":"#0"}},"rotation":{"origin":[8.0,8.0,8.0],"angle":-22.5,"axis":"x"}},{"from":[7.6112,10.721603,7.355524],"to":[8.3888,11.239998,8.644476],"faces":{"east":{"uv":[4.75,7.8125,4.84375,7.84375],"tintindex":0,"rotation":0,"texture":"#0"},"south":{"uv":[4.75,7.8125,4.84375,7.84375],"tintindex":0,"rotation":0,"texture":"#0"},"north":{"uv":[4.75,7.8125,4.84375,7.84375],"tintindex":0,"rotation":0,"texture":"#0"},"west":{"uv":[4.75,7.8125,4.84375,7.84375],"tintindex":0,"rotation":0,"texture":"#0"},"up":{"uv":[4.75,7.8125,4.84375,7.84375],"tintindex":0,"rotation":0,"texture":"#0"},"down":{"uv":[4.75,7.8125,4.84375,7.84375],"tintindex":0,"rotation":0,"texture":"#0"}},"rotation":{"origin":[8.0,8.0,8.0],"angle":22.5,"axis":"x"}},{"from":[7.6112,7.355522,10.7216],"to":[8.3888,8.644478,11.24],"faces":{"east":{"uv":[4.75,7.8125,4.84375,7.84375],"tintindex":0,"rotation":0,"texture":"#0"},"south":{"uv":[4.75,7.8125,4.84375,7.84375],"tintindex":0,"rotation":0,"texture":"#0"},"north":{"uv":[4.75,7.8125,4.84375,7.84375],"tintindex":0,"rotation":0,"texture":"#0"},"west":{"uv":[4.75,7.8125,4.84375,7.84375],"tintindex":0,"rotation":0,"texture":"#0"},"up":{"uv":[4.75,7.8125,4.84375,7.84375],"tintindex":0,"rotation":0,"texture":"#0"},"down":{"uv":[4.75,7.8125,4.84375,7.84375],"tintindex":0,"rotation":0,"texture":"#0"}},"rotation":{"origin":[8.0,8.0,8.0],"angle":45.0,"axis":"x"}},{"from":[7.6112,4.7599983,7.355524],"to":[8.3888,5.2784004,8.644476],"faces":{"east":{"uv":[4.75,7.8125,4.84375,7.84375],"tintindex":0,"rotation":0,"texture":"#0"},"south":{"uv":[4.75,7.8125,4.84375,7.84375],"tintindex":0,"rotation":0,"texture":"#0"},"north":{"uv":[4.75,7.8125,4.84375,7.84375],"tintindex":0,"rotation":0,"texture":"#0"},"west":{"uv":[4.75,7.8125,4.84375,7.84375],"tintindex":0,"rotation":0,"texture":"#0"},"up":{"uv":[4.75,7.8125,4.84375,7.84375],"tintindex":0,"rotation":0,"texture":"#0"},"down":{"uv":[4.75,7.8125,4.84375,7.84375],"tintindex":0,"rotation":0,"texture":"#0"}}},{"from":[7.6112,7.355522,10.7216],"to":[8.3888,8.644478,11.24],"faces":{"east":{"uv":[4.75,7.8125,4.84375,7.84375],"tintindex":0,"rotation":0,"texture":"#0"},"south":{"uv":[4.75,7.8125,4.84375,7.84375],"tintindex":0,"rotation":0,"texture":"#0"},"north":{"uv":[4.75,7.8125,4.84375,7.84375],"tintindex":0,"rotation":0,"texture":"#0"},"west":{"uv":[4.75,7.8125,4.84375,7.84375],"tintindex":0,"rotation":0,"texture":"#0"},"up":{"uv":[4.75,7.8125,4.84375,7.84375],"tintindex":0,"rotation":0,"texture":"#0"},"down":{"uv":[4.75,7.8125,4.84375,7.84375],"tintindex":0,"rotation":0,"texture":"#0"}}},{"from":[7.6112,4.7599983,7.355524],"to":[8.3888,5.2784004,8.644476],"faces":{"east":{"uv":[4.75,7.8125,4.84375,7.84375],"tintindex":0,"rotation":0,"texture":"#0"},"south":{"uv":[4.75,7.8125,4.84375,7.84375],"tintindex":0,"rotation":0,"texture":"#0"},"north":{"uv":[4.75,7.8125,4.84375,7.84375],"tintindex":0,"rotation":0,"texture":"#0"},"west":{"uv":[4.75,7.8125,4.84375,7.84375],"tintindex":0,"rotation":0,"texture":"#0"},"up":{"uv":[4.75,7.8125,4.84375,7.84375],"tintindex":0,"rotation":0,"texture":"#0"},"down":{"uv":[4.75,7.8125,4.84375,7.84375],"tintindex":0,"rotation":0,"texture":"#0"}},"rotation":{"origin":[8.0,8.0,8.0],"angle":-22.5,"axis":"x"}},{"from":[7.6112,7.355522,4.7599998],"to":[8.3888,8.644478,5.2784],"faces":{"east":{"uv":[4.75,7.8125,4.84375,7.84375],"tintindex":0,"rotation":0,"texture":"#0"},"south":{"uv":[4.75,7.8125,4.84375,7.84375],"tintindex":0,"rotation":0,"texture":"#0"},"north":{"uv":[4.75,7.8125,4.84375,7.84375],"tintindex":0,"rotation":0,"texture":"#0"},"west":{"uv":[4.75,7.8125,4.84375,7.84375],"tintindex":0,"rotation":0,"texture":"#0"},"up":{"uv":[4.75,7.8125,4.84375,7.84375],"tintindex":0,"rotation":0,"texture":"#0"},"down":{"uv":[4.75,7.8125,4.84375,7.84375],"tintindex":0,"rotation":0,"texture":"#0"}},"rotation":{"origin":[8.0,8.0,8.0],"angle":45.0,"axis":"x"}},{"from":[7.6112,7.355522,10.7216],"to":[8.3888,8.644478,11.24],"faces":{"east":{"uv":[4.75,7.8125,4.84375,7.84375],"tintindex":0,"rotation":0,"texture":"#0"},"south":{"uv":[4.75,7.8125,4.84375,7.84375],"tintindex":0,"rotation":0,"texture":"#0"},"north":{"uv":[4.75,7.8125,4.84375,7.84375],"tintindex":0,"rotation":0,"texture":"#0"},"west":{"uv":[4.75,7.8125,4.84375,7.84375],"tintindex":0,"rotation":0,"texture":"#0"},"up":{"uv":[4.75,7.8125,4.84375,7.84375],"tintindex":0,"rotation":0,"texture":"#0"},"down":{"uv":[4.75,7.8125,4.84375,7.84375],"tintindex":0,"rotation":0,"texture":"#0"}},"rotation":{"origin":[8.0,8.0,8.0],"angle":-45.0,"axis":"x"}},{"from":[7.6112,7.355522,4.7599998],"to":[8.3888,8.644478,5.2784],"faces":{"east":{"uv":[4.75,7.8125,4.84375,7.84375],"tintindex":0,"rotation":0,"texture":"#0"},"south":{"uv":[4.75,7.8125,4.84375,7.84375],"tintindex":0,"rotation":0,"texture":"#0"},"north":{"uv":[4.75,7.8125,4.84375,7.84375],"tintindex":0,"rotation":0,"texture":"#0"},"west":{"uv":[4.75,7.8125,4.84375,7.84375],"tintindex":0,"rotation":0,"texture":"#0"},"up":{"uv":[4.75,7.8125,4.84375,7.84375],"tintindex":0,"rotation":0,"texture":"#0"},"down":{"uv":[4.75,7.8125,4.84375,7.84375],"tintindex":0,"rotation":0,"texture":"#0"}}},{"from":[7.6112,7.355522,4.7599998],"to":[8.3888,8.644478,5.2784],"faces":{"east":{"uv":[4.75,7.8125,4.84375,7.84375],"tintindex":0,"rotation":0,"texture":"#0"},"south":{"uv":[4.75,7.8125,4.84375,7.84375],"tintindex":0,"rotation":0,"texture":"#0"},"north":{"uv":[4.75,7.8125,4.84375,7.84375],"tintindex":0,"rotation":0,"texture":"#0"},"west":{"uv":[4.75,7.8125,4.84375,7.84375],"tintindex":0,"rotation":0,"texture":"#0"},"up":{"uv":[4.75,7.8125,4.84375,7.84375],"tintindex":0,"rotation":0,"texture":"#0"},"down":{"uv":[4.75,7.8125,4.84375,7.84375],"tintindex":0,"rotation":0,"texture":"#0"}},"rotation":{"origin":[8.0,8.0,8.0],"angle":22.5,"axis":"x"}},{"from":[7.6112,7.355522,10.7216],"to":[8.3888,8.644478,11.24],"faces":{"east":{"uv":[4.75,7.8125,4.84375,7.84375],"tintindex":0,"rotation":0,"texture":"#0"},"south":{"uv":[4.75,7.8125,4.84375,7.84375],"tintindex":0,"rotation":0,"texture":"#0"},"north":{"uv":[4.75,7.8125,4.84375,7.84375],"tintindex":0,"rotation":0,"texture":"#0"},"west":{"uv":[4.75,7.8125,4.84375,7.84375],"tintindex":0,"rotation":0,"texture":"#0"},"up":{"uv":[4.75,7.8125,4.84375,7.84375],"tintindex":0,"rotation":0,"texture":"#0"},"down":{"uv":[4.75,7.8125,4.84375,7.84375],"tintindex":0,"rotation":0,"texture":"#0"}},"rotation":{"origin":[8.0,8.0,8.0],"angle":-22.5,"axis":"x"}},{"from":[7.6112,10.721603,7.355524],"to":[8.3888,11.239998,8.644476],"faces":{"east":{"uv":[4.75,7.8125,4.84375,7.84375],"tintindex":0,"rotation":0,"texture":"#0"},"south":{"uv":[4.75,7.8125,4.84375,7.84375],"tintindex":0,"rotation":0,"texture":"#0"},