{"textures":{"0":"modelengine:entity/minotaur"},"elements":[{"from":[9.4,7.9000015,7.7],"to":[11.7,10.099998,13.2],"faces":{"east":{"uv":[11.5,0.3125,11.84375,0.4375],"tintindex":0,"rotation":0,"texture":"#0"},"south":{"uv":[12.75,1.25,12.90625,1.375],"tintindex":0,"rotation":0,"texture":"#0"},"north":{"uv":[12.75,0.6875,12.90625,0.8125],"tintindex":0,"rotation":0,"texture":"#0"},"west":{"uv":[12.25,1.9375,12.59375,2.0625],"tintindex":0,"rotation":0,"texture":"#0"},"up":{"uv":[5.21875,12.71875,5.0625,12.375],"tintindex":0,"rotation":0,"texture":"#0"},"down":{"uv":[5.46875,12.375,5.3125,12.71875],"tintindex":0,"rotation":0,"texture":"#0"}}},{"from":[2.4,7.9000015,7.7],"to":[4.7,10.099998,13.2],"faces":{"east":{"uv":[6.375,7.6875,6.71875,7.8125],"tintindex":0,"rotation":0,"texture":"#0"},"south":{"uv":[0.5625,12.75,0.71875,12.875],"tintindex":0,"rotation":0,"texture":"#0"},"north":{"uv":[12.6875,10.875,12.84375,11.0],"tintindex":0,"rotation":0,"texture":"#0"},"west":{"uv":[10.25,4.625,10.59375,4.75],"tintindex":0,"rotation":0,"texture":"#0"},"up":{"uv":[4.21875,12.71875,4.0625,12.375],"tintindex":0,"rotation":0,"texture":"#0"},"down":{"uv":[4.46875,12.375,4.3125,12.71875],"tintindex":0,"rotation":0,"texture":"#0"}}},{"from":[2.4,3.0999985,7.2],"to":[4.7,5.299999,14.2],"faces":{"east":{"uv":[8.75,3.0,9.1875,3.125],"tintindex":0,"rotation":0,"texture":"#0"},"south":{"uv":[12.75,3.375,12.90625,3.5],"tintindex":0,"rotation":0,"texture":"#0"},"north":{"uv":[12.75,3.1875,12.90625,3.3125],"tintindex":0,"rotation":0,"texture":"#0"},"west":{"uv":[12.1875,2.5,12.625,2.625],"tintindex":0,"rotation":0,"texture":"#0"},"up":{"uv":[1.65625,7.875,1.5,7.4375],"tintindex":0,"rotation":0,"texture":"#0"},"down":{"uv":[4.53125,10.25,4.375,10.6875],"tintindex":0,"rotation":0,"texture":"#0"}}},{"from":[9.4,3.0999985,7.2],"to":[11.7,5.299999,14.2],"faces":{"east":{"uv":[5.4375,1.25,5.875,1.375],"tintindex":0,"rotation":0,"texture":"#0"},"south":{"uv":[12.75,2.125,12.90625,2.25],"tintindex":0,"rotation":0,"texture":"#0"},"north":{"uv":[12.75,1.4375,12.90625,1.5625],"tintindex":0,"rotation":0,"texture":"#0"},"west":{"uv":[7.5,4.4375,7.9375,4.5625],"tintindex":0,"rotation":0,"texture":"#0"},"up":{"uv":[2.78125,5.4375,2.625,5.0],"tintindex":0,"rotation":0,"texture":"#0"},"down":{"uv":[7.21875,2.5,7.0625,2.9375],"tintindex":0,"rotation":0,"texture":"#0"}}}],"display":{"gui":{"rotation":[30,225,0]}}}